strike,expiry,days_to_expiry,option_type,market_price,implied_vol,moneyness
730.0,2026-09-21,3,call,31.995,0.240774,-0.042298
750.0,2026-09-21,3,call,11.85,0.058734,-0.015269
751.0,2026-09-21,3,call,10.855,0.061235,-0.013937
752.0,2026-09-21,3,call,9.91,0.076386,-0.012606
753.0,2026-09-21,3,call,8.96,0.07813,-0.011277
754.0,2026-09-21,3,call,8.05,0.081108,-0.00995
755.0,2026-09-21,3,call,7.095,0.077083,-0.008625
756.0,2026-09-21,3,call,6.195,0.075947,-0.007301
757.0,2026-09-21,3,call,5.325,0.074567,-0.005979
758.0,2026-09-21,3,call,4.485,0.072625,-0.004659
759.0,2026-09-21,3,call,3.685,0.070338,-0.003341
760.0,2026-09-21,3,call,2.955,0.068555,-0.002024
761.0,2026-09-21,3,call,2.265,0.065633,-0.000709
762.0,2026-09-21,3,call,1.695,0.064165,0.000604
763.0,2026-09-21,3,call,1.225,0.063069,0.001915
764.0,2026-09-21,3,call,0.835,0.061507,0.003225
765.0,2026-09-21,3,call,0.545,0.060378,0.004533
766.0,2026-09-21,3,call,0.335,0.059256,0.005839
767.0,2026-09-21,3,call,0.195,0.058356,0.007144
768.0,2026-09-21,3,call,0.105,0.05736,0.008447
769.0,2026-09-21,3,call,0.055,0.056913,0.009748
770.0,2026-09-21,3,call,0.025,0.055843,0.011048
771.0,2026-09-21,3,call,0.015,0.05746,0.012346
772.0,2026-09-21,3,call,0.015,0.062855,0.013642
773.0,2026-09-21,3,call,0.015,0.06819,0.014936
675.0,2026-09-21,3,put,0.015,0.45718,-0.12063
680.0,2026-09-21,3,put,0.015,0.431608,-0.11325
685.0,2026-09-21,3,put,0.015,0.406113,-0.105924
690.0,2026-09-21,3,put,0.015,0.380684,-0.098651
695.0,2026-09-21,3,put,0.015,0.35531,-0.091431
700.0,2026-09-21,3,put,0.015,0.329977,-0.084262
705.0,2026-09-21,3,put,0.015,0.304671,-0.077145
710.0,2026-09-21,3,put,0.025,0.294167,-0.070078
715.0,2026-09-21,3,put,0.025,0.267741,-0.06306
718.0,2026-09-21,3,put,0.025,0.251862,-0.058873
719.0,2026-09-21,3,put,0.025,0.246564,-0.057481
720.0,2026-09-21,3,put,0.025,0.241262,-0.056091
721.0,2026-09-21,3,put,0.025,0.235957,-0.054704
722.0,2026-09-21,3,put,0.025,0.230648,-0.053318
723.0,2026-09-21,3,put,0.025,0.225335,-0.051933
724.0,2026-09-21,3,put,0.025,0.220017,-0.050551
725.0,2026-09-21,3,put,0.025,0.214695,-0.049171
726.0,2026-09-21,3,put,0.025,0.209367,-0.047793
727.0,2026-09-21,3,put,0.035,0.212119,-0.046416
728.0,2026-09-21,3,put,0.035,0.206608,-0.045042
729.0,2026-09-21,3,put,0.035,0.201089,-0.043669
730.0,2026-09-21,3,put,0.035,0.195562,-0.042298
731.0,2026-09-21,3,put,0.035,0.190027,-0.040929
732.0,2026-09-21,3,put,0.035,0.184482,-0.039562
733.0,2026-09-21,3,put,0.035,0.178927,-0.038197
734.0,2026-09-21,3,put,0.035,0.173362,-0.036834
735.0,2026-09-21,3,put,0.035,0.167785,-0.035472
736.0,2026-09-21,3,put,0.035,0.162195,-0.034113
737.0,2026-09-21,3,put,0.035,0.156592,-0.032755
738.0,2026-09-21,3,put,0.035,0.150974,-0.031399
739.0,2026-09-21,3,put,0.045,0.150221,-0.030045
740.0,2026-09-21,3,put,0.045,0.144422,-0.028692
741.0,2026-09-21,3,put,0.045,0.138603,-0.027342
742.0,2026-09-21,3,put,0.045,0.132763,-0.025993
743.0,2026-09-21,3,put,0.055,0.130582,-0.024647
744.0,2026-09-21,3,put,0.055,0.124562,-0.023302
745.0,2026-09-21,3,put,0.065,0.121549,-0.021958
746.0,2026-09-21,3,put,0.065,0.11535,-0.020617
747.0,2026-09-21,3,put,0.075,0.111653,-0.019277
748.0,2026-09-21,3,put,0.085,0.107505,-0.01794
749.0,2026-09-21,3,put,0.105,0.104835,-0.016604
750.0,2026-09-21,3,put,0.125,0.101358,-0.015269
751.0,2026-09-21,3,put,0.145,0.097221,-0.013937
752.0,2026-09-21,3,put,0.185,0.094879,-0.012606
753.0,2026-09-21,3,put,0.235,0.092403,-0.011277
754.0,2026-09-21,3,put,0.295,0.089593,-0.00995
755.0,2026-09-21,3,put,0.365,0.086319,-0.008625
756.0,2026-09-21,3,put,0.465,0.083709,-0.007301
757.0,2026-09-21,3,put,0.575,0.080142,-0.005979
758.0,2026-09-21,3,put,0.735,0.077499,-0.004659
759.0,2026-09-21,3,put,0.945,0.075122,-0.003341
760.0,2026-09-21,3,put,1.205,0.072551,-0.002024
761.0,2026-09-21,3,put,1.555,0.070901,-0.000709
762.0,2026-09-21,3,put,1.985,0.069362,0.000604
763.0,2026-09-21,3,put,2.51,0.068256,0.001915
764.0,2026-09-21,3,put,3.12,0.067165,0.003225
765.0,2026-09-21,3,put,3.79,0.065058,0.004533
766.0,2026-09-21,3,put,4.59,0.065556,0.005839
767.0,2026-09-21,3,put,5.48,0.068449,0.007144
774.0,2026-09-21,3,put,12.525,0.13059,0.016229
777.0,2026-09-21,3,put,15.51,0.152445,0.020098
750.0,2026-09-22,4,call,12.205,0.102706,-0.015269
753.0,2026-09-22,4,call,9.44,0.098477,-0.011277
754.0,2026-09-22,4,call,8.555,0.097073,-0.00995
755.0,2026-09-22,4,call,7.64,0.093041,-0.008625
756.0,2026-09-22,4,call,6.79,0.091147,-0.007301
757.0,2026-09-22,4,call,5.995,0.090242,-0.005979
758.0,2026-09-22,4,call,5.17,0.086756,-0.004659
759.0,2026-09-22,4,call,4.425,0.084839,-0.003341
760.0,2026-09-22,4,call,3.72,0.082698,-0.002024
761.0,2026-09-22,4,call,3.065,0.080485,-0.000709
762.0,2026-09-22,4,call,2.5,0.079272,0.000604
763.0,2026-09-22,4,call,1.965,0.077008,0.001915
764.0,2026-09-22,4,call,1.525,0.075656,0.003225
765.0,2026-09-22,4,call,1.125,0.073352,0.004533
766.0,2026-09-22,4,call,0.825,0.072223,0.005839
767.0,2026-09-22,4,call,0.585,0.071067,0.007144
768.0,2026-09-22,4,call,0.395,0.069634,0.008447
769.0,2026-09-22,4,call,0.255,0.068219,0.009748
770.0,2026-09-22,4,call,0.165,0.067623,0.011048
771.0,2026-09-22,4,call,0.095,0.065996,0.012346
772.0,2026-09-22,4,call,0.055,0.065175,0.013642
773.0,2026-09-22,4,call,0.035,0.065732,0.014936
774.0,2026-09-22,4,call,0.025,0.067466,0.016229
775.0,2026-09-22,4,call,0.015,0.067678,0.01752
776.0,2026-09-22,4,call,0.015,0.072171,0.01881
777.0,2026-09-22,4,call,0.015,0.076629,0.020098
778.0,2026-09-22,4,call,0.015,0.081052,0.021384
655.0,2026-09-22,4,put,0.015,0.485734,-0.150707
665.0,2026-09-22,4,put,0.015,0.44086,-0.135556
670.0,2026-09-22,4,put,0.015,0.418559,-0.128065
680.0,2026-09-22,4,put,0.015,0.374196,-0.11325
690.0,2026-09-22,4,put,0.025,0.346701,-0.098651
695.0,2026-09-22,4,put,0.025,0.323796,-0.091431
700.0,2026-09-22,4,put,0.035,0.31174,-0.084262
705.0,2026-09-22,4,put,0.035,0.288197,-0.077145
710.0,2026-09-22,4,put,0.045,0.272299,-0.070078
715.0,2026-09-22,4,put,0.045,0.248159,-0.06306
718.0,2026-09-22,4,put,0.055,0.239411,-0.058873
719.0,2026-09-22,4,put,0.055,0.234471,-0.057481
720.0,2026-09-22,4,put,0.055,0.229527,-0.056091
721.0,2026-09-22,4,put,0.055,0.224578,-0.054704
722.0,2026-09-22,4,put,0.055,0.219625,-0.053318
723.0,2026-09-22,4,put,0.065,0.219321,-0.051933
724.0,2026-09-22,4,put,0.065,0.214272,-0.050551
725.0,2026-09-22,4,put,0.065,0.209217,-0.049171
726.0,2026-09-22,4,put,0.065,0.204155,-0.047793
727.0,2026-09-22,4,put,0.065,0.199086,-0.046416
728.0,2026-09-22,4,put,0.065,0.194009,-0.045042
729.0,2026-09-22,4,put,0.075,0.192651,-0.043669
730.0,2026-09-22,4,put,0.075,0.187478,-0.042298
731.0,2026-09-22,4,put,0.075,0.182296,-0.040929
732.0,2026-09-22,4,put,0.085,0.180298,-0.039562
733.0,2026-09-22,4,put,0.085,0.175022,-0.038197
734.0,2026-09-22,4,put,0.095,0.172557,-0.036834
735.0,2026-09-22,4,put,0.095,0.167187,-0.035472
736.0,2026-09-22,4,put,0.095,0.161802,-0.034113
737.0,2026-09-22,4,put,0.105,0.158852,-0.032755
738.0,2026-09-22,4,put,0.115,0.155617,-0.031399
739.0,2026-09-22,4,put,0.125,0.152128,-0.030045
740.0,2026-09-22,4,put,0.135,0.148407,-0.028692
741.0,2026-09-22,4,put,0.145,0.144473,-0.027342
742.0,2026-09-22,4,put,0.155,0.140338,-0.025993
743.0,2026-09-22,4,put,0.175,0.137511,-0.024647
744.0,2026-09-22,4,put,0.195,0.134274,-0.023302
745.0,2026-09-22,4,put,0.215,0.130673,-0.021958
746.0,2026-09-22,4,put,0.245,0.127863,-0.020617
747.0,2026-09-22,4,put,0.275,0.12456,-0.019277
748.0,2026-09-22,4,put,0.315,0.121734,-0.01794
749.0,2026-09-22,4,put,0.355,0.118351,-0.016604
750.0,2026-09-22,4,put,0.405,0.115222,-0.015269
751.0,2026-09-22,4,put,0.465,0.112187,-0.013937
752.0,2026-09-22,4,put,0.54,0.109424,-0.012606
753.0,2026-09-22,4,put,0.62,0.106187,-0.011277
754.0,2026-09-22,4,put,0.725,0.103486,-0.00995
755.0,2026-09-22,4,put,0.855,0.101049,-0.008625
756.0,2026-09-22,4,put,0.99,0.097814,-0.007301
757.0,2026-09-22,4,put,1.19,0.096148,-0.005979
758.0,2026-09-22,4,put,1.395,0.093374,-0.004659
759.0,2026-09-22,4,put,1.635,0.090552,-0.003341
760.0,2026-09-22,4,put,1.93,0.088155,-0.002024
761.0,2026-09-22,4,put,2.27,0.08563,-0.000709
762.0,2026-09-22,4,put,2.705,0.084378,0.000604
763.0,2026-09-22,4,put,3.16,0.081879,0.001915
764.0,2026-09-22,4,put,3.7,0.08008,0.003225
765.0,2026-09-22,4,put,4.345,0.079711,0.004533
766.0,2026-09-22,4,put,5.065,0.080029,0.005839
767.0,2026-09-22,4,put,5.775,0.077803,0.007144
768.0,2026-09-22,4,put,6.605,0.07862,0.008447
769.0,2026-09-22,4,put,7.475,0.079733,0.009748
776.0,2026-09-22,4,put,14.515,0.133355,0.01881
745.0,2026-09-23,5,call,17.26,0.116882,-0.021958
747.0,2026-09-23,5,call,15.365,0.115384,-0.019277
749.0,2026-09-23,5,call,13.485,0.111959,-0.016604
750.0,2026-09-23,5,call,12.54,0.108972,-0.015269
753.0,2026-09-23,5,call,9.88,0.105422,-0.011277
754.0,2026-09-23,5,call,9.0,0.102848,-0.00995
755.0,2026-09-23,5,call,8.13,0.099924,-0.008625
756.0,2026-09-23,5,call,7.34,0.099129,-0.007301
757.0,2026-09-23,5,call,6.535,0.096743,-0.005979
758.0,2026-09-23,5,call,5.755,0.094197,-0.004659
759.0,2026-09-23,5,call,5.035,0.092448,-0.003341
760.0,2026-09-23,5,call,4.335,0.090111,-0.002024
761.0,2026-09-23,5,call,3.695,0.088254,-0.000709
762.0,2026-09-23,5,call,3.12,0.086876,0.000604
763.0,2026-09-23,5,call,2.575,0.084898,0.001915
764.0,2026-09-23,5,call,2.08,0.082794,0.003225
765.0,2026-09-23,5,call,1.655,0.081086,0.004533
766.0,2026-09-23,5,call,1.305,0.079974,0.005839
767.0,2026-09-23,5,call,0.99,0.07822,0.007144
768.0,2026-09-23,5,call,0.74,0.076902,0.008447
769.0,2026-09-23,5,call,0.545,0.075915,0.009748
770.0,2026-09-23,5,call,0.395,0.075153,0.011048
771.0,2026-09-23,5,call,0.275,0.074105,0.012346
772.0,2026-09-23,5,call,0.175,0.072121,0.013642
773.0,2026-09-23,5,call,0.115,0.071318,0.014936
774.0,2026-09-23,5,call,0.075,0.070827,0.016229
775.0,2026-09-23,5,call,0.055,0.071944,0.01752
776.0,2026-09-23,5,call,0.035,0.071611,0.01881
777.0,2026-09-23,5,call,0.025,0.07259,0.020098
778.0,2026-09-23,5,call,0.025,0.076752,0.021384
779.0,2026-09-23,5,call,0.015,0.076004,0.022668
780.0,2026-09-23,5,call,0.015,0.079908,0.023951
781.0,2026-09-23,5,call,0.015,0.083785,0.025232
782.0,2026-09-23,5,call,0.015,0.087639,0.026512
783.0,2026-09-23,5,call,0.015,0.09147,0.02779
784.0,2026-09-23,5,call,0.015,0.095279,0.029066
785.0,2026-09-23,5,call,0.015,0.099067,0.030341
786.0,2026-09-23,5,call,0.015,0.102836,0.031614
625.0,2026-09-23,5,put,0.015,0.557551,-0.197591
630.0,2026-09-23,5,put,0.015,0.536825,-0.189623
640.0,2026-09-23,5,put,0.015,0.49571,-0.173874
650.0,2026-09-23,5,put,0.015,0.455016,-0.15837
660.0,2026-09-23,5,put,0.015,0.414706,-0.143103
665.0,2026-09-23,5,put,0.015,0.394681,-0.135556
670.0,2026-09-23,5,put,0.025,0.392896,-0.128065
675.0,2026-09-23,5,put,0.025,0.372205,-0.12063
680.0,2026-09-23,5,put,0.025,0.351579,-0.11325
690.0,2026-09-23,5,put,0.035,0.32138,-0.098651
695.0,2026-09-23,5,put,0.035,0.300295,-0.091431
700.0,2026-09-23,5,put,0.045,0.287066,-0.084262
705.0,2026-09-23,5,put,0.045,0.265525,-0.077145
710.0,2026-09-23,5,put,0.055,0.249812,-0.070078
715.0,2026-09-23,5,put,0.065,0.232574,-0.06306
718.0,2026-09-23,5,put,0.075,0.223206,-0.058873
719.0,2026-09-23,5,put,0.075,0.218647,-0.057481
720.0,2026-09-23,5,put,0.075,0.214084,-0.056091
721.0,2026-09-23,5,put,0.085,0.213068,-0.054704
722.0,2026-09-23,5,put,0.085,0.208435,-0.053318
723.0,2026-09-23,5,put,0.085,0.203796,-0.051933
724.0,2026-09-23,5,put,0.095,0.202265,-0.050551
725.0,2026-09-23,5,put,0.095,0.197558,-0.049171
726.0,2026-09-23,5,put,0.095,0.192844,-0.047793
727.0,2026-09-23,5,put,0.105,0.190869,-0.046416
728.0,2026-09-23,5,put,0.105,0.186086,-0.045042
729.0,2026-09-23,5,put,0.115,0.183776,-0.043669
730.0,2026-09-23,5,put,0.115,0.178926,-0.042298
731.0,2026-09-23,5,put,0.125,0.176317,-0.040929
732.0,2026-09-23,5,put,0.135,0.173493,-0.039562
733.0,2026-09-23,5,put,0.145,0.170474,-0.038197
734.0,2026-09-23,5,put,0.155,0.167275,-0.036834
735.0,2026-09-23,5,put,0.165,0.16391,-0.035472
736.0,2026-09-23,5,put,0.175,0.160388,-0.034113
737.0,2026-09-23,5,put,0.185,0.156719,-0.032755
738.0,2026-09-23,5,put,0.205,0.154315,-0.031399
739.0,2026-09-23,5,put,0.215,0.150297,-0.030045
740.0,2026-09-23,5,put,0.235,0.147386,-0.028692
741.0,2026-09-23,5,put,0.265,0.145326,-0.027342
742.0,2026-09-23,5,put,0.285,0.141823,-0.025993
743.0,2026-09-23,5,put,0.325,0.140008,-0.024647
744.0,2026-09-23,5,put,0.355,0.136835,-0.023302
745.0,2026-09-23,5,put,0.385,0.133357,-0.021958
746.0,2026-09-23,5,put,0.43,0.130728,-0.020617
747.0,2026-09-23,5,put,0.475,0.127673,-0.019277
748.0,2026-09-23,5,put,0.535,0.125188,-0.01794
749.0,2026-09-23,5,put,0.595,0.122203,-0.016604
750.0,2026-09-23,5,put,0.67,0.119577,-0.015269
751.0,2026-09-23,5,put,0.765,0.11741,-0.013937
752.0,2026-09-23,5,put,0.86,0.114597,-0.012606
753.0,2026-09-23,5,put,0.985,0.112477,-0.011277
754.0,2026-09-23,5,put,1.115,0.109825,-0.00995
755.0,2026-09-23,5,put,1.255,0.106836,-0.008625
756.0,2026-09-23,5,put,1.435,0.104524,-0.007301
757.0,2026-09-23,5,put,1.63,0.101842,-0.005979
758.0,2026-09-23,5,put,1.875,0.099836,-0.004659
759.0,2026-09-23,5,put,2.135,0.097253,-0.003341
760.0,2026-09-23,5,put,2.465,0.09564,-0.002024
761.0,2026-09-23,5,put,2.83,0.093818,-0.000709
762.0,2026-09-23,5,put,3.225,0.091565,0.000604
763.0,2026-09-23,5,put,3.68,0.089637,0.001915
764.0,2026-09-23,5,put,4.195,0.087961,0.003225
765.0,2026-09-23,5,put,4.78,0.086807,0.004533
766.0,2026-09-23,5,put,5.44,0.086412,0.005839
767.0,2026-09-23,5,put,6.13,0.085441,0.007144
768.0,2026-09-23,5,put,6.885,0.085163,0.008447
769.0,2026-09-23,5,put,7.705,0.08595,0.009748
770.0,2026-09-23,5,put,8.555,0.086736,0.011048
771.0,2026-09-23,5,put,9.49,0.090608,0.012346
746.0,2026-09-24,6,call,16.54,0.116902,-0.020617
749.0,2026-09-24,6,call,13.82,0.115859,-0.016604
750.0,2026-09-24,6,call,12.88,0.112449,-0.015269
751.0,2026-09-24,6,call,11.985,0.110698,-0.013937
752.0,2026-09-24,6,call,11.05,0.106673,-0.012606
753.0,2026-09-24,6,call,10.265,0.108084,-0.011277
754.0,2026-09-24,6,call,9.415,0.10607,-0.00995
755.0,2026-09-24,6,call,8.63,0.105531,-0.008625
756.0,2026-09-24,6,call,7.82,0.103332,-0.007301
757.0,2026-09-24,6,call,7.02,0.100691,-0.005979
758.0,2026-09-24,6,call,6.335,0.100548,-0.004659
759.0,2026-09-24,6,call,5.61,0.098318,-0.003341
760.0,2026-09-24,6,call,4.94,0.096643,-0.002024
761.0,2026-09-24,6,call,4.285,0.094368,-0.000709
762.0,2026-09-24,6,call,3.72,0.093366,0.000604
763.0,2026-09-24,6,call,3.165,0.091501,0.001915
764.0,2026-09-24,6,call,2.65,0.089487,0.003225
765.0,2026-09-24,6,call,2.2,0.087932,0.004533
766.0,2026-09-24,6,call,1.8,0.086432,0.005839
767.0,2026-09-24,6,call,1.43,0.084387,0.007144
768.0,2026-09-24,6,call,1.14,0.083327,0.008447
769.0,2026-09-24,6,call,0.89,0.082149,0.009748
770.0,2026-09-24,6,call,0.685,0.08113,0.011048
771.0,2026-09-24,6,call,0.525,0.080502,0.012346
772.0,2026-09-24,6,call,0.375,0.078715,0.013642
773.0,2026-09-24,6,call,0.275,0.078051,0.014936
774.0,2026-09-24,6,call,0.205,0.07801,0.016229
775.0,2026-09-24,6,call,0.145,0.077364,0.01752
776.0,2026-09-24,6,call,0.105,0.077342,0.01881
777.0,2026-09-24,6,call,0.075,0.077317,0.020098
778.0,2026-09-24,6,call,0.045,0.075487,0.021384
779.0,2026-09-24,6,call,0.035,0.076762,0.022668
780.0,2026-09-24,6,call,0.025,0.077178,0.023951
781.0,2026-09-24,6,call,0.025,0.080897,0.025232
782.0,2026-09-24,6,call,0.025,0.084592,0.026512
783.0,2026-09-24,6,call,0.015,0.083126,0.02779
784.0,2026-09-24,6,call,0.015,0.086605,0.029066
785.0,2026-09-24,6,call,0.015,0.090065,0.030341
786.0,2026-09-24,6,call,0.015,0.093506,0.031614
787.0,2026-09-24,6,call,0.015,0.09693,0.032886
788.0,2026-09-24,6,call,0.015,0.100338,0.034155
789.0,2026-09-24,6,call,0.015,0.103729,0.035424
790.0,2026-09-24,6,call,0.015,0.107105,0.03669
791.0,2026-09-24,6,call,0.015,0.110465,0.037955
792.0,2026-09-24,6,call,0.015,0.113811,0.039219
793.0,2026-09-24,6,call,0.015,0.117143,0.040481
615.0,2026-09-24,6,put,0.015,0.547466,-0.21372
625.0,2026-09-24,6,put,0.015,0.509297,-0.197591
650.0,2026-09-24,6,put,0.015,0.4157,-0.15837
660.0,2026-09-24,6,put,0.025,0.396985,-0.143103
665.0,2026-09-24,6,put,0.025,0.377962,-0.135556
675.0,2026-09-24,6,put,0.035,0.351703,-0.12063
680.0,2026-09-24,6,put,0.035,0.332337,-0.11325
690.0,2026-09-24,6,put,0.045,0.301779,-0.098651
695.0,2026-09-24,6,put,0.055,0.288558,-0.091431
700.0,2026-09-24,6,put,0.065,0.27387,-0.084262
705.0,2026-09-24,6,put,0.075,0.258017,-0.077145
710.0,2026-09-24,6,put,0.085,0.241189,-0.070078
715.0,2026-09-24,6,put,0.095,0.223505,-0.06306
718.0,2026-09-24,6,put,0.105,0.213667,-0.058873
719.0,2026-09-24,6,put,0.105,0.209355,-0.057481
720.0,2026-09-24,6,put,0.115,0.207709,-0.056091
721.0,2026-09-24,6,put,0.115,0.203344,-0.054704
722.0,2026-09-24,6,put,0.125,0.201414,-0.053318
723.0,2026-09-24,6,put,0.125,0.196997,-0.051933
724.0,2026-09-24,6,put,0.135,0.194812,-0.050551
725.0,2026-09-24,6,put,0.145,0.192441,-0.049171
726.0,2026-09-24,6,put,0.145,0.187927,-0.047793
727.0,2026-09-24,6,put,0.155,0.185342,-0.046416
728.0,2026-09-24,6,put,0.165,0.1826,-0.045042
729.0,2026-09-24,6,put,0.175,0.179715,-0.043669
730.0,2026-09-24,6,put,0.185,0.176695,-0.042298
731.0,2026-09-24,6,put,0.195,0.173547,-0.040929
732.0,2026-09-24,6,put,0.215,0.171709,-0.039562
733.0,2026-09-24,6,put,0.225,0.16826,-0.038197
734.0,2026-09-24,6,put,0.245,0.165972,-0.036834
735.0,2026-09-24,6,put,0.255,0.162259,-0.035472
736.0,2026-09-24,6,put,0.275,0.159584,-0.034113
737.0,2026-09-24,6,put,0.295,0.156699,-0.032755
738.0,2026-09-24,6,put,0.325,0.154604,-0.031399
739.0,2026-09-24,6,put,0.355,0.152203,-0.030045
740.0,2026-09-24,6,put,0.385,0.149524,-0.028692
741.0,2026-09-24,6,put,0.415,0.146591,-0.027342
742.0,2026-09-24,6,put,0.45,0.143796,-0.025993
743.0,2026-09-24,6,put,0.485,0.140732,-0.024647
744.0,2026-09-24,6,put,0.545,0.139059,-0.023302
745.0,2026-09-24,6,put,0.59,0.136028,-0.021958
746.0,2026-09-24,6,put,0.645,0.133279,-0.020617
747.0,2026-09-24,6,put,0.705,0.130456,-0.019277
748.0,2026-09-24,6,put,0.79,0.128524,-0.01794
749.0,2026-09-24,6,put,0.875,0.126104,-0.016604
750.0,2026-09-24,6,put,0.98,0.1241,-0.015269
751.0,2026-09-24,6,put,1.08,0.121366,-0.013937
752.0,2026-09-24,6,put,1.205,0.119117,-0.012606
753.0,2026-09-24,6,put,1.345,0.116851,-0.011277
754.0,2026-09-24,6,put,1.495,0.114338,-0.00995
755.0,2026-09-24,6,put,1.67,0.11203,-0.008625
756.0,2026-09-24,6,put,1.875,0.109978,-0.007301
757.0,2026-09-24,6,put,2.1,0.107785,-0.005979
758.0,2026-09-24,6,put,2.365,0.105954,-0.004659
759.0,2026-09-24,6,put,2.635,0.103427,-0.003341
760.0,2026-09-24,6,put,2.975,0.101899,-0.002024
761.0,2026-09-24,6,put,3.325,0.099681,-0.000709
762.0,2026-09-24,6,put,3.745,0.098271,0.000604
763.0,2026-09-24,6,put,4.185,0.096315,0.001915
764.0,2026-09-24,6,put,4.725,0.095838,0.003225
765.0,2026-09-24,6,put,5.285,0.094763,0.004533
766.0,2026-09-24,6,put,5.905,0.09415,0.005839
767.0,2026-09-24,6,put,6.57,0.093643,0.007144
770.0,2026-09-24,6,put,8.87,0.094925,0.011048
780.0,2026-09-24,6,put,18.475,0.140625,0.023951
620.0,2026-09-25,7,call,142.135,0.397523,-0.205623
650.0,2026-09-25,7,call,112.175,0.377976,-0.15837
670.0,2026-09-25,7,call,92.21,0.336217,-0.128065
685.0,2026-09-25,7,call,77.24,0.296884,-0.105924
700.0,2026-09-25,7,call,62.28,0.255797,-0.084262
710.0,2026-09-25,7,call,52.295,0.219935,-0.070078
720.0,2026-09-25,7,call,42.355,0.195024,-0.056091
723.0,2026-09-25,7,call,39.405,0.191957,-0.051933
730.0,2026-09-25,7,call,32.495,0.173496,-0.042298
735.0,2026-09-25,7,call,27.575,0.158469,-0.035472
737.0,2026-09-25,7,call,25.65,0.155284,-0.032755
738.0,2026-09-25,7,call,24.665,0.151468,-0.031399
740.0,2026-09-25,7,call,22.525,0.129531,-0.028692
741.0,2026-09-25,7,call,21.565,0.128256,-0.027342
742.0,2026-09-25,7,call,20.755,0.137293,-0.025993
743.0,2026-09-25,7,call,19.76,0.132306,-0.024647
744.0,2026-09-25,7,call,18.775,0.127887,-0.023302
745.0,2026-09-25,7,call,18.165,0.142931,-0.021958
746.0,2026-09-25,7,call,16.955,0.126826,-0.020617
747.0,2026-09-25,7,call,16.035,0.124961,-0.019277
748.0,2026-09-25,7,call,15.205,0.126612,-0.01794
749.0,2026-09-25,7,call,14.31,0.124731,-0.016604
750.0,2026-09-25,7,call,13.42,0.12259,-0.015269
751.0,2026-09-25,7,call,12.585,0.121965,-0.013937
752.0,2026-09-25,7,call,11.7,0.119036,-0.012606
753.0,2026-09-25,7,call,10.85,0.116814,-0.011277
754.0,2026-09-25,7,call,9.99,0.113781,-0.00995
755.0,2026-09-25,7,call,9.26,0.114037,-0.008625
756.0,2026-09-25,7,call,8.445,0.111168,-0.007301
757.0,2026-09-25,7,call,7.675,0.10894,-0.005979
758.0,2026-09-25,7,call,6.965,0.107608,-0.004659
759.0,2026-09-25,7,call,6.265,0.105791,-0.003341
760.0,2026-09-25,7,call,5.58,0.103595,-0.002024
761.0,2026-09-25,7,call,4.925,0.101344,-0.000709
762.0,2026-09-25,7,call,4.345,0.100046,0.000604
763.0,2026-09-25,7,call,3.75,0.0975,0.001915
764.0,2026-09-25,7,call,3.235,0.095921,0.003225
765.0,2026-09-25,7,call,2.77,0.094568,0.004533
766.0,2026-09-25,7,call,2.325,0.092675,0.005839
767.0,2026-09-25,7,call,1.95,0.091492,0.007144
768.0,2026-09-25,7,call,1.595,0.08972,0.008447
769.0,2026-09-25,7,call,1.3,0.088472,0.009748
770.0,2026-09-25,7,call,1.045,0.087258,0.011048
771.0,2026-09-25,7,call,0.825,0.085976,0.012346
772.0,2026-09-25,7,call,0.65,0.085121,0.013642
773.0,2026-09-25,7,call,0.5,0.084055,0.014936
774.0,2026-09-25,7,call,0.385,0.083407,0.016229
775.0,2026-09-25,7,call,0.285,0.082288,0.01752
776.0,2026-09-25,7,call,0.215,0.081872,0.01881
777.0,2026-09-25,7,call,0.155,0.080964,0.020098
778.0,2026-09-25,7,call,0.115,0.080767,0.021384
779.0,2026-09-25,7,call,0.085,0.080686,0.022668
780.0,2026-09-25,7,call,0.065,0.081162,0.023951
781.0,2026-09-25,7,call,0.055,0.082897,0.025232
782.0,2026-09-25,7,call,0.045,0.084191,0.026512
783.0,2026-09-25,7,call,0.035,0.084896,0.02779
784.0,2026-09-25,7,call,0.035,0.08839,0.029066
785.0,2026-09-25,7,call,0.025,0.088092,0.030341
786.0,2026-09-25,7,call,0.025,0.091434,0.031614
787.0,2026-09-25,7,call,0.025,0.094758,0.032886
788.0,2026-09-25,7,call,0.025,0.098065,0.034155
789.0,2026-09-25,7,call,0.015,0.095696,0.035424
790.0,2026-09-25,7,call,0.015,0.098822,0.03669
791.0,2026-09-25,7,call,0.015,0.101935,0.037955
792.0,2026-09-25,7,call,0.015,0.105033,0.039219
793.0,2026-09-25,7,call,0.015,0.108119,0.040481
794.0,2026-09-25,7,call,0.015,0.111192,0.041741
795.0,2026-09-25,7,call,0.015,0.114253,0.042999
796.0,2026-09-25,7,call,0.015,0.117301,0.044257
797.0,2026-09-25,7,call,0.015,0.120338,0.045512
798.0,2026-09-25,7,call,0.015,0.123364,0.046766
799.0,2026-09-25,7,call,0.015,0.126378,0.048018
800.0,2026-09-25,7,call,0.015,0.129382,0.049269
801.0,2026-09-25,7,call,0.015,0.132375,0.050518
802.0,2026-09-25,7,call,0.015,0.135357,0.051766
803.0,2026-09-25,7,call,0.015,0.13833,0.053012
804.0,2026-09-25,7,call,0.015,0.141292,0.054257
805.0,2026-09-25,7,call,0.015,0.144245,0.0555
806.0,2026-09-25,7,call,0.015,0.147188,0.056741
807.0,2026-09-25,7,call,0.015,0.150122,0.057981
808.0,2026-09-25,7,call,0.015,0.153046,0.059219
809.0,2026-09-25,7,call,0.015,0.155962,0.060456
810.0,2026-09-25,7,call,0.015,0.158869,0.061692
580.0,2026-09-25,7,put,0.015,0.634397,-0.272315
585.0,2026-09-25,7,put,0.015,0.615852,-0.263731
590.0,2026-09-25,7,put,0.015,0.597436,-0.25522
595.0,2026-09-25,7,put,0.015,0.579144,-0.246781
600.0,2026-09-25,7,put,0.015,0.560974,-0.238413
605.0,2026-09-25,7,put,0.015,0.542921,-0.230114
610.0,2026-09-25,7,put,0.015,0.524982,-0.221884
615.0,2026-09-25,7,put,0.015,0.507155,-0.21372
620.0,2026-09-25,7,put,0.015,0.489435,-0.205623
625.0,2026-09-25,7,put,0.015,0.471819,-0.197591
630.0,2026-09-25,7,put,0.025,0.475187,-0.189623
635.0,2026-09-25,7,put,0.025,0.457078,-0.181718
640.0,2026-09-25,7,put,0.025,0.439063,-0.173874
645.0,2026-09-25,7,put,0.025,0.421137,-0.166092
650.0,2026-09-25,7,put,0.025,0.403298,-0.15837
655.0,2026-09-25,7,put,0.035,0.398251,-0.150707
660.0,2026-09-25,7,put,0.035,0.380074,-0.143103
665.0,2026-09-25,7,put,0.035,0.361968,-0.135556
670.0,2026-09-25,7,put,0.045,0.352968,-0.128065
675.0,2026-09-25,7,put,0.055,0.341925,-0.12063
680.0,2026-09-25,7,put,0.055,0.323265,-0.11325
685.0,2026-09-25,7,put,0.065,0.31049,-0.105924
690.0,2026-09-25,7,put,0.075,0.296585,-0.098651
695.0,2026-09-25,7,put,0.085,0.281757,-0.091431
700.0,2026-09-25,7,put,0.085,0.26241,-0.084262
705.0,2026-09-25,7,put,0.095,0.246566,-0.077145
710.0,2026-09-25,7,put,0.115,0.232894,-0.070078
715.0,2026-09-25,7,put,0.135,0.217757,-0.06306
720.0,2026-09-25,7,put,0.165,0.203339,-0.056091
721.0,2026-09-25,7,put,0.175,0.200968,-0.054704
722.0,2026-09-25,7,put,0.175,0.196723,-0.053318
723.0,2026-09-25,7,put,0.185,0.19419,-0.051933
724.0,2026-09-25,7,put,0.195,0.191537,-0.050551
725.0,2026-09-25,7,put,0.205,0.188773,-0.049171
726.0,2026-09-25,7,put,0.215,0.185902,-0.047793
727.0,2026-09-25,7,put,0.225,0.18293,-0.046416
728.0,2026-09-25,7,put,0.245,0.181184,-0.045042
729.0,2026-09-25,7,put,0.255,0.177969,-0.043669
730.0,2026-09-25,7,put,0.265,0.174668,-0.042298
731.0,2026-09-25,7,put,0.285,0.172426,-0.040929
732.0,2026-09-25,7,put,0.305,0.169994,-0.039562
733.0,2026-09-25,7,put,0.325,0.167386,-0.038197
734.0,2026-09-25,7,put,0.345,0.164613,-0.036834
735.0,2026-09-25,7,put,0.365,0.161685,-0.035472
736.0,2026-09-25,7,put,0.395,0.15947,-0.034113
737.0,2026-09-25,7,put,0.415,0.156215,-0.032755
738.0,2026-09-25,7,put,0.465,0.15512,-0.031399
739.0,2026-09-25,7,put,0.495,0.15222,-0.030045
740.0,2026-09-25,7,put,0.525,0.149136,-0.028692
741.0,2026-09-25,7,put,0.575,0.147149,-0.027342
742.0,2026-09-25,7,put,0.625,0.144854,-0.025993
743.0,2026-09-25,7,put,0.685,0.142832,-0.024647
744.0,2026-09-25,7,put,0.735,0.139956,-0.023302
745.0,2026-09-25,7,put,0.795,0.13733,-0.021958
746.0,2026-09-25,7,put,0.875,0.135349,-0.020617
747.0,2026-09-25,7,put,0.95,0.13277,-0.019277
748.0,2026-09-25,7,put,1.04,0.130486,-0.01794
749.0,2026-09-25,7,put,1.145,0.128409,-0.016604
750.0,2026-09-25,7,put,1.26,0.12628,-0.015269
751.0,2026-09-25,7,put,1.385,0.124062,-0.013937
752.0,2026-09-25,7,put,1.52,0.121726,-0.012606
753.0,2026-09-25,7,put,1.675,0.119556,-0.011277
754.0,2026-09-25,7,put,1.855,0.117627,-0.00995
755.0,2026-09-25,7,put,2.05,0.115573,-0.008625
756.0,2026-09-25,7,put,2.26,0.113355,-0.007301
757.0,2026-09-25,7,put,2.52,0.111862,-0.005979
758.0,2026-09-25,7,put,2.775,0.109562,-0.004659
759.0,2026-09-25,7,put,3.07,0.107591,-0.003341
760.0,2026-09-25,7,put,3.405,0.105866,-0.002024
761.0,2026-09-25,7,put,3.77,0.104083,-0.000709
762.0,2026-09-25,7,put,4.18,0.10255,0.000604
763.0,2026-09-25,7,put,4.61,0.100626,0.001915
764.0,2026-09-25,7,put,5.09,0.098984,0.003225
765.0,2026-09-25,7,put,5.655,0.098458,0.004533
766.0,2026-09-25,7,put,6.245,0.097606,0.005839
767.0,2026-09-25,7,put,6.85,0.09614,0.007144
768.0,2026-09-25,7,put,7.515,0.095229,0.008447
769.0,2026-09-25,7,put,8.28,0.096178,0.009748
770.0,2026-09-25,7,put,9.085,0.097528,0.011048
771.0,2026-09-25,7,put,9.825,0.095905,0.012346
772.0,2026-09-25,7,put,10.6,0.094274,0.013642
773.0,2026-09-25,7,put,11.585,0.099867,0.014936
774.0,2026-09-25,7,put,12.5,0.10241,0.016229
779.0,2026-09-25,7,put,17.485,0.130165,0.022668
793.0,2026-09-25,7,put,31.56,0.207272,0.040481
410.0,2026-09-30,12,call,354.735,1.876711,-0.619186
415.0,2026-09-30,12,call,349.745,1.844654,-0.607064
712.0,2026-09-30,12,call,50.775,0.160941,-0.067265
715.0,2026-09-30,12,call,47.81,0.159954,-0.06306
718.0,2026-09-30,12,call,44.81,0.149844,-0.058873
722.0,2026-09-30,12,call,40.95,0.158065,-0.053318
724.0,2026-09-30,12,call,38.885,0.142738,-0.050551
725.0,2026-09-30,12,call,38.01,0.153778,-0.049171
726.0,2026-09-30,12,call,37.035,0.152523,-0.047793
727.0,2026-09-30,12,call,36.035,0.148877,-0.046416
728.0,2026-09-30,12,call,35.12,0.152292,-0.045042
729.0,2026-09-30,12,call,34.07,0.144564,-0.043669
730.0,2026-09-30,12,call,33.525,0.169503,-0.042298
731.0,2026-09-30,12,call,32.195,0.146303,-0.040929
732.0,2026-09-30,12,call,31.225,0.144399,-0.039562
733.0,2026-09-30,12,call,30.225,0.140504,-0.038197
734.0,2026-09-30,12,call,29.035,0.123248,-0.036834
735.0,2026-09-30,12,call,28.4,0.14248,-0.035472
736.0,2026-09-30,12,call,27.43,0.139898,-0.034113
737.0,2026-09-30,12,call,26.48,0.138172,-0.032755
738.0,2026-09-30,12,call,25.515,0.135587,-0.031399
739.0,2026-09-30,12,call,24.595,0.134839,-0.030045
740.0,2026-09-30,12,call,23.71,0.135196,-0.028692
741.0,2026-09-30,12,call,22.765,0.13287,-0.027342
742.0,2026-09-30,12,call,21.86,0.131839,-0.025993
743.0,2026-09-30,12,call,20.955,0.130529,-0.024647
744.0,2026-09-30,12,call,19.96,0.125999,-0.023302
745.0,2026-09-30,12,call,19.07,0.124801,-0.021958
746.0,2026-09-30,12,call,18.18,0.123316,-0.020617
747.0,2026-09-30,12,call,17.31,0.122136,-0.019277
748.0,2026-09-30,12,call,16.48,0.121742,-0.01794
749.0,2026-09-30,12,call,15.595,0.119532,-0.016604
750.0,2026-09-30,12,call,14.72,0.117333,-0.015269
751.0,2026-09-30,12,call,13.915,0.116565,-0.013937
752.0,2026-09-30,12,call,13.065,0.114381,-0.012606
753.0,2026-09-30,12,call,12.285,0.113474,-0.011277
754.0,2026-09-30,12,call,11.49,0.111858,-0.00995
755.0,2026-09-30,12,call,10.715,0.110307,-0.008625
756.0,2026-09-30,12,call,9.95,0.108587,-0.007301
757.0,2026-09-30,12,call,9.215,0.107079,-0.005979
758.0,2026-09-30,12,call,8.5,0.105549,-0.004659
759.0,2026-09-30,12,call,7.83,0.104443,-0.003341
760.0,2026-09-30,12,call,7.14,0.102509,-0.002024
761.0,2026-09-30,12,call,6.53,0.101588,-0.000709
762.0,2026-09-30,12,call,5.91,0.09999,0.000604
763.0,2026-09-30,12,call,5.33,0.09861,0.001915
764.0,2026-09-30,12,call,4.775,0.097153,0.003225
765.0,2026-09-30,12,call,4.24,0.095505,0.004533
766.0,2026-09-30,12,call,3.76,0.09429,0.005839
767.0,2026-09-30,12,call,3.305,0.092945,0.007144
768.0,2026-09-30,12,call,2.885,0.091645,0.008447
769.0,2026-09-30,12,call,2.51,0.090592,0.009748
770.0,2026-09-30,12,call,2.165,0.0895,0.011048
771.0,2026-09-30,12,call,1.84,0.088143,0.012346
772.0,2026-09-30,12,call,1.57,0.087328,0.013642
773.0,2026-09-30,12,call,1.325,0.086418,0.014936
774.0,2026-09-30,12,call,1.115,0.085707,0.016229
775.0,2026-09-30,12,call,0.93,0.084988,0.01752
776.0,2026-09-30,12,call,0.775,0.084483,0.01881
777.0,2026-09-30,12,call,0.635,0.083765,0.020098
778.0,2026-09-30,12,call,0.52,0.083254,0.021384
779.0,2026-09-30,12,call,0.415,0.082401,0.022668
780.0,2026-09-30,12,call,0.335,0.081984,0.023951
781.0,2026-09-30,12,call,0.27,0.081692,0.025232
782.0,2026-09-30,12,call,0.23,0.082427,0.026512
783.0,2026-09-30,12,call,0.19,0.082693,0.02779
784.0,2026-09-30,12,call,0.155,0.082826,0.029066
785.0,2026-09-30,12,call,0.135,0.083945,0.030341
786.0,2026-09-30,12,call,0.105,0.083505,0.031614
787.0,2026-09-30,12,call,0.095,0.085124,0.032886
788.0,2026-09-30,12,call,0.085,0.086561,0.034155
789.0,2026-09-30,12,call,0.065,0.086013,0.035424
790.0,2026-09-30,12,call,0.055,0.086754,0.03669
791.0,2026-09-30,12,call,0.055,0.089449,0.037955
792.0,2026-09-30,12,call,0.045,0.089741,0.039219
793.0,2026-09-30,12,call,0.045,0.092355,0.040481
794.0,2026-09-30,12,call,0.045,0.094958,0.041741
795.0,2026-09-30,12,call,0.035,0.09457,0.042999
796.0,2026-09-30,12,call,0.035,0.097087,0.044257
797.0,2026-09-30,12,call,0.035,0.099594,0.045512
798.0,2026-09-30,12,call,0.035,0.10209,0.046766
799.0,2026-09-30,12,call,0.035,0.104576,0.048018
800.0,2026-09-30,12,call,0.025,0.103015,0.049269
801.0,2026-09-30,12,call,0.025,0.105407,0.050518
802.0,2026-09-30,12,call,0.025,0.107791,0.051766
803.0,2026-09-30,12,call,0.025,0.110166,0.053012
804.0,2026-09-30,12,call,0.025,0.112532,0.054257
805.0,2026-09-30,12,call,0.025,0.11489,0.0555
806.0,2026-09-30,12,call,0.025,0.117241,0.056741
807.0,2026-09-30,12,call,0.025,0.119583,0.057981
808.0,2026-09-30,12,call,0.025,0.121918,0.059219
809.0,2026-09-30,12,call,0.015,0.117885,0.060456
810.0,2026-09-30,12,call,0.015,0.120108,0.061692
811.0,2026-09-30,12,call,0.015,0.122323,0.062925
812.0,2026-09-30,12,call,0.015,0.124532,0.064158
813.0,2026-09-30,12,call,0.015,0.126735,0.065388
814.0,2026-09-30,12,call,0.015,0.128931,0.066618
815.0,2026-09-30,12,call,0.015,0.131121,0.067845
816.0,2026-09-30,12,call,0.015,0.133304,0.069072
817.0,2026-09-30,12,call,0.015,0.135482,0.070296
818.0,2026-09-30,12,call,0.015,0.137654,0.07152
819.0,2026-09-30,12,call,0.015,0.139819,0.072741
820.0,2026-09-30,12,call,0.015,0.141979,0.073962
821.0,2026-09-30,12,call,0.015,0.144133,0.07518
822.0,2026-09-30,12,call,0.015,0.146281,0.076398
823.0,2026-09-30,12,call,0.015,0.148424,0.077614
824.0,2026-09-30,12,call,0.015,0.150562,0.078828
825.0,2026-09-30,12,call,0.015,0.152693,0.080041
826.0,2026-09-30,12,call,0.015,0.15482,0.081252
827.0,2026-09-30,12,call,0.015,0.156941,0.082462
828.0,2026-09-30,12,call,0.015,0.159057,0.08367
829.0,2026-09-30,12,call,0.015,0.161167,0.084877
830.0,2026-09-30,12,call,0.015,0.163273,0.086083
837.0,2026-09-30,12,call,0.015,0.177871,0.094481
520.0,2026-09-30,12,put,0.01,0.643928,-0.381514
525.0,2026-09-30,12,put,0.015,0.648662,-0.371944
530.0,2026-09-30,12,put,0.015,0.633245,-0.362466
535.0,2026-09-30,12,put,0.015,0.617956,-0.353076
540.0,2026-09-30,12,put,0.015,0.602793,-0.343774
545.0,2026-09-30,12,put,0.015,0.587752,-0.334557
550.0,2026-09-30,12,put,0.015,0.572831,-0.325424
555.0,2026-09-30,12,put,0.015,0.558026,-0.316375
560.0,2026-09-30,12,put,0.015,0.543335,-0.307406
565.0,2026-09-30,12,put,0.025,0.551746,-0.298517
570.0,2026-09-30,12,put,0.025,0.536723,-0.289706
575.0,2026-09-30,12,put,0.025,0.521809,-0.280973
580.0,2026-09-30,12,put,0.025,0.507001,-0.272315
585.0,2026-09-30,12,put,0.025,0.492295,-0.263731
590.0,2026-09-30,12,put,0.025,0.47769,-0.25522
594.0,2026-09-30,12,put,0.035,0.480449,-0.248463
595.0,2026-09-30,12,put,0.035,0.477478,-0.246781
596.0,2026-09-30,12,put,0.035,0.474511,-0.245102
597.0,2026-09-30,12,put,0.035,0.471548,-0.243426
598.0,2026-09-30,12,put,0.035,0.468589,-0.241752
599.0,2026-09-30,12,put,0.035,0.465633,-0.240081
600.0,2026-09-30,12,put,0.035,0.462681,-0.238413
601.0,2026-09-30,12,put,0.035,0.459733,-0.236748
602.0,2026-09-30,12,put,0.035,0.456789,-0.235085
603.0,2026-09-30,12,put,0.035,0.453848,-0.233425
604.0,2026-09-30,12,put,0.035,0.450911,-0.231768
605.0,2026-09-30,12,put,0.035,0.447977,-0.230114
606.0,2026-09-30,12,put,0.035,0.445047,-0.228463
607.0,2026-09-30,12,put,0.035,0.442121,-0.226814
608.0,2026-09-30,12,put,0.035,0.439198,-0.225168
609.0,2026-09-30,12,put,0.035,0.436279,-0.223524
610.0,2026-09-30,12,put,0.035,0.433364,-0.221884
611.0,2026-09-30,12,put,0.035,0.430452,-0.220246
612.0,2026-09-30,12,put,0.045,0.437958,-0.21861
613.0,2026-09-30,12,put,0.045,0.434993,-0.216978
614.0,2026-09-30,12,put,0.045,0.432031,-0.215348
615.0,2026-09-30,12,put,0.045,0.429072,-0.21372
616.0,2026-09-30,12,put,0.045,0.426117,-0.212096
617.0,2026-09-30,12,put,0.045,0.423165,-0.210474
618.0,2026-09-30,12,put,0.045,0.420216,-0.208854
619.0,2026-09-30,12,put,0.045,0.417271,-0.207237
620.0,2026-09-30,12,put,0.045,0.414329,-0.205623
621.0,2026-09-30,12,put,0.045,0.411391,-0.204012
622.0,2026-09-30,12,put,0.045,0.408455,-0.202403
623.0,2026-09-30,12,put,0.045,0.405523,-0.200796
624.0,2026-09-30,12,put,0.045,0.402594,-0.199192
625.0,2026-09-30,12,put,0.055,0.40781,-0.197591
626.0,2026-09-30,12,put,0.055,0.404837,-0.195992
627.0,2026-09-30,12,put,0.055,0.401867,-0.194396
628.0,2026-09-30,12,put,0.055,0.398901,-0.192803
629.0,2026-09-30,12,put,0.055,0.395937,-0.191211
630.0,2026-09-30,12,put,0.055,0.392977,-0.189623
631.0,2026-09-30,12,put,0.055,0.390019,-0.188037
632.0,2026-09-30,12,put,0.055,0.387065,-0.186453
633.0,2026-09-30,12,put,0.055,0.384114,-0.184872
634.0,2026-09-30,12,put,0.055,0.381165,-0.183294
635.0,2026-09-30,12,put,0.055,0.37822,-0.181718
636.0,2026-09-30,12,put,0.065,0.381905,-0.180144
637.0,2026-09-30,12,put,0.065,0.378922,-0.178573
638.0,2026-09-30,12,put,0.065,0.375942,-0.177004
639.0,2026-09-30,12,put,0.065,0.372964,-0.175438
640.0,2026-09-30,12,put,0.065,0.36999,-0.173874
641.0,2026-09-30,12,put,0.065,0.367018,-0.172313
642.0,2026-09-30,12,put,0.065,0.364049,-0.170754
643.0,2026-09-30,12,put,0.065,0.361082,-0.169198
644.0,2026-09-30,12,put,0.065,0.358118,-0.167644
645.0,2026-09-30,12,put,0.075,0.360728,-0.166092
646.0,2026-09-30,12,put,0.075,0.357731,-0.164543
647.0,2026-09-30,12,put,0.075,0.354737,-0.162996
648.0,2026-09-30,12,put,0.075,0.351745,-0.161452
649.0,2026-09-30,12,put,0.075,0.348755,-0.15991
650.0,2026-09-30,12,put,0.075,0.345768,-0.15837
651.0,2026-09-30,12,put,0.075,0.342784,-0.156833
652.0,2026-09-30,12,put,0.075,0.339802,-0.155298
653.0,2026-09-30,12,put,0.085,0.3416,-0.153766
654.0,2026-09-30,12,put,0.085,0.338587,-0.152235
655.0,2026-09-30,12,put,0.085,0.335578,-0.150707
656.0,2026-09-30,12,put,0.085,0.33257,-0.149182
657.0,2026-09-30,12,put,0.085,0.329565,-0.147659
658.0,2026-09-30,12,put,0.085,0.326562,-0.146138
659.0,2026-09-30,12,put,0.095,0.32776,-0.144619
660.0,2026-09-30,12,put,0.095,0.324729,-0.143103
661.0,2026-09-30,12,put,0.095,0.3217,-0.141589
662.0,2026-09-30,12,put,0.095,0.318674,-0.140077
663.0,2026-09-30,12,put,0.095,0.315649,-0.138568
664.0,2026-09-30,12,put,0.095,0.312626,-0.137061
665.0,2026-09-30,12,put,0.105,0.313325,-0.135556
666.0,2026-09-30,12,put,0.105,0.310276,-0.134053
667.0,2026-09-30,12,put,0.105,0.30723,-0.132553
668.0,2026-09-30,12,put,0.105,0.304185,-0.131054
669.0,2026-09-30,12,put,0.105,0.301142,-0.129559
670.0,2026-09-30,12,put,0.115,0.301441,-0.128065
671.0,2026-09-30,12,put,0.115,0.298373,-0.126574
672.0,2026-09-30,12,put,0.115,0.295307,-0.125084
673.0,2026-09-30,12,put,0.125,0.29531,-0.123597
674.0,2026-09-30,12,put,0.125,0.292221,-0.122113
675.0,2026-09-30,12,put,0.125,0.289133,-0.12063
676.0,2026-09-30,12,put,0.125,0.286047,-0.11915
677.0,2026-09-30,12,put,0.135,0.285767,-0.117671
678.0,2026-09-30,12,put,0.135,0.282658,-0.116195
679.0,2026-09-30,12,put,0.135,0.279551,-0.114722
680.0,2026-09-30,12,put,0.145,0.279041,-0.11325
681.0,2026-09-30,12,put,0.145,0.275913,-0.11178
682.0,2026-09-30,12,put,0.145,0.272786,-0.110313
683.0,2026-09-30,12,put,0.155,0.27207,-0.108848
684.0,2026-09-30,12,put,0.155,0.268923,-0.107385
685.0,2026-09-30,12,put,0.155,0.265776,-0.105924
686.0,2026-09-30,12,put,0.165,0.264874,-0.104465
687.0,2026-09-30,12,put,0.165,0.261707,-0.103008
688.0,2026-09-30,12,put,0.165,0.25854,-0.101554
689.0,2026-09-30,12,put,0.175,0.257469,-0.100101
690.0,2026-09-30,12,put,0.175,0.254282,-0.098651
691.0,2026-09-30,12,put,0.185,0.253074,-0.097203
692.0,2026-09-30,12,put,0.185,0.249868,-0.095757
693.0,2026-09-30,12,put,0.195,0.248533,-0.094313
694.0,2026-09-30,12,put,0.195,0.245309,-0.092871
695.0,2026-09-30,12,put,0.205,0.243856,-0.091431
696.0,2026-09-30,12,put,0.205,0.240613,-0.089993
697.0,2026-09-30,12,put,0.215,0.23905,-0.088557
698.0,2026-09-30,12,put,0.215,0.235788,-0.087124
699.0,2026-09-30,12,put,0.225,0.234123,-0.085692
700.0,2026-09-30,12,put,0.235,0.232378,-0.084262
701.0,2026-09-30,12,put,0.235,0.229079,-0.082835
702.0,2026-09-30,12,put,0.245,0.227242,-0.081409
703.0,2026-09-30,12,put,0.255,0.225334,-0.079986
704.0,2026-09-30,12,put,0.255,0.222,-0.078564
705.0,2026-09-30,12,put,0.265,0.220008,-0.077145
706.0,2026-09-30,12,put,0.275,0.217952,-0.075727
707.0,2026-09-30,12,put,0.285,0.215836,-0.074312
708.0,2026-09-30,12,put,0.295,0.213661,-0.072899
709.0,2026-09-30,12,put,0.305,0.21143,-0.071487
710.0,2026-09-30,12,put,0.315,0.209146,-0.070078
711.0,2026-09-30,12,put,0.325,0.20681,-0.06867
712.0,2026-09-30,12,put,0.335,0.204423,-0.067265
713.0,2026-09-30,12,put,0.345,0.201988,-0.065861
714.0,2026-09-30,12,put,0.355,0.199505,-0.06446
715.0,2026-09-30,12,put,0.375,0.197937,-0.06306
716.0,2026-09-30,12,put,0.385,0.195336,-0.061663
717.0,2026-09-30,12,put,0.395,0.192692,-0.060267
718.0,2026-09-30,12,put,0.415,0.190875,-0.058873
719.0,2026-09-30,12,put,0.43,0.188543,-0.057481
720.0,2026-09-30,12,put,0.445,0.186147,-0.056091
721.0,2026-09-30,12,put,0.465,0.184077,-0.054704
722.0,2026-09-30,12,put,0.485,0.181919,-0.053318
723.0,2026-09-30,12,put,0.515,0.180395,-0.051933
724.0,2026-09-30,12,put,0.525,0.177356,-0.050551
725.0,2026-09-30,12,put,0.555,0.175625,-0.049171
726.0,2026-09-30,12,put,0.585,0.173769,-0.047793
727.0,2026-09-30,12,put,0.605,0.17118,-0.046416
728.0,2026-09-30,12,put,0.63,0.16882,-0.045042
729.0,2026-09-30,12,put,0.67,0.167228,-0.043669
730.0,2026-09-30,12,put,0.705,0.165213,-0.042298
731.0,2026-09-30,12,put,0.74,0.163078,-0.040929
732.0,2026-09-30,12,put,0.775,0.160828,-0.039562
733.0,2026-09-30,12,put,0.82,0.15895,-0.038197
734.0,2026-09-30,12,put,0.865,0.156928,-0.036834
735.0,2026-09-30,12,put,0.91,0.154769,-0.035472
736.0,2026-09-30,12,put,0.965,0.152904,-0.034113
737.0,2026-09-30,12,put,1.015,0.150675,-0.032755
738.0,2026-09-30,12,put,1.08,0.148897,-0.031399
739.0,2026-09-30,12,put,1.135,0.146566,-0.030045
740.0,2026-09-30,12,put,1.21,0.144815,-0.028692
741.0,2026-09-30,12,put,1.28,0.142698,-0.027342
742.0,2026-09-30,12,put,1.36,0.140742,-0.025993
743.0,2026-09-30,12,put,1.455,0.139072,-0.024647
744.0,2026-09-30,12,put,1.54,0.136877,-0.023302
745.0,2026-09-30,12,put,1.65,0.135226,-0.021958
746.0,2026-09-30,12,put,1.76,0.133337,-0.020617
747.0,2026-09-30,12,put,1.885,0.131625,-0.019277
748.0,2026-09-30,12,put,2.005,0.129531,-0.01794
749.0,2026-09-30,12,put,2.15,0.12783,-0.016604
750.0,2026-09-30,12,put,2.29,0.125737,-0.015269
751.0,2026-09-30,12,put,2.46,0.124086,-0.013937
752.0,2026-09-30,12,put,2.64,0.122363,-0.012606
753.0,2026-09-30,12,put,2.83,0.120552,-0.011277
754.0,2026-09-30,12,put,3.04,0.118851,-0.00995
755.0,2026-09-30,12,put,3.285,0.117535,-0.008625
756.0,2026-09-30,12,put,3.505,0.115353,-0.007301
757.0,2026-09-30,12,put,3.775,0.113806,-0.005979
758.0,2026-09-30,12,put,4.055,0.112065,-0.004659
759.0,2026-09-30,12,put,4.375,0.110679,-0.003341
760.0,2026-09-30,12,put,4.695,0.108868,-0.002024
761.0,2026-09-30,12,put,5.075,0.107722,-0.000709
762.0,2026-09-30,12,put,5.455,0.106112,0.000604
763.0,2026-09-30,12,put,5.87,0.104659,0.001915
764.0,2026-09-30,12,put,6.325,0.103432,0.003225
765.0,2026-09-30,12,put,6.84,0.102786,0.004533
766.0,2026-09-30,12,put,7.36,0.101707,0.005839
767.0,2026-09-30,12,put,7.94,0.10121,0.007144
768.0,2026-09-30,12,put,8.53,0.100364,0.008447
769.0,2026-09-30,12,put,9.17,0.099941,0.009748
770.0,2026-09-30,12,put,9.895,0.100715,0.011048
771.0,2026-09-30,12,put,10.6,0.100588,0.012346
772.0,2026-09-30,12,put,11.34,0.100703,0.013642
773.0,2026-09-30,12,put,12.115,0.101119,0.014936
774.0,2026-09-30,12,put,12.95,0.102526,0.016229
775.0,2026-09-30,12,put,13.775,0.103303,0.01752
776.0,2026-09-30,12,put,14.655,0.105144,0.01881
777.0,2026-09-30,12,put,15.585,0.108097,0.020098
779.0,2026-09-30,12,put,17.485,0.114656,0.022668
780.0,2026-09-30,12,put,18.565,0.121687,0.023951
815.0,2026-09-30,12,put,53.56,0.264212,0.067845
655.0,2026-10-02,14,call,107.86,0.302045,-0.150707
660.0,2026-10-02,14,call,102.895,0.29944,-0.143103
665.0,2026-10-02,14,call,97.89,0.279772,-0.135556
685.0,2026-10-02,14,call,78.01,0.247158,-0.105924
695.0,2026-10-02,14,call,68.09,0.228465,-0.091431
700.0,2026-10-02,14,call,63.09,0.21191,-0.084262
705.0,2026-10-02,14,call,58.225,0.212215,-0.077145
710.0,2026-10-02,14,call,53.295,0.202013,-0.070078
715.0,2026-10-02,14,call,48.36,0.190183,-0.06306
721.0,2026-10-02,14,call,42.51,0.179426,-0.054704
722.0,2026-10-02,14,call,41.485,0.174212,-0.053318
723.0,2026-10-02,14,call,40.57,0.175773,-0.051933
724.0,2026-10-02,14,call,39.62,0.174931,-0.050551
725.0,2026-10-02,14,call,38.57,0.1684,-0.049171
726.0,2026-10-02,14,call,37.655,0.169354,-0.047793
727.0,2026-10-02,14,call,36.705,0.168163,-0.046416
728.0,2026-10-02,14,call,35.765,0.167297,-0.045042
729.0,2026-10-02,14,call,34.68,0.15931,-0.043669
730.0,2026-10-02,14,call,33.835,0.162796,-0.042298
731.0,2026-10-02,14,call,32.77,0.155949,-0.040929
732.0,2026-10-02,14,call,31.785,0.152743,-0.039562
733.0,2026-10-02,14,call,30.98,0.157042,-0.038197
734.0,2026-10-02,14,call,30.04,0.155346,-0.036834
735.0,2026-10-02,14,call,29.12,0.154249,-0.035472
736.0,2026-10-02,14,call,27.58,0.127851,-0.034113
737.0,2026-10-02,14,call,26.6,0.124995,-0.032755
738.0,2026-10-02,14,call,25.705,0.125805,-0.031399
739.0,2026-10-02,14,call,24.795,0.125549,-0.030045
740.0,2026-10-02,14,call,24.45,0.143955,-0.028692
741.0,2026-10-02,14,call,22.975,0.124105,-0.027342
742.0,2026-10-02,14,call,22.025,0.121635,-0.025993
743.0,2026-10-02,14,call,21.755,0.139196,-0.024647
744.0,2026-10-02,14,call,20.825,0.136399,-0.023302
745.0,2026-10-02,14,call,19.945,0.134763,-0.021958
746.0,2026-10-02,14,call,19.105,0.133909,-0.020617
747.0,2026-10-02,14,call,18.245,0.132314,-0.019277
748.0,2026-10-02,14,call,17.39,0.130612,-0.01794
749.0,2026-10-02,14,call,16.515,0.128243,-0.016604
750.0,2026-10-02,14,call,15.7,0.126976,-0.015269
751.0,2026-10-02,14,call,14.87,0.12513,-0.013937
752.0,2026-10-02,14,call,14.095,0.124157,-0.012606
753.0,2026-10-02,14,call,13.26,0.121701,-0.011277
754.0,2026-10-02,14,call,12.48,0.120071,-0.00995
755.0,2026-10-02,14,call,11.74,0.118905,-0.008625
756.0,2026-10-02,14,call,11.0,0.11742,-0.007301
757.0,2026-10-02,14,call,10.265,0.11571,-0.005979
758.0,2026-10-02,14,call,9.57,0.114386,-0.004659
759.0,2026-10-02,14,call,8.88,0.112804,-0.003341
760.0,2026-10-02,14,call,8.195,0.110956,-0.002024
761.0,2026-10-02,14,call,7.535,0.109171,-0.000709
762.0,2026-10-02,14,call,6.94,0.1081,0.000604
763.0,2026-10-02,14,call,6.335,0.106456,0.001915
764.0,2026-10-02,14,call,5.77,0.105067,0.003225
765.0,2026-10-02,14,call,5.235,0.103748,0.004533
766.0,2026-10-02,14,call,4.72,0.102317,0.005839
767.0,2026-10-02,14,call,4.235,0.10093,0.007144
768.0,2026-10-02,14,call,3.785,0.099666,0.008447
769.0,2026-10-02,14,call,3.37,0.098526,0.009748
770.0,2026-10-02,14,call,2.975,0.097234,0.011048
771.0,2026-10-02,14,call,2.63,0.096357,0.012346
772.0,2026-10-02,14,call,2.315,0.095545,0.013642
773.0,2026-10-02,14,call,2.005,0.094282,0.014936
774.0,2026-10-02,14,call,1.735,0.093298,0.016229
775.0,2026-10-02,14,call,1.51,0.092782,0.01752
776.0,2026-10-02,14,call,1.3,0.092085,0.01881
777.0,2026-10-02,14,call,1.11,0.091332,0.020098
778.0,2026-10-02,14,call,0.945,0.0907,0.021384
779.0,2026-10-02,14,call,0.8,0.090097,0.022668
780.0,2026-10-02,14,call,0.685,0.089946,0.023951
781.0,2026-10-02,14,call,0.58,0.08964,0.025232
782.0,2026-10-02,14,call,0.49,0.089406,0.026512
783.0,2026-10-02,14,call,0.415,0.089329,0.02779
784.0,2026-10-02,14,call,0.355,0.089531,0.029066
785.0,2026-10-02,14,call,0.295,0.089251,0.030341
786.0,2026-10-02,14,call,0.255,0.089757,0.031614
787.0,2026-10-02,14,call,0.225,0.090633,0.032886
788.0,2026-10-02,14,call,0.185,0.090351,0.034155
789.0,2026-10-02,14,call,0.155,0.090446,0.035424
790.0,2026-10-02,14,call,0.135,0.091161,0.03669
791.0,2026-10-02,14,call,0.125,0.092769,0.037955
792.0,2026-10-02,14,call,0.105,0.092944,0.039219
793.0,2026-10-02,14,call,0.105,0.095595,0.040481
794.0,2026-10-02,14,call,0.085,0.095232,0.041741
795.0,2026-10-02,14,call,0.085,0.097797,0.042999
796.0,2026-10-02,14,call,0.075,0.098604,0.044257
797.0,2026-10-02,14,call,0.065,0.099165,0.045512
798.0,2026-10-02,14,call,0.065,0.101624,0.046766
799.0,2026-10-02,14,call,0.055,0.10183,0.048018
800.0,2026-10-02,14,call,0.055,0.104226,0.049269
801.0,2026-10-02,14,call,0.055,0.106613,0.050518
802.0,2026-10-02,14,call,0.045,0.106309,0.051766
803.0,2026-10-02,14,call,0.045,0.108632,0.053012
804.0,2026-10-02,14,call,0.045,0.110946,0.054257
805.0,2026-10-02,14,call,0.045,0.113251,0.0555
806.0,2026-10-02,14,call,0.035,0.112194,0.056741
807.0,2026-10-02,14,call,0.035,0.11443,0.057981
808.0,2026-10-02,14,call,0.035,0.116659,0.059219
809.0,2026-10-02,14,call,0.035,0.11888,0.060456
810.0,2026-10-02,14,call,0.035,0.121094,0.061692
811.0,2026-10-02,14,call,0.035,0.1233,0.062925
812.0,2026-10-02,14,call,0.035,0.1255,0.064158
813.0,2026-10-02,14,call,0.025,0.123106,0.065388
814.0,2026-10-02,14,call,0.025,0.125228,0.066618
815.0,2026-10-02,14,call,0.025,0.127344,0.067845
816.0,2026-10-02,14,call,0.025,0.129454,0.069072
817.0,2026-10-02,14,call,0.025,0.131557,0.070296
818.0,2026-10-02,14,call,0.025,0.133655,0.07152
819.0,2026-10-02,14,call,0.025,0.135746,0.072741
820.0,2026-10-02,14,call,0.025,0.137832,0.073962
821.0,2026-10-02,14,call,0.025,0.139912,0.07518
822.0,2026-10-02,14,call,0.015,0.134983,0.076398
823.0,2026-10-02,14,call,0.015,0.136967,0.077614
824.0,2026-10-02,14,call,0.015,0.138947,0.078828
825.0,2026-10-02,14,call,0.015,0.140921,0.080041
830.0,2026-10-02,14,call,0.015,0.150718,0.086083
835.0,2026-10-02,14,call,0.015,0.160398,0.092089
840.0,2026-10-02,14,call,0.015,0.169965,0.098059
500.0,2026-10-02,14,put,0.015,0.674207,-0.420735
505.0,2026-10-02,14,put,0.015,0.659296,-0.410784
510.0,2026-10-02,14,put,0.015,0.644518,-0.400932
515.0,2026-10-02,14,put,0.015,0.629871,-0.391176
520.0,2026-10-02,14,put,0.015,0.615352,-0.381514
525.0,2026-10-02,14,put,0.015,0.600957,-0.371944
530.0,2026-10-02,14,put,0.015,0.586684,-0.362466
535.0,2026-10-02,14,put,0.015,0.57253,-0.353076
540.0,2026-10-02,14,put,0.025,0.582388,-0.343774
545.0,2026-10-02,14,put,0.025,0.567938,-0.334557
550.0,2026-10-02,14,put,0.025,0.553602,-0.325424
555.0,2026-10-02,14,put,0.035,0.555526,-0.316375
560.0,2026-10-02,14,put,0.025,0.52526,-0.307406
565.0,2026-10-02,14,put,0.035,0.526662,-0.298517
570.0,2026-10-02,14,put,0.035,0.512389,-0.289706
575.0,2026-10-02,14,put,0.035,0.498219,-0.280973
580.0,2026-10-02,14,put,0.035,0.484148,-0.272315
585.0,2026-10-02,14,put,0.045,0.48135,-0.263731
590.0,2026-10-02,14,put,0.045,0.467186,-0.25522
595.0,2026-10-02,14,put,0.045,0.453115,-0.246781
600.0,2026-10-02,14,put,0.055,0.447851,-0.238413
605.0,2026-10-02,14,put,0.055,0.433722,-0.230114
610.0,2026-10-02,14,put,0.065,0.426872,-0.221884
615.0,2026-10-02,14,put,0.065,0.412708,-0.21372
620.0,2026-10-02,14,put,0.075,0.404682,-0.205623
625.0,2026-10-02,14,put,0.075,0.390496,-0.197591
630.0,2026-10-02,14,put,0.085,0.381554,-0.189623
635.0,2026-10-02,14,put,0.095,0.371951,-0.181718
640.0,2026-10-02,14,put,0.105,0.361798,-0.173874
645.0,2026-10-02,14,put,0.105,0.347445,-0.166092
650.0,2026-10-02,14,put,0.115,0.336758,-0.15837
655.0,2026-10-02,14,put,0.135,0.328761,-0.150707
660.0,2026-10-02,14,put,0.145,0.317054,-0.143103
665.0,2026-10-02,14,put,0.155,0.305055,-0.135556
670.0,2026-10-02,14,put,0.175,0.295084,-0.128065
675.0,2026-10-02,14,put,0.195,0.284438,-0.12063
680.0,2026-10-02,14,put,0.215,0.273208,-0.11325
685.0,2026-10-02,14,put,0.245,0.26307,-0.105924
690.0,2026-10-02,14,put,0.27,0.251424,-0.098651
695.0,2026-10-02,14,put,0.305,0.240496,-0.091431
700.0,2026-10-02,14,put,0.345,0.229355,-0.084262
705.0,2026-10-02,14,put,0.395,0.218376,-0.077145
710.0,2026-10-02,14,put,0.465,0.208124,-0.070078
715.0,2026-10-02,14,put,0.55,0.197678,-0.06306
720.0,2026-10-02,14,put,0.65,0.186766,-0.056091
721.0,2026-10-02,14,put,0.685,0.185283,-0.054704
722.0,2026-10-02,14,put,0.715,0.183404,-0.053318
723.0,2026-10-02,14,put,0.73,0.180613,-0.051933
724.0,2026-10-02,14,put,0.765,0.178851,-0.050551
725.0,2026-10-02,14,put,0.805,0.17724,-0.049171
726.0,2026-10-02,14,put,0.83,0.174775,-0.047793
727.0,2026-10-02,14,put,0.865,0.172726,-0.046416
728.0,2026-10-02,14,put,0.905,0.170817,-0.045042
729.0,2026-10-02,14,put,0.95,0.169026,-0.043669
730.0,2026-10-02,14,put,0.995,0.16712,-0.042298
731.0,2026-10-02,14,put,1.04,0.165104,-0.040929
732.0,2026-10-02,14,put,1.085,0.162982,-0.039562
733.0,2026-10-02,14,put,1.145,0.161334,-0.038197
734.0,2026-10-02,14,put,1.2,0.159362,-0.036834
735.0,2026-10-02,14,put,1.26,0.157448,-0.035472
736.0,2026-10-02,14,put,1.325,0.155578,-0.034113
737.0,2026-10-02,14,put,1.395,0.153737,-0.032755
738.0,2026-10-02,14,put,1.465,0.151754,-0.031399
739.0,2026-10-02,14,put,1.545,0.149943,-0.030045
740.0,2026-10-02,14,put,1.63,0.148125,-0.028692
741.0,2026-10-02,14,put,1.72,0.146292,-0.027342
742.0,2026-10-02,14,put,1.815,0.144434,-0.025993
743.0,2026-10-02,14,put,1.91,0.142408,-0.024647
744.0,2026-10-02,14,put,2.035,0.140995,-0.023302
745.0,2026-10-02,14,put,2.14,0.138872,-0.021958
746.0,2026-10-02,14,put,2.27,0.137182,-0.020617
747.0,2026-10-02,14,put,2.415,0.135638,-0.019277
748.0,2026-10-02,14,put,2.55,0.133646,-0.01794
749.0,2026-10-02,14,put,2.71,0.131999,-0.016604
750.0,2026-10-02,14,put,2.87,0.130121,-0.015269
751.0,2026-10-02,14,put,3.06,0.128637,-0.013937
752.0,2026-10-02,14,put,3.265,0.127195,-0.012606
753.0,2026-10-02,14,put,3.46,0.125289,-0.011277
754.0,2026-10-02,14,put,3.685,0.123699,-0.00995
755.0,2026-10-02,14,put,3.93,0.1222,-0.008625
756.0,2026-10-02,14,put,4.18,0.120496,-0.007301
757.0,2026-10-02,14,put,4.46,0.119029,-0.005979
758.0,2026-10-02,14,put,4.755,0.117504,-0.004659
759.0,2026-10-02,14,put,5.07,0.115995,-0.003341
760.0,2026-10-02,14,put,5.405,0.114483,-0.002024
761.0,2026-10-02,14,put,5.775,0.113206,-0.000709
762.0,2026-10-02,14,put,6.16,0.111806,0.000604
763.0,2026-10-02,14,put,6.59,0.110773,0.001915
764.0,2026-10-02,14,put,6.995,0.108917,0.003225
765.0,2026-10-02,14,put,7.515,0.108581,0.004533
766.0,2026-10-02,14,put,7.99,0.10706,0.005839
767.0,2026-10-02,14,put,8.52,0.106034,0.007144
768.0,2026-10-02,14,put,9.13,0.10596,0.008447
769.0,2026-10-02,14,put,9.735,0.105367,0.009748
770.0,2026-10-02,14,put,10.36,0.104685,0.011048
771.0,2026-10-02,14,put,11.015,0.104103,0.012346
772.0,2026-10-02,14,put,11.72,0.104031,0.013642
773.0,2026-10-02,14,put,12.485,0.104745,0.014936
774.0,2026-10-02,14,put,13.22,0.104444,0.016229
775.0,2026-10-02,14,put,14.02,0.105128,0.01752
776.0,2026-10-02,14,put,14.905,0.107412,0.01881
777.0,2026-10-02,14,put,16.295,0.121114,0.020098
778.0,2026-10-02,14,put,16.615,0.109819,0.021384
779.0,2026-10-02,14,put,17.605,0.114083,0.022668
780.0,2026-10-02,14,put,18.635,0.119322,0.023951
782.0,2026-10-02,14,put,20.495,0.124301,0.026512
783.0,2026-10-02,14,put,21.7,0.134204,0.02779
575.0,2026-10-09,21,call,188.235,0.416162,-0.280973
595.0,2026-10-09,21,call,168.3,0.375686,-0.246781
600.0,2026-10-09,21,call,163.365,0.391225,-0.238413
605.0,2026-10-09,21,call,158.335,0.356811,-0.230114
615.0,2026-10-09,21,call,148.435,0.364526,-0.21372
620.0,2026-10-09,21,call,143.46,0.355597,-0.205623
630.0,2026-10-09,21,call,133.515,0.338167,-0.189623
635.0,2026-10-09,21,call,128.505,0.319501,-0.181718
640.0,2026-10-09,21,call,123.575,0.320496,-0.173874
650.0,2026-10-09,21,call,113.62,0.29873,-0.15837
655.0,2026-10-09,21,call,108.635,0.286362,-0.150707
660.0,2026-10-09,21,call,103.7,0.282124,-0.143103
665.0,2026-10-09,21,call,98.74,0.273049,-0.135556
670.0,2026-10-09,21,call,93.805,0.266598,-0.128065
675.0,2026-10-09,21,call,88.82,0.253649,-0.12063
680.0,2026-10-09,21,call,83.755,0.231161,-0.11325
685.0,2026-10-09,21,call,78.885,0.231355,-0.105924
690.0,2026-10-09,21,call,73.995,0.226648,-0.098651
695.0,2026-10-09,21,call,69.11,0.220602,-0.091431
700.0,2026-10-09,21,call,64.13,0.207073,-0.084262
705.0,2026-10-09,21,call,59.255,0.199795,-0.077145
710.0,2026-10-09,21,call,54.355,0.189966,-0.070078
715.0,2026-10-09,21,call,49.545,0.183352,-0.06306
720.0,2026-10-09,21,call,44.765,0.176162,-0.056091
721.0,2026-10-09,21,call,43.83,0.175269,-0.054704
723.0,2026-10-09,21,call,41.925,0.171962,-0.051933
724.0,2026-10-09,21,call,40.92,0.168448,-0.050551
725.0,2026-10-09,21,call,39.97,0.166755,-0.049171
726.0,2026-10-09,21,call,39.035,0.165469,-0.047793
727.0,2026-10-09,21,call,38.075,0.163312,-0.046416
728.0,2026-10-09,21,call,36.62,0.144754,-0.045042
729.0,2026-10-09,21,call,36.225,0.1609,-0.043669
730.0,2026-10-09,21,call,34.75,0.142731,-0.042298
731.0,2026-10-09,21,call,34.34,0.157107,-0.040929
732.0,2026-10-09,21,call,32.84,0.138964,-0.039562
733.0,2026-10-09,21,call,31.96,0.139239,-0.038197
734.0,2026-10-09,21,call,31.62,0.153603,-0.036834
735.0,2026-10-09,21,call,30.13,0.137156,-0.035472
736.0,2026-10-09,21,call,29.825,0.151117,-0.034113
737.0,2026-10-09,21,call,28.895,0.148948,-0.032755
738.0,2026-10-09,21,call,27.415,0.133789,-0.031399
739.0,2026-10-09,21,call,26.51,0.132394,-0.030045
740.0,2026-10-09,21,call,26.215,0.144321,-0.028692
741.0,2026-10-09,21,call,25.315,0.142412,-0.027342
742.0,2026-10-09,21,call,24.47,0.141503,-0.025993
743.0,2026-10-09,21,call,23.61,0.140142,-0.024647
744.0,2026-10-09,21,call,22.72,0.138073,-0.023302
745.0,2026-10-09,21,call,21.86,0.136452,-0.021958
746.0,2026-10-09,21,call,21.025,0.135148,-0.020617
747.0,2026-10-09,21,call,20.23,0.134394,-0.019277
748.0,2026-10-09,21,call,19.4,0.132855,-0.01794
749.0,2026-10-09,21,call,18.58,0.131332,-0.016604
750.0,2026-10-09,21,call,17.725,0.129077,-0.015269
751.0,2026-10-09,21,call,16.955,0.128057,-0.013937
752.0,2026-10-09,21,call,16.15,0.126297,-0.012606
753.0,2026-10-09,21,call,15.42,0.12553,-0.011277
754.0,2026-10-09,21,call,14.615,0.123417,-0.00995
755.0,2026-10-09,21,call,13.88,0.122182,-0.008625
756.0,2026-10-09,21,call,13.15,0.120818,-0.007301
757.0,2026-10-09,21,call,12.46,0.119827,-0.005979
758.0,2026-10-09,21,call,11.755,0.1184,-0.004659
759.0,2026-10-09,21,call,11.045,0.116685,-0.003341
760.0,2026-10-09,21,call,10.395,0.11559,-0.002024
761.0,2026-10-09,21,call,9.76,0.114463,-0.000709
762.0,2026-10-09,21,call,9.13,0.11316,0.000604
763.0,2026-10-09,21,call,8.52,0.111881,0.001915
764.0,2026-10-09,21,call,7.93,0.110615,0.003225
765.0,2026-10-09,21,call,7.355,0.109286,0.004533
766.0,2026-10-09,21,call,6.79,0.107815,0.005839
767.0,2026-10-09,21,call,6.27,0.106677,0.007144
768.0,2026-10-09,21,call,5.79,0.105802,0.008447
769.0,2026-10-09,21,call,5.305,0.104555,0.009748
770.0,2026-10-09,21,call,4.85,0.10342,0.011048
771.0,2026-10-09,21,call,4.415,0.10225,0.012346
772.0,2026-10-09,21,call,4.015,0.101266,0.013642
773.0,2026-10-09,21,call,3.65,0.100478,0.014936
774.0,2026-10-09,21,call,3.285,0.099348,0.016229
775.0,2026-10-09,21,call,2.955,0.098421,0.01752
776.0,2026-10-09,21,call,2.665,0.097806,0.01881
777.0,2026-10-09,21,call,2.395,0.097193,0.020098
778.0,2026-10-09,21,call,2.135,0.096403,0.021384
779.0,2026-10-09,21,call,1.91,0.095911,0.022668
780.0,2026-10-09,21,call,1.695,0.095262,0.023951
781.0,2026-10-09,21,call,1.51,0.094881,0.025232
782.0,2026-10-09,21,call,1.335,0.094368,0.026512
783.0,2026-10-09,21,call,1.185,0.094091,0.02779
784.0,2026-10-09,21,call,1.04,0.093588,0.029066
785.0,2026-10-09,21,call,0.925,0.093546,0.030341
786.0,2026-10-09,21,call,0.81,0.093174,0.031614
787.0,2026-10-09,21,call,0.725,0.093416,0.032886
788.0,2026-10-09,21,call,0.635,0.093192,0.034155
789.0,2026-10-09,21,call,0.56,0.093188,0.035424
790.0,2026-10-09,21,call,0.5,0.093493,0.03669
791.0,2026-10-09,21,call,0.445,0.093755,0.037955
792.0,2026-10-09,21,call,0.385,0.093494,0.039219
793.0,2026-10-09,21,call,0.35,0.094219,0.040481
794.0,2026-10-09,21,call,0.295,0.093573,0.041741
795.0,2026-10-09,21,call,0.265,0.094113,0.042999
796.0,2026-10-09,21,call,0.24,0.094795,0.044257
797.0,2026-10-09,21,call,0.225,0.096048,0.045512
798.0,2026-10-09,21,call,0.205,0.096808,0.046766
799.0,2026-10-09,21,call,0.185,0.097406,0.048018
800.0,2026-10-09,21,call,0.165,0.09782,0.049269
801.0,2026-10-09,21,call,0.145,0.098016,0.050518
802.0,2026-10-09,21,call,0.135,0.099088,0.051766
803.0,2026-10-09,21,call,0.125,0.100062,0.053012
804.0,2026-10-09,21,call,0.115,0.100928,0.054257
805.0,2026-10-09,21,call,0.105,0.101674,0.0555
806.0,2026-10-09,21,call,0.105,0.103722,0.056741
807.0,2026-10-09,21,call,0.095,0.104301,0.057981
808.0,2026-10-09,21,call,0.095,0.106311,0.059219
809.0,2026-10-09,21,call,0.085,0.106701,0.060456
810.0,2026-10-09,21,call,0.085,0.108674,0.061692
811.0,2026-10-09,21,call,0.075,0.108843,0.062925
812.0,2026-10-09,21,call,0.075,0.110777,0.064158
813.0,2026-10-09,21,call,0.065,0.110682,0.065388
814.0,2026-10-09,21,call,0.065,0.112576,0.066618
815.0,2026-10-09,21,call,0.065,0.114464,0.067845
816.0,2026-10-09,21,call,0.055,0.114003,0.069072
817.0,2026-10-09,21,call,0.055,0.11585,0.070296
818.0,2026-10-09,21,call,0.055,0.11769,0.07152
819.0,2026-10-09,21,call,0.055,0.119525,0.072741
820.0,2026-10-09,21,call,0.045,0.118554,0.073962
821.0,2026-10-09,21,call,0.045,0.120344,0.07518
822.0,2026-10-09,21,call,0.045,0.122129,0.076398
823.0,2026-10-09,21,call,0.045,0.12391,0.077614
824.0,2026-10-09,21,call,0.045,0.125685,0.078828
825.0,2026-10-09,21,call,0.035,0.123968,0.080041
830.0,2026-10-09,21,call,0.035,0.132555,0.086083
835.0,2026-10-09,21,call,0.025,0.136241,0.092089
840.0,2026-10-09,21,call,0.025,0.144382,0.098059
845.0,2026-10-09,21,call,0.015,0.145255,0.103994
850.0,2026-10-09,21,call,0.015,0.152902,0.109894
855.0,2026-10-09,21,call,0.015,0.16047,0.115759
860.0,2026-10-09,21,call,0.015,0.16796,0.12159
500.0,2026-10-09,21,put,0.025,0.574755,-0.420735
505.0,2026-10-09,21,put,0.035,0.578464,-0.410784
510.0,2026-10-09,21,put,0.035,0.565627,-0.400932
515.0,2026-10-09,21,put,0.035,0.552903,-0.391176
520.0,2026-10-09,21,put,0.035,0.540288,-0.381514
525.0,2026-10-09,21,put,0.045,0.539809,-0.371944
530.0,2026-10-09,21,put,0.045,0.527159,-0.362466
535.0,2026-10-09,21,put,0.045,0.514612,-0.353076
540.0,2026-10-09,21,put,0.055,0.511677,-0.343774
545.0,2026-10-09,21,put,0.055,0.499127,-0.334557
550.0,2026-10-09,21,put,0.065,0.494603,-0.325424
555.0,2026-10-09,21,put,0.065,0.482072,-0.316375
560.0,2026-10-09,21,put,0.075,0.476387,-0.307406
565.0,2026-10-09,21,put,0.075,0.463888,-0.298517
570.0,2026-10-09,21,put,0.085,0.457318,-0.289706
575.0,2026-10-09,21,put,0.085,0.444861,-0.280973
580.0,2026-10-09,21,put,0.095,0.437593,-0.272315
585.0,2026-10-09,21,put,0.105,0.429793,-0.263731
590.0,2026-10-09,21,put,0.115,0.421547,-0.25522
595.0,2026-10-09,21,put,0.115,0.409078,-0.246781
600.0,2026-10-09,21,put,0.125,0.400432,-0.238413
605.0,2026-10-09,21,put,0.135,0.391463,-0.230114
610.0,2026-10-09,21,put,0.145,0.382211,-0.221884
615.0,2026-10-09,21,put,0.155,0.37271,-0.21372
620.0,2026-10-09,21,put,0.175,0.365612,-0.205623
625.0,2026-10-09,21,put,0.185,0.355513,-0.197591
630.0,2026-10-09,21,put,0.205,0.347463,-0.189623
635.0,2026-10-09,21,put,0.215,0.336907,-0.181718
640.0,2026-10-09,21,put,0.235,0.328113,-0.173874
645.0,2026-10-09,21,put,0.255,0.318923,-0.166092
650.0,2026-10-09,21,put,0.275,0.309382,-0.15837
655.0,2026-10-09,21,put,0.295,0.299526,-0.150707
660.0,2026-10-09,21,put,0.325,0.290717,-0.143103
665.0,2026-10-09,21,put,0.355,0.281428,-0.135556
670.0,2026-10-09,21,put,0.385,0.271711,-0.128065
675.0,2026-10-09,21,put,0.425,0.262613,-0.12063
680.0,2026-10-09,21,put,0.465,0.252988,-0.11325
685.0,2026-10-09,21,put,0.51,0.2433,-0.105924
690.0,2026-10-09,21,put,0.565,0.233851,-0.098651
695.0,2026-10-09,21,put,0.64,0.225133,-0.091431
700.0,2026-10-09,21,put,0.72,0.2159,-0.084262
705.0,2026-10-09,21,put,0.815,0.206674,-0.077145
710.0,2026-10-09,21,put,0.935,0.197742,-0.070078
715.0,2026-10-09,21,put,1.08,0.188797,-0.06306
720.0,2026-10-09,21,put,1.28,0.180664,-0.056091
721.0,2026-10-09,21,put,1.32,0.17885,-0.054704
722.0,2026-10-09,21,put,1.355,0.176807,-0.053318
723.0,2026-10-09,21,put,1.41,0.175377,-0.051933
724.0,2026-10-09,21,put,1.455,0.173543,-0.050551
725.0,2026-10-09,21,put,1.505,0.171804,-0.049171
726.0,2026-10-09,21,put,1.565,0.170299,-0.047793
727.0,2026-10-09,21,put,1.62,0.168563,-0.046416
728.0,2026-10-09,21,put,1.69,0.167185,-0.045042
729.0,2026-10-09,21,put,1.745,0.165293,-0.043669
730.0,2026-10-09,21,put,1.815,0.16374,-0.042298
731.0,2026-10-09,21,put,1.88,0.161966,-0.040929
732.0,2026-10-09,21,put,1.955,0.160369,-0.039562
733.0,2026-10-09,21,put,2.03,0.15868,-0.038197
734.0,2026-10-09,21,put,2.125,0.15739,-0.036834
735.0,2026-10-09,21,put,2.205,0.15563,-0.035472
736.0,2026-10-09,21,put,2.305,0.154241,-0.034113
737.0,2026-10-09,21,put,2.39,0.152402,-0.032755
738.0,2026-10-09,21,put,2.485,0.150689,-0.031399
739.0,2026-10-09,21,put,2.595,0.149193,-0.030045
740.0,2026-10-09,21,put,2.715,0.147788,-0.028692
741.0,2026-10-09,21,put,2.835,0.146258,-0.027342
742.0,2026-10-09,21,put,2.96,0.144705,-0.025993
743.0,2026-10-09,21,put,3.1,0.143315,-0.024647
744.0,2026-10-09,21,put,3.23,0.141602,-0.023302
745.0,2026-10-09,21,put,3.4,0.140496,-0.021958
746.0,2026-10-09,21,put,3.55,0.138876,-0.020617
747.0,2026-10-09,21,put,3.71,0.137293,-0.019277
748.0,2026-10-09,21,put,3.895,0.135992,-0.01794
749.0,2026-10-09,21,put,4.07,0.134365,-0.016604
750.0,2026-10-09,21,put,4.29,0.13332,-0.015269
751.0,2026-10-09,21,put,4.48,0.131616,-0.013937
752.0,2026-10-09,21,put,4.685,0.129989,-0.012606
753.0,2026-10-09,21,put,4.94,0.128962,-0.011277
754.0,2026-10-09,21,put,5.175,0.12744,-0.00995
755.0,2026-10-09,21,put,5.43,0.126031,-0.008625
756.0,2026-10-09,21,put,5.7,0.124649,-0.007301
757.0,2026-10-09,21,put,5.985,0.123284,-0.005979
758.0,2026-10-09,21,put,6.31,0.122283,-0.004659
759.0,2026-10-09,21,put,6.655,0.121341,-0.003341
760.0,2026-10-09,21,put,6.96,0.119614,-0.002024
761.0,2026-10-09,21,put,7.315,0.118359,-0.000709
762.0,2026-10-09,21,put,7.69,0.117143,0.000604
763.0,2026-10-09,21,put,8.12,0.116438,0.001915
764.0,2026-10-09,21,put,8.525,0.115138,0.003225
765.0,2026-10-09,21,put,8.96,0.113991,0.004533
766.0,2026-10-09,21,put,9.45,0.113336,0.005839
767.0,2026-10-09,21,put,9.985,0.113036,0.007144
768.0,2026-10-09,21,put,10.445,0.111419,0.008447
769.0,2026-10-09,21,put,11.0,0.110846,0.009748
770.0,2026-10-09,21,put,11.6,0.110636,0.011048
771.0,2026-10-09,21,put,12.24,0.110733,0.012346
772.0,2026-10-09,21,put,12.81,0.109526,0.013642
773.0,2026-10-09,21,put,13.47,0.109362,0.014936
774.0,2026-10-09,21,put,14.215,0.110237,0.016229
775.0,2026-10-09,21,put,14.925,0.110328,0.01752
776.0,2026-10-09,21,put,15.665,0.110644,0.01881
777.0,2026-10-09,21,put,16.385,0.110373,0.020098
778.0,2026-10-09,21,put,17.81,0.12179,0.021384
780.0,2026-10-09,21,put,19.48,0.124651,0.023951
781.0,2026-10-09,21,put,19.8,0.116442,0.025232
783.0,2026-10-09,21,put,21.63,0.120904,0.02779
785.0,2026-10-09,21,put,23.515,0.12608,0.030341
786.0,2026-10-09,21,put,24.47,0.128814,0.031614
790.0,2026-10-09,21,put,28.575,0.145408,0.03669
305.0,2026-10-16,28,call,457.73,1.026864,-0.915031
540.0,2026-10-16,28,call,225.67,0.718097,-0.343774
550.0,2026-10-16,28,call,213.665,0.385423,-0.325424
565.0,2026-10-16,28,call,198.72,0.352147,-0.298517
570.0,2026-10-16,28,call,193.725,0.300744,-0.289706
575.0,2026-10-16,28,call,188.76,0.335763,-0.280973
580.0,2026-10-16,28,call,183.83,0.368102,-0.272315
585.0,2026-10-16,28,call,178.83,0.346421,-0.263731
595.0,2026-10-16,28,call,168.855,0.316907,-0.246781
605.0,2026-10-16,28,call,158.98,0.336942,-0.230114
610.0,2026-10-16,28,call,153.99,0.323433,-0.221884
615.0,2026-10-16,28,call,149.035,0.320333,-0.21372
620.0,2026-10-16,28,call,144.06,0.311149,-0.205623
630.0,2026-10-16,28,call,134.17,0.304684,-0.189623
640.0,2026-10-16,28,call,124.24,0.287882,-0.173874
650.0,2026-10-16,28,call,114.36,0.276617,-0.15837
655.0,2026-10-16,28,call,109.35,0.261745,-0.150707
660.0,2026-10-16,28,call,104.085,0.182018,-0.143103
665.0,2026-10-16,28,call,99.49,0.250121,-0.135556
670.0,2026-10-16,28,call,94.485,0.236306,-0.128065
675.0,2026-10-16,28,call,89.27,0.196123,-0.12063
680.0,2026-10-16,28,call,84.745,0.230596,-0.11325
685.0,2026-10-16,28,call,79.45,0.193455,-0.105924
690.0,2026-10-16,28,call,74.95,0.216115,-0.098651
695.0,2026-10-16,28,call,70.095,0.20988,-0.091431
700.0,2026-10-16,28,call,64.675,0.173221,-0.084262
701.0,2026-10-16,28,call,64.265,0.200908,-0.082835
702.0,2026-10-16,28,call,63.305,0.199768,-0.081409
703.0,2026-10-16,28,call,62.33,0.197978,-0.079986
704.0,2026-10-16,28,call,61.34,0.195573,-0.078564
705.0,2026-10-16,28,call,60.115,0.183447,-0.077145
706.0,2026-10-16,28,call,59.075,0.178942,-0.075727
707.0,2026-10-16,28,call,58.365,0.188121,-0.074312
708.0,2026-10-16,28,call,57.43,0.18773,-0.072899
709.0,2026-10-16,28,call,56.185,0.17545,-0.071487
710.0,2026-10-16,28,call,55.32,0.177998,-0.070078
711.0,2026-10-16,28,call,54.615,0.185623,-0.06867
712.0,2026-10-16,28,call,53.66,0.184212,-0.067265
713.0,2026-10-16,28,call,52.73,0.183542,-0.065861
714.0,2026-10-16,28,call,51.505,0.173313,-0.06446
715.0,2026-10-16,28,call,50.84,0.181044,-0.06306
716.0,2026-10-16,28,call,49.61,0.171014,-0.061663
717.0,2026-10-16,28,call,48.655,0.169533,-0.060267
718.0,2026-10-16,28,call,47.975,0.176024,-0.058873
719.0,2026-10-16,28,call,46.785,0.167601,-0.057481
720.0,2026-10-16,28,call,46.055,0.172197,-0.056091
721.0,2026-10-16,28,call,45.67,0.184552,-0.054704
722.0,2026-10-16,28,call,44.77,0.183689,-0.053318
723.0,2026-10-16,28,call,43.79,0.180935,-0.051933
724.0,2026-10-16,28,call,42.9,0.180169,-0.050551
725.0,2026-10-16,28,call,41.37,0.164799,-0.049171
726.0,2026-10-16,28,call,40.435,0.163194,-0.047793
727.0,2026-10-16,28,call,38.98,0.148977,-0.046416
728.0,2026-10-16,28,call,38.67,0.162146,-0.045042
729.0,2026-10-16,28,call,37.15,0.147042,-0.043669
730.0,2026-10-16,28,call,36.79,0.158238,-0.042298
731.0,2026-10-16,28,call,35.905,0.15735,-0.040929
732.0,2026-10-16,28,call,34.95,0.15495,-0.039562
733.0,2026-10-16,28,call,34.085,0.154296,-0.038197
734.0,2026-10-16,28,call,33.14,0.151987,-0.036834
735.0,2026-10-16,28,call,32.255,0.150771,-0.035472
736.0,2026-10-16,28,call,31.415,0.150293,-0.034113
737.0,2026-10-16,28,call,30.555,0.149328,-0.032755
738.0,2026-10-16,28,call,29.675,0.147907,-0.031399
739.0,2026-10-16,28,call,28.8,0.146485,-0.030045
740.0,2026-10-16,28,call,27.985,0.145978,-0.028692
741.0,2026-10-16,28,call,27.06,0.143538,-0.027342
742.0,2026-10-16,28,call,26.245,0.142811,-0.025993
743.0,2026-10-16,28,call,25.395,0.141409,-0.024647
744.0,2026-10-16,28,call,24.53,0.139675,-0.023302
745.0,2026-10-16,28,call,23.675,0.138002,-0.021958
746.0,2026-10-16,28,call,22.87,0.136974,-0.020617
747.0,2026-10-16,28,call,22.075,0.135968,-0.019277
748.0,2026-10-16,28,call,21.285,0.134906,-0.01794
749.0,2026-10-16,28,call,20.475,0.133436,-0.016604
750.0,2026-10-16,28,call,19.66,0.131782,-0.015269
751.0,2026-10-16,28,call,18.925,0.131096,-0.013937
752.0,2026-10-16,28,call,18.16,0.129861,-0.012606
753.0,2026-10-16,28,call,17.415,0.128755,-0.011277
754.0,2026-10-16,28,call,16.64,0.127118,-0.00995
755.0,2026-10-16,28,call,15.92,0.126052,-0.008625
756.0,2026-10-16,28,call,15.155,0.124269,-0.007301
757.0,2026-10-16,28,call,14.495,0.123655,-0.005979
758.0,2026-10-16,28,call,13.79,0.122318,-0.004659
759.0,2026-10-16,28,call,13.105,0.121069,-0.003341
760.0,2026-10-16,28,call,12.445,0.119959,-0.002024
761.0,2026-10-16,28,call,11.78,0.118618,-0.000709
762.0,2026-10-16,28,call,11.18,0.117883,0.000604
763.0,2026-10-16,28,call,10.56,0.116726,0.001915
764.0,2026-10-16,28,call,9.965,0.115682,0.003225
765.0,2026-10-16,28,call,9.37,0.114448,0.004533
766.0,2026-10-16,28,call,8.81,0.113435,0.005839
767.0,2026-10-16,28,call,8.26,0.112341,0.007144
768.0,2026-10-16,28,call,7.73,0.11128,0.008447
769.0,2026-10-16,28,call,7.23,0.110369,0.009748
770.0,2026-10-16,28,call,6.735,0.109304,0.011048
771.0,2026-10-16,28,call,6.28,0.108506,0.012346
772.0,2026-10-16,28,call,5.835,0.107609,0.013642
773.0,2026-10-16,28,call,5.39,0.106481,0.014936
774.0,2026-10-16,28,call,4.98,0.105557,0.016229
775.0,2026-10-16,28,call,4.61,0.104916,0.01752
776.0,2026-10-16,28,call,4.245,0.104102,0.01881
777.0,2026-10-16,28,call,3.91,0.103452,0.020098
778.0,2026-10-16,28,call,3.58,0.102623,0.021384
779.0,2026-10-16,28,call,3.29,0.102117,0.022668
780.0,2026-10-16,28,call,3.015,0.10159,0.023951
781.0,2026-10-16,28,call,2.76,0.101122,0.025232
782.0,2026-10-16,28,call,2.52,0.100645,0.026512
783.0,2026-10-16,28,call,2.285,0.099995,0.02779
784.0,2026-10-16,28,call,2.08,0.099602,0.029066
785.0,2026-10-16,28,call,1.895,0.099323,0.030341
786.0,2026-10-16,28,call,1.72,0.09899,0.031614
787.0,2026-10-16,28,call,1.56,0.098709,0.032886
788.0,2026-10-16,28,call,1.415,0.098498,0.034155
789.0,2026-10-16,28,call,1.28,0.098268,0.035424
790.0,2026-10-16,28,call,1.155,0.098029,0.03669
791.0,2026-10-16,28,call,1.045,0.097921,0.037955
792.0,2026-10-16,28,call,0.95,0.097985,0.039219
793.0,2026-10-16,28,call,0.855,0.097831,0.040481
794.0,2026-10-16,28,call,0.775,0.097895,0.041741
795.0,2026-10-16,28,call,0.685,0.09741,0.042999
796.0,2026-10-16,28,call,0.635,0.098052,0.044257
797.0,2026-10-16,28,call,0.585,0.098555,0.045512
798.0,2026-10-16,28,call,0.525,0.098506,0.046766
799.0,2026-10-16,28,call,0.48,0.098871,0.048018
800.0,2026-10-16,28,call,0.435,0.099068,0.049269
805.0,2026-10-16,28,call,0.285,0.1015,0.0555
810.0,2026-10-16,28,call,0.195,0.104655,0.061692
815.0,2026-10-16,28,call,0.135,0.107867,0.067845
820.0,2026-10-16,28,call,0.105,0.112661,0.073962
825.0,2026-10-16,28,call,0.085,0.117784,0.080041
830.0,2026-10-16,28,call,0.065,0.121825,0.086083
835.0,2026-10-16,28,call,0.055,0.127116,0.092089
840.0,2026-10-16,28,call,0.045,0.131709,0.098059
845.0,2026-10-16,28,call,0.035,0.135398,0.103994
850.0,2026-10-16,28,call,0.035,0.142488,0.109894
855.0,2026-10-16,28,call,0.025,0.144604,0.115759
860.0,2026-10-16,28,call,0.015,0.144393,0.12159
865.0,2026-10-16,28,call,0.015,0.15082,0.127387
870.0,2026-10-16,28,call,0.015,0.157184,0.133151
875.0,2026-10-16,28,call,0.015,0.163489,0.138881
880.0,2026-10-16,28,call,0.015,0.169735,0.144579
385.0,2026-10-16,28,put,0.015,0.753419,-0.682099
390.0,2026-10-16,28,put,0.015,0.739927,-0.669196
395.0,2026-10-16,28,put,0.015,0.726602,-0.656457
400.0,2026-10-16,28,put,0.015,0.713441,-0.643878
405.0,2026-10-16,28,put,0.015,0.700438,-0.631456
410.0,2026-10-16,28,put,0.015,0.68759,-0.619186
415.0,2026-10-16,28,put,0.015,0.674892,-0.607064
420.0,2026-10-16,28,put,0.015,0.662341,-0.595088
425.0,2026-10-16,28,put,0.015,0.649933,-0.583254
430.0,2026-10-16,28,put,0.025,0.663577,-0.571557
435.0,2026-10-16,28,put,0.025,0.650998,-0.559997
440.0,2026-10-16,28,put,0.025,0.638556,-0.548568
445.0,2026-10-16,28,put,0.025,0.626248,-0.537268
450.0,2026-10-16,28,put,0.025,0.614071,-0.526095
455.0,2026-10-16,28,put,0.035,0.619109,-0.515045
460.0,2026-10-16,28,put,0.035,0.606879,-0.504116
465.0,2026-10-16,28,put,0.035,0.594774,-0.493305
470.0,2026-10-16,28,put,0.035,0.582789,-0.48261
475.0,2026-10-16,28,put,0.045,0.583594,-0.472028
480.0,2026-10-16,28,put,0.045,0.57161,-0.461557
485.0,2026-10-16,28,put,0.045,0.559742,-0.451194
490.0,2026-10-16,28,put,0.055,0.558065,-0.440937
495.0,2026-10-16,28,put,0.055,0.546228,-0.430785
500.0,2026-10-16,28,put,0.065,0.54294,-0.420735
505.0,2026-10-16,28,put,0.065,0.531155,-0.410784
510.0,2026-10-16,28,put,0.065,0.519475,-0.400932
515.0,2026-10-16,28,put,0.075,0.51498,-0.391176
520.0,2026-10-16,28,put,0.085,0.509642,-0.381514
525.0,2026-10-16,28,put,0.085,0.497996,-0.371944
530.0,2026-10-16,28,put,0.095,0.491972,-0.362466
535.0,2026-10-16,28,put,0.095,0.480404,-0.353076
540.0,2026-10-16,28,put,0.105,0.473833,-0.343774
545.0,2026-10-16,28,put,0.115,0.466822,-0.334557
550.0,2026-10-16,28,put,0.125,0.459441,-0.325424
555.0,2026-10-16,28,put,0.135,0.451743,-0.316375
560.0,2026-10-16,28,put,0.145,0.443772,-0.307406
565.0,2026-10-16,28,put,0.155,0.435563,-0.298517
570.0,2026-10-16,28,put,0.165,0.427145,-0.289706
575.0,2026-10-16,28,put,0.175,0.418541,-0.280973
580.0,2026-10-16,28,put,0.185,0.409772,-0.272315
585.0,2026-10-16,28,put,0.195,0.400855,-0.263731
590.0,2026-10-16,28,put,0.215,0.394106,-0.25522
595.0,2026-10-16,28,put,0.225,0.384806,-0.246781
600.0,2026-10-16,28,put,0.245,0.377402,-0.238413
605.0,2026-10-16,28,put,0.265,0.369647,-0.230114
610.0,2026-10-16,28,put,0.275,0.359874,-0.221884
615.0,2026-10-16,28,put,0.295,0.351657,-0.21372
620.0,2026-10-16,28,put,0.315,0.343182,-0.205623
625.0,2026-10-16,28,put,0.345,0.33586,-0.197591
630.0,2026-10-16,28,put,0.365,0.326853,-0.189623
635.0,2026-10-16,28,put,0.395,0.318857,-0.181718
640.0,2026-10-16,28,put,0.425,0.310526,-0.173874
645.0,2026-10-16,28,put,0.455,0.301894,-0.166092
650.0,2026-10-16,28,put,0.49,0.293463,-0.15837
655.0,2026-10-16,28,put,0.535,0.285585,-0.150707
660.0,2026-10-16,28,put,0.57,0.276483,-0.143103
665.0,2026-10-16,28,put,0.625,0.268605,-0.135556
670.0,2026-10-16,28,put,0.675,0.259919,-0.128065
675.0,2026-10-16,28,put,0.735,0.251487,-0.12063
680.0,2026-10-16,28,put,0.8,0.2429,-0.11325
685.0,2026-10-16,28,put,0.88,0.234649,-0.105924
690.0,2026-10-16,28,put,0.975,0.226567,-0.098651
695.0,2026-10-16,28,put,1.075,0.218079,-0.091431
700.0,2026-10-16,28,put,1.215,0.21055,-0.084262
701.0,2026-10-16,28,put,1.24,0.208826,-0.082835
702.0,2026-10-16,28,put,1.265,0.207073,-0.081409
703.0,2026-10-16,28,put,1.3,0.205659,-0.079986
704.0,2026-10-16,28,put,1.325,0.203844,-0.078564
705.0,2026-10-16,28,put,1.355,0.202178,-0.077145
706.0,2026-10-16,28,put,1.4,0.200995,-0.075727
707.0,2026-10-16,28,put,1.425,0.199084,-0.074312
708.0,2026-10-16,28,put,1.46,0.197479,-0.072899
709.0,2026-10-16,28,put,1.505,0.196159,-0.071487
710.0,2026-10-16,28,put,1.535,0.194313,-0.070078
711.0,2026-10-16,28,put,1.58,0.192903,-0.06867
712.0,2026-10-16,28,put,1.625,0.191444,-0.067265
713.0,2026-10-16,28,put,1.675,0.190085,-0.065861
714.0,2026-10-16,28,put,1.705,0.188094,-0.06446
715.0,2026-10-16,28,put,1.765,0.186928,-0.06306
716.0,2026-10-16,28,put,1.82,0.185559,-0.061663
717.0,2026-10-16,28,put,1.865,0.183864,-0.060267
718.0,2026-10-16,28,put,1.93,0.182657,-0.058873
719.0,2026-10-16,28,put,1.965,0.180607,-0.057481
720.0,2026-10-16,28,put,2.025,0.179163,-0.056091
721.0,2026-10-16,28,put,2.1,0.178034,-0.054704
722.0,2026-10-16,28,put,2.155,0.176349,-0.053318
723.0,2026-10-16,28,put,2.215,0.174734,-0.051933
724.0,2026-10-16,28,put,2.28,0.173183,-0.050551
725.0,2026-10-16,28,put,2.355,0.171802,-0.049171
726.0,2026-10-16,28,put,2.435,0.170466,-0.047793
727.0,2026-10-16,28,put,2.51,0.168953,-0.046416
728.0,2026-10-16,28,put,2.585,0.167377,-0.045042
729.0,2026-10-16,28,put,2.675,0.166052,-0.043669
730.0,2026-10-16,28,put,2.755,0.164449,-0.042298
731.0,2026-10-16,28,put,2.84,0.162883,-0.040929
732.0,2026-10-16,28,put,2.94,0.161541,-0.039562
733.0,2026-10-16,28,put,3.05,0.160312,-0.038197
734.0,2026-10-16,28,put,3.145,0.158719,-0.036834
735.0,2026-10-16,28,put,3.255,0.157328,-0.035472
736.0,2026-10-16,28,put,3.37,0.155945,-0.034113
737.0,2026-10-16,28,put,3.495,0.154652,-0.032755
738.0,2026-10-16,28,put,3.61,0.1531,-0.031399
739.0,2026-10-16,28,put,3.74,0.151717,-0.030045
740.0,2026-10-16,28,put,3.875,0.150327,-0.028692
741.0,2026-10-16,28,put,4.025,0.149085,-0.027342
742.0,2026-10-16,28,put,4.17,0.147665,-0.025993
743.0,2026-10-16,28,put,4.34,0.146535,-0.024647
744.0,2026-10-16,28,put,4.495,0.145068,-0.023302
745.0,2026-10-16,28,put,4.685,0.144023,-0.021958
746.0,2026-10-16,28,put,4.865,0.142715,-0.020617
747.0,2026-10-16,28,put,5.035,0.141153,-0.019277
748.0,2026-10-16,28,put,5.225,0.139769,-0.01794
749.0,2026-10-16,28,put,5.455,0.138824,-0.016604
750.0,2026-10-16,28,put,5.655,0.137341,-0.015269
751.0,2026-10-16,28,put,5.88,0.136076,-0.013937
752.0,2026-10-16,28,put,6.115,0.134816,-0.012606
753.0,2026-10-16,28,put,6.365,0.133621,-0.011277
754.0,2026-10-16,28,put,6.6,0.132098,-0.00995
755.0,2026-10-16,28,put,6.89,0.131142,-0.008625
756.0,2026-10-16,28,put,7.18,0.130038,-0.007301
757.0,2026-10-16,28,put,7.475,0.128848,-0.005979
758.0,2026-10-16,28,put,7.785,0.127692,-0.004659
759.0,2026-10-16,28,put,8.105,0.126503,-0.003341
760.0,2026-10-16,28,put,8.46,0.125579,-0.002024
761.0,2026-10-16,28,put,8.825,0.124609,-0.000709
762.0,2026-10-16,28,put,9.19,0.12347,0.000604
763.0,2026-10-16,28,put,9.59,0.122577,0.001915
764.0,2026-10-16,28,put,9.985,0.121447,0.003225
765.0,2026-10-16,28,put,10.42,0.120612,0.004533
766.0,2026-10-16,28,put,10.855,0.119591,0.005839
767.0,2026-10-16,28,put,11.32,0.118739,0.007144
768.0,2026-10-16,28,put,11.86,0.118591,0.008447
769.0,2026-10-16,28,put,12.37,0.117894,0.009748
770.0,2026-10-16,28,put,12.905,0.117302,0.011048
771.0,2026-10-16,28,put,13.495,0.117185,0.012346
772.0,2026-10-16,28,put,14.055,0.116505,0.013642
773.0,2026-10-16,28,put,14.645,0.115994,0.014936
774.0,2026-10-16,28,put,15.285,0.115916,0.016229
775.0,2026-10-16,28,put,15.915,0.115515,0.01752
776.0,2026-10-16,28,put,16.605,0.115699,0.01881
777.0,2026-10-16,28,put,17.3,0.115766,0.020098
778.0,2026-10-16,28,put,18.04,0.116261,0.021384
779.0,2026-10-16,28,put,19.44,0.125686,0.022668
780.0,2026-10-16,28,put,19.605,0.117951,0.023951
781.0,2026-10-16,28,put,20.98,0.127065,0.025232
782.0,2026-10-16,28,put,21.79,0.128115,0.026512
783.0,2026-10-16,28,put,22.595,0.128966,0.02779
784.0,2026-10-16,28,put,23.44,0.130287,0.029066
785.0,2026-10-16,28,put,23.86,0.124912,0.030341
786.0,2026-10-16,28,put,24.755,0.126674,0.031614
787.0,2026-10-16,28,put,25.69,0.129004,0.032886
788.0,2026-10-16,28,put,26.495,0.129107,0.034155
794.0,2026-10-16,28,put,32.58,0.149904,0.041741
825.0,2026-10-16,28,put,63.55,0.239113,0.080041
600.0,2026-10-23,35,call,164.44,0.27049,-0.238413
645.0,2026-10-23,35,call,119.975,0.260883,-0.166092
650.0,2026-10-23,35,call,115.035,0.254316,-0.15837
655.0,2026-10-23,35,call,110.165,0.253359,-0.150707
670.0,2026-10-23,35,call,95.32,0.227506,-0.128065
675.0,2026-10-23,35,call,90.535,0.228117,-0.12063
680.0,2026-10-23,35,call,85.56,0.217027,-0.11325
685.0,2026-10-23,35,call,80.76,0.214303,-0.105924
690.0,2026-10-23,35,call,75.825,0.20459,-0.098651
695.0,2026-10-23,35,call,71.075,0.201737,-0.091431
700.0,2026-10-23,35,call,66.195,0.193086,-0.084262
705.0,2026-10-23,35,call,61.41,0.186909,-0.077145
710.0,2026-10-23,35,call,56.665,0.180888,-0.070078
715.0,2026-10-23,35,call,51.45,0.161691,-0.06306
720.0,2026-10-23,35,call,46.74,0.155763,-0.056091
721.0,2026-10-23,35,call,45.815,0.154826,-0.054704
725.0,2026-10-23,35,call,42.745,0.163193,-0.049171
728.0,2026-10-23,35,call,39.48,0.149248,-0.045042
729.0,2026-10-23,35,call,38.58,0.14824,-0.043669
730.0,2026-10-23,35,call,38.28,0.157901,-0.042298
735.0,2026-10-23,35,call,33.855,0.151605,-0.035472
740.0,2026-10-23,35,call,29.575,0.145762,-0.028692
741.0,2026-10-23,35,call,28.71,0.144237,-0.027342
742.0,2026-10-23,35,call,27.875,0.143055,-0.025993
744.0,2026-10-23,35,call,26.26,0.141168,-0.023302
745.0,2026-10-23,35,call,25.405,0.139463,-0.021958
746.0,2026-10-23,35,call,24.59,0.138198,-0.020617
747.0,2026-10-23,35,call,23.815,0.13735,-0.019277
748.0,2026-10-23,35,call,23.015,0.136086,-0.01794
749.0,2026-10-23,35,call,22.25,0.135156,-0.016604
750.0,2026-10-23,35,call,21.43,0.133457,-0.015269
751.0,2026-10-23,35,call,20.7,0.132742,-0.013937
752.0,2026-10-23,35,call,19.94,0.131559,-0.012606
753.0,2026-10-23,35,call,19.2,0.130501,-0.011277
754.0,2026-10-23,35,call,18.465,0.129389,-0.00995
755.0,2026-10-23,35,call,17.725,0.128107,-0.008625
756.0,2026-10-23,35,call,17.045,0.127386,-0.007301
757.0,2026-10-23,35,call,16.33,0.126149,-0.005979
758.0,2026-10-23,35,call,15.63,0.124958,-0.004659
759.0,2026-10-23,35,call,14.975,0.124135,-0.003341
760.0,2026-10-23,35,call,14.27,0.122637,-0.002024
761.0,2026-10-23,35,call,13.62,0.121606,-0.000709
762.0,2026-10-23,35,call,13.02,0.120975,0.000604
763.0,2026-10-23,35,call,12.385,0.119828,0.001915
764.0,2026-10-23,35,call,11.765,0.1187,0.003225
765.0,2026-10-23,35,call,11.18,0.117798,0.004533
766.0,2026-10-23,35,call,10.585,0.116641,0.005839
767.0,2026-10-23,35,call,10.03,0.115755,0.007144
768.0,2026-10-23,35,call,9.48,0.114767,0.008447
769.0,2026-10-23,35,call,8.94,0.113724,0.009748
770.0,2026-10-23,35,call,8.43,0.112839,0.011048
771.0,2026-10-23,35,call,7.93,0.111895,0.012346
772.0,2026-10-23,35,call,7.465,0.11116,0.013642
773.0,2026-10-23,35,call,6.995,0.110198,0.014936
774.0,2026-10-23,35,call,6.565,0.109501,0.016229
775.0,2026-10-23,35,call,6.145,0.108739,0.01752
776.0,2026-10-23,35,call,5.735,0.107908,0.01881
777.0,2026-10-23,35,call,5.35,0.10718,0.020098
778.0,2026-10-23,35,call,4.985,0.1065,0.021384
779.0,2026-10-23,35,call,4.63,0.105749,0.022668
780.0,2026-10-23,35,call,4.315,0.105299,0.023951
781.0,2026-10-23,35,call,3.99,0.104532,0.025232
782.0,2026-10-23,35,call,3.705,0.104085,0.026512
783.0,2026-10-23,35,call,3.425,0.103512,0.02779
784.0,2026-10-23,35,call,3.175,0.103156,0.029066
785.0,2026-10-23,35,call,2.915,0.102462,0.030341
786.0,2026-10-23,35,call,2.7,0.102225,0.031614
787.0,2026-10-23,35,call,2.49,0.101878,0.032886
788.0,2026-10-23,35,call,2.29,0.101495,0.034155
789.0,2026-10-23,35,call,2.105,0.101161,0.035424
790.0,2026-10-23,35,call,1.935,0.100891,0.03669
791.0,2026-10-23,35,call,1.775,0.100608,0.037955
792.0,2026-10-23,35,call,1.625,0.100319,0.039219
793.0,2026-10-23,35,call,1.495,0.100232,0.040481
794.0,2026-10-23,35,call,1.365,0.099964,0.041741
795.0,2026-10-23,35,call,1.255,0.099941,0.042999
796.0,2026-10-23,35,call,1.145,0.099741,0.044257
797.0,2026-10-23,35,call,1.055,0.099842,0.045512
798.0,2026-10-23,35,call,0.965,0.099781,0.046766
799.0,2026-10-23,35,call,0.875,0.099539,0.048018
800.0,2026-10-23,35,call,0.805,0.099682,0.049269
801.0,2026-10-23,35,call,0.745,0.09998,0.050518
802.0,2026-10-23,35,call,0.68,0.099976,0.051766
803.0,2026-10-23,35,call,0.625,0.100149,0.053012
804.0,2026-10-23,35,call,0.565,0.099987,0.054257
805.0,2026-10-23,35,call,0.515,0.100026,0.0555
806.0,2026-10-23,35,call,0.485,0.100737,0.056741
807.0,2026-10-23,35,call,0.455,0.101365,0.057981
808.0,2026-10-23,35,call,0.41,0.101208,0.059219
809.0,2026-10-23,35,call,0.375,0.101359,0.060456
810.0,2026-10-23,35,call,0.345,0.101629,0.061692
811.0,2026-10-23,35,call,0.335,0.102882,0.062925
812.0,2026-10-23,35,call,0.3,0.102665,0.064158
813.0,2026-10-23,35,call,0.29,0.10381,0.065388
814.0,2026-10-23,35,call,0.27,0.104284,0.066618
815.0,2026-10-23,35,call,0.25,0.104662,0.067845
816.0,2026-10-23,35,call,0.235,0.105296,0.069072
817.0,2026-10-23,35,call,0.22,0.105855,0.070296
818.0,2026-10-23,35,call,0.205,0.106333,0.07152
819.0,2026-10-23,35,call,0.195,0.107145,0.072741
820.0,2026-10-23,35,call,0.175,0.107013,0.073962
821.0,2026-10-23,35,call,0.165,0.107673,0.07518
822.0,2026-10-23,35,call,0.16,0.108766,0.076398
823.0,2026-10-23,35,call,0.155,0.109833,0.077614
824.0,2026-10-23,35,call,0.145,0.110343,0.078828
825.0,2026-10-23,35,call,0.135,0.110777,0.080041
830.0,2026-10-23,35,call,0.105,0.114472,0.086083
835.0,2026-10-23,35,call,0.085,0.11857,0.092089
840.0,2026-10-23,35,call,0.075,0.123735,0.098059
845.0,2026-10-23,35,call,0.065,0.128452,0.103994
850.0,2026-10-23,35,call,0.05,0.131269,0.109894
855.0,2026-10-23,35,call,0.045,0.136199,0.115759
860.0,2026-10-23,35,call,0.035,0.138903,0.12159
865.0,2026-10-23,35,call,0.025,0.140365,0.127387
870.0,2026-10-23,35,call,0.025,0.146287,0.133151
875.0,2026-10-23,35,call,0.015,0.145287,0.138881
880.0,2026-10-23,35,call,0.015,0.150877,0.144579
890.0,2026-10-23,35,call,0.015,0.161907,0.155879
895.0,2026-10-23,35,call,0.015,0.16735,0.161481
500.0,2026-10-23,35,put,0.095,0.505016,-0.420735
515.0,2026-10-23,35,put,0.115,0.482035,-0.391176
520.0,2026-10-23,35,put,0.125,0.475416,-0.381514
525.0,2026-10-23,35,put,0.135,0.468491,-0.371944
530.0,2026-10-23,35,put,0.145,0.461304,-0.362466
535.0,2026-10-23,35,put,0.155,0.453891,-0.353076
540.0,2026-10-23,35,put,0.165,0.446279,-0.343774
545.0,2026-10-23,35,put,0.175,0.438493,-0.334557
550.0,2026-10-23,35,put,0.185,0.430553,-0.325424
555.0,2026-10-23,35,put,0.195,0.422476,-0.316375
560.0,2026-10-23,35,put,0.215,0.416642,-0.307406
565.0,2026-10-23,35,put,0.225,0.408208,-0.298517
570.0,2026-10-23,35,put,0.235,0.399683,-0.289706
575.0,2026-10-23,35,put,0.255,0.393037,-0.280973
580.0,2026-10-23,35,put,0.275,0.386078,-0.272315
585.0,2026-10-23,35,put,0.295,0.378844,-0.263731
590.0,2026-10-23,35,put,0.315,0.371369,-0.25522
595.0,2026-10-23,35,put,0.335,0.363677,-0.246781
600.0,2026-10-23,35,put,0.355,0.35579,-0.238413
605.0,2026-10-23,35,put,0.385,0.349009,-0.230114
610.0,2026-10-23,35,put,0.405,0.340712,-0.221884
615.0,2026-10-23,35,put,0.43,0.332836,-0.21372
620.0,2026-10-23,35,put,0.46,0.325289,-0.205623
625.0,2026-10-23,35,put,0.495,0.317984,-0.197591
630.0,2026-10-23,35,put,0.525,0.309936,-0.189623
635.0,2026-10-23,35,put,0.565,0.302537,-0.181718
640.0,2026-10-23,35,put,0.605,0.294841,-0.173874
645.0,2026-10-23,35,put,0.655,0.287607,-0.166092
650.0,2026-10-23,35,put,0.695,0.279344,-0.15837
655.0,2026-10-23,35,put,0.75,0.271809,-0.150707
660.0,2026-10-23,35,put,0.81,0.264229,-0.143103
665.0,2026-10-23,35,put,0.885,0.257108,-0.135556
670.0,2026-10-23,35,put,0.96,0.249543,-0.128065
675.0,2026-10-23,35,put,1.035,0.241574,-0.12063
680.0,2026-10-23,35,put,1.14,0.234509,-0.11325
685.0,2026-10-23,35,put,1.245,0.226903,-0.105924
690.0,2026-10-23,35,put,1.385,0.220051,-0.098651
695.0,2026-10-23,35,put,1.52,0.212379,-0.091431
700.0,2026-10-23,35,put,1.7,0.205473,-0.084262
705.0,2026-10-23,35,put,1.895,0.198219,-0.077145
710.0,2026-10-23,35,put,2.14,0.191436,-0.070078
715.0,2026-10-23,35,put,2.415,0.184407,-0.06306
720.0,2026-10-23,35,put,2.755,0.177739,-0.056091
721.0,2026-10-23,35,put,2.82,0.176208,-0.054704
722.0,2026-10-23,35,put,2.91,0.175122,-0.053318
723.0,2026-10-23,35,put,2.98,0.173595,-0.051933
724.0,2026-10-23,35,put,3.06,0.172211,-0.050551
725.0,2026-10-23,35,put,3.14,0.170777,-0.049171
726.0,2026-10-23,35,put,3.235,0.169565,-0.047793
727.0,2026-10-23,35,put,3.335,0.168381,-0.046416
728.0,2026-10-23,35,put,3.425,0.166964,-0.045042
729.0,2026-10-23,35,put,3.53,0.165748,-0.043669
730.0,2026-10-23,35,put,3.645,0.164637,-0.042298
731.0,2026-10-23,35,put,3.73,0.162967,-0.040929
732.0,2026-10-23,35,put,3.85,0.161812,-0.039562
733.0,2026-10-23,35,put,3.96,0.160432,-0.038197
734.0,2026-10-23,35,put,4.075,0.159067,-0.036834
735.0,2026-10-23,35,put,4.21,0.157944,-0.035472
736.0,2026-10-23,35,put,4.35,0.156823,-0.034113
737.0,2026-10-23,35,put,4.485,0.155553,-0.032755
738.0,2026-10-23,35,put,4.62,0.154212,-0.031399
739.0,2026-10-23,35,put,4.775,0.153085,-0.030045
740.0,2026-10-23,35,put,4.92,0.15174,-0.028692
741.0,2026-10-23,35,put,5.07,0.150389,-0.027342
742.0,2026-10-23,35,put,5.265,0.14957,-0.025993
743.0,2026-10-23,35,put,5.415,0.148061,-0.024647
744.0,2026-10-23,35,put,5.615,0.14713,-0.023302
745.0,2026-10-23,35,put,5.785,0.145721,-0.021958
746.0,2026-10-23,35,put,5.975,0.144484,-0.020617
747.0,2026-10-23,35,put,6.195,0.143532,-0.019277
748.0,2026-10-23,35,put,6.405,0.14236,-0.01794
749.0,2026-10-23,35,put,6.6,0.140912,-0.016604
750.0,2026-10-23,35,put,6.835,0.139853,-0.015269
751.0,2026-10-23,35,put,7.085,0.13887,-0.013937
752.0,2026-10-23,35,put,7.335,0.137782,-0.012606
753.0,2026-10-23,35,put,7.575,0.136473,-0.011277
754.0,2026-10-23,35,put,7.845,0.135404,-0.00995
755.0,2026-10-23,35,put,8.13,0.134394,-0.008625
756.0,2026-10-23,35,put,8.44,0.133549,-0.007301
757.0,2026-10-23,35,put,8.72,0.132253,-0.005979
758.0,2026-10-23,35,put,9.035,0.131228,-0.004659
759.0,2026-10-23,35,put,9.385,0.130463,-0.003341
760.0,2026-10-23,35,put,9.725,0.129462,-0.002024
761.0,2026-10-23,35,put,10.065,0.128335,-0.000709
762.0,2026-10-23,35,put,10.43,0.127348,0.000604
763.0,2026-10-23,35,put,10.83,0.126602,0.001915
764.0,2026-10-23,35,put,11.24,0.125826,0.003225
765.0,2026-10-23,35,put,11.645,0.124859,0.004533
766.0,2026-10-23,35,put,12.095,0.124228,0.005839
767.0,2026-10-23,35,put,12.53,0.123295,0.007144
768.0,2026-10-23,35,put,13.02,0.122801,0.008447
769.0,2026-10-23,35,put,13.53,0.122374,0.009748
770.0,2026-10-23,35,put,14.045,0.121852,0.011048
771.0,2026-10-23,35,put,14.545,0.121018,0.012346
772.0,2026-10-23,35,put,15.115,0.120789,0.013642
773.0,2026-10-23,35,put,15.67,0.120246,0.014936
774.0,2026-10-23,35,put,16.26,0.119934,0.016229
775.0,2026-10-23,35,put,16.885,0.119862,0.01752
776.0,2026-10-23,35,put,17.52,0.119754,0.01881
777.0,2026-10-23,35,put,18.2,0.120015,0.020098
778.0,2026-10-23,35,put,18.865,0.119961,0.021384
779.0,2026-10-23,35,put,19.575,0.120293,0.022668
780.0,2026-10-23,35,put,20.265,0.120249,0.023951
783.0,2026-10-23,35,put,22.58,0.122325,0.02779
784.0,2026-10-23,35,put,23.98,0.130772,0.029066
785.0,2026-10-23,35,put,24.775,0.131554,0.030341
805.0,2026-10-23,35,put,43.55,0.174373,0.0555
821.0,2026-10-23,35,put,59.55,0.21677,0.07518
550.0,2026-10-30,42,call,214.7,0.284328,-0.325424
565.0,2026-10-30,42,call,206.935,0.695686,-0.298517
575.0,2026-10-30,42,call,189.865,0.283922,-0.280973
580.0,2026-10-30,42,call,185.005,0.32531,-0.272315
590.0,2026-10-30,42,call,175.055,0.305301,-0.25522
595.0,2026-10-30,42,call,170.16,0.312996,-0.246781
600.0,2026-10-30,42,call,165.175,0.301176,-0.238413
605.0,2026-10-30,42,call,160.13,0.275922,-0.230114
610.0,2026-10-30,42,call,155.245,0.285165,-0.221884
615.0,2026-10-30,42,call,150.355,0.288264,-0.21372
620.0,2026-10-30,42,call,145.415,0.282842,-0.205623
630.0,2026-10-30,42,call,135.515,0.268728,-0.189623
635.0,2026-10-30,42,call,130.65,0.269332,-0.181718
640.0,2026-10-30,42,call,125.72,0.263015,-0.173874
641.0,2026-10-30,42,call,124.75,0.262969,-0.172313
642.0,2026-10-30,42,call,123.635,0.250883,-0.170754
645.0,2026-10-30,42,call,120.84,0.259998,-0.166092
646.0,2026-10-30,42,call,119.845,0.25795,-0.164543
650.0,2026-10-30,42,call,115.945,0.255071,-0.15837
655.0,2026-10-30,42,call,111.04,0.248964,-0.150707
656.0,2026-10-30,42,call,109.635,0.217063,-0.149182
658.0,2026-10-30,42,call,107.795,0.225806,-0.146138
660.0,2026-10-30,42,call,106.09,0.239975,-0.143103
661.0,2026-10-30,42,call,105.035,0.234489,-0.141589
662.0,2026-10-30,42,call,105.825,0.300984,-0.140077
664.0,2026-10-30,42,call,102.125,0.232462,-0.137061
665.0,2026-10-30,42,call,101.15,0.231441,-0.135556
666.0,2026-10-30,42,call,101.0,0.264757,-0.134053
668.0,2026-10-30,42,call,98.305,0.23208,-0.131054
669.0,2026-10-30,42,call,97.22,0.22562,-0.129559
670.0,2026-10-30,42,call,96.33,0.228522,-0.128065
672.0,2026-10-30,42,call,94.36,0.225169,-0.125084
673.0,2026-10-30,42,call,93.36,0.222812,-0.123597
674.0,2026-10-30,42,call,92.515,0.227088,-0.122113
675.0,2026-10-30,42,call,91.495,0.22389,-0.12063
677.0,2026-10-30,42,call,89.5,0.219358,-0.117671
678.0,2026-10-30,42,call,88.605,0.221159,-0.116195
679.0,2026-10-30,42,call,87.655,0.220683,-0.114722
680.0,2026-10-30,42,call,86.55,0.214265,-0.11325
681.0,2026-10-30,42,call,85.575,0.212873,-0.11178
682.0,2026-10-30,42,call,84.725,0.216094,-0.110313
683.0,2026-10-30,42,call,83.69,0.212439,-0.108848
684.0,2026-10-30,42,call,82.715,0.210958,-0.107385
685.0,2026-10-30,42,call,81.76,0.210164,-0.105924
686.0,2026-10-30,42,call,80.775,0.208295,-0.104465
687.0,2026-10-30,42,call,79.81,0.207102,-0.103008
688.0,2026-10-30,42,call,78.625,0.198205,-0.101554
689.0,2026-10-30,42,call,77.975,0.207695,-0.100101
690.0,2026-10-30,42,call,76.965,0.20496,-0.098651
691.0,2026-10-30,42,call,76.08,0.206086,-0.097203
692.0,2026-10-30,42,call,75.105,0.2044,-0.095757
693.0,2026-10-30,42,call,74.13,0.202701,-0.094313
694.0,2026-10-30,42,call,73.145,0.200698,-0.092871
695.0,2026-10-30,42,call,72.435,0.206315,-0.091431
696.0,2026-10-30,42,call,71.285,0.199761,-0.089993
697.0,2026-10-30,42,call,70.59,0.205353,-0.088557
698.0,2026-10-30,42,call,69.395,0.197792,-0.087124
699.0,2026-10-30,42,call,68.715,0.203424,-0.085692
700.0,2026-10-30,42,call,67.655,0.199424,-0.084262
701.0,2026-10-30,42,call,66.555,0.194427,-0.082835
702.0,2026-10-30,42,call,65.475,0.189913,-0.081409
703.0,2026-10-30,42,call,72.405,0.322063,-0.079986
704.0,2026-10-30,42,call,63.72,0.190876,-0.078564
705.0,2026-10-30,42,call,62.695,0.187752,-0.077145
706.0,2026-10-30,42,call,61.795,0.18754,-0.075727
707.0,2026-10-30,42,call,60.865,0.186577,-0.074312
708.0,2026-10-30,42,call,59.88,0.184351,-0.072899
709.0,2026-10-30,42,call,58.995,0.184302,-0.071487
710.0,2026-10-30,42,call,58.045,0.182788,-0.070078
711.0,2026-10-30,42,call,57.11,0.181562,-0.06867
712.0,2026-10-30,42,call,55.59,0.167628,-0.067265
713.0,2026-10-30,42,call,55.26,0.179402,-0.065861
714.0,2026-10-30,42,call,54.355,0.178652,-0.06446
715.0,2026-10-30,42,call,53.42,0.177266,-0.06306
716.0,2026-10-30,42,call,52.525,0.176605,-0.061663
717.0,2026-10-30,42,call,51.525,0.173925,-0.060267
718.0,2026-10-30,42,call,50.69,0.17428,-0.058873
719.0,2026-10-30,42,call,49.785,0.173277,-0.057481
720.0,2026-10-30,42,call,48.86,0.171872,-0.056091
721.0,2026-10-30,42,call,47.965,0.170948,-0.054704
722.0,2026-10-30,42,call,47.03,0.169292,-0.053318
723.0,2026-10-30,42,call,46.135,0.168272,-0.051933
724.0,2026-10-30,42,call,45.23,0.167036,-0.050551
725.0,2026-10-30,42,call,44.34,0.165996,-0.049171
726.0,2026-10-30,42,call,43.445,0.164822,-0.047793
727.0,2026-10-30,42,call,42.56,0.163754,-0.046416
728.0,2026-10-30,42,call,41.67,0.162556,-0.045042
729.0,2026-10-30,42,call,40.795,0.16153,-0.043669
730.0,2026-10-30,42,call,39.915,0.160374,-0.042298
731.0,2026-10-30,42,call,39.06,0.159524,-0.040929
732.0,2026-10-30,42,call,38.185,0.158325,-0.039562
733.0,2026-10-30,42,call,37.335,0.157419,-0.038197
734.0,2026-10-30,42,call,36.5,0.156653,-0.036834
735.0,2026-10-30,42,call,35.585,0.154738,-0.035472
736.0,2026-10-30,42,call,34.765,0.154048,-0.034113
737.0,2026-10-30,42,call,33.905,0.15276,-0.032755
738.0,2026-10-30,42,call,33.1,0.152119,-0.031399
739.0,2026-10-30,42,call,32.265,0.151021,-0.030045
740.0,2026-10-30,42,call,31.39,0.149358,-0.028692
741.0,2026-10-30,42,call,30.57,0.148319,-0.027342
742.0,2026-10-30,42,call,29.76,0.14733,-0.025993
743.0,2026-10-30,42,call,28.975,0.146565,-0.024647
744.0,2026-10-30,42,call,28.15,0.145249,-0.023302
745.0,2026-10-30,42,call,27.34,0.14404,-0.021958
746.0,2026-10-30,42,call,26.585,0.143386,-0.020617
747.0,2026-10-30,42,call,25.78,0.142082,-0.019277
748.0,2026-10-30,42,call,25.035,0.141372,-0.01794
749.0,2026-10-30,42,call,24.195,0.139531,-0.016604
750.0,2026-10-30,42,call,23.485,0.139035,-0.015269
751.0,2026-10-30,42,call,22.725,0.137907,-0.013937
752.0,2026-10-30,42,call,21.985,0.136907,-0.012606
753.0,2026-10-30,42,call,21.25,0.135871,-0.011277
754.0,2026-10-30,42,call,20.5,0.134589,-0.00995
755.0,2026-10-30,42,call,19.77,0.133427,-0.008625
756.0,2026-10-30,42,call,19.1,0.132784,-0.007301
757.0,2026-10-30,42,call,18.395,0.131686,-0.005979
758.0,2026-10-30,42,call,17.705,0.130641,-0.004659
759.0,2026-10-30,42,call,17.02,0.129547,-0.003341
760.0,2026-10-30,42,call,16.385,0.128847,-0.002024
761.0,2026-10-30,42,call,15.725,0.127792,-0.000709
762.0,2026-10-30,42,call,15.085,0.126827,0.000604
763.0,2026-10-30,42,call,14.47,0.125998,0.001915
764.0,2026-10-30,42,call,13.805,0.124568,0.003225
765.0,2026-10-30,42,call,13.23,0.123901,0.004533
766.0,2026-10-30,42,call,12.62,0.122777,0.005839
767.0,2026-10-30,42,call,12.085,0.122261,0.007144
768.0,2026-10-30,42,call,11.505,0.121187,0.008447
769.0,2026-10-30,42,call,10.945,0.120182,0.009748
770.0,2026-10-30,42,call,10.43,0.119489,0.011048
771.0,2026-10-30,42,call,9.895,0.118472,0.012346
772.0,2026-10-30,42,call,9.395,0.117666,0.013642
773.0,2026-10-30,42,call,8.91,0.116875,0.014936
774.0,2026-10-30,42,call,8.445,0.116147,0.016229
775.0,2026-10-30,42,call,7.995,0.115432,0.01752
776.0,2026-10-30,42,call,7.55,0.114627,0.01881
777.0,2026-10-30,42,call,7.135,0.113987,0.020098
778.0,2026-10-30,42,call,6.715,0.113152,0.021384
779.0,2026-10-30,42,call,6.32,0.11243,0.022668
780.0,2026-10-30,42,call,5.94,0.111718,0.023951
781.0,2026-10-30,42,call,5.59,0.111182,0.025232
782.0,2026-10-30,42,call,5.255,0.110665,0.026512
783.0,2026-10-30,42,call,4.925,0.110053,0.02779
784.0,2026-10-30,42,call,4.605,0.109401,0.029066
785.0,2026-10-30,42,call,4.315,0.108946,0.030341
786.0,2026-10-30,42,call,4.045,0.108582,0.031614
787.0,2026-10-30,42,call,3.79,0.108255,0.032886
788.0,2026-10-30,42,call,3.535,0.107778,0.034155
789.0,2026-10-30,42,call,3.29,0.107273,0.035424
790.0,2026-10-30,42,call,3.065,0.106878,0.03669
791.0,2026-10-30,42,call,2.86,0.106609,0.037955
792.0,2026-10-30,42,call,2.66,0.10626,0.039219
793.0,2026-10-30,42,call,2.48,0.106056,0.040481
794.0,2026-10-30,42,call,2.31,0.105861,0.041741
795.0,2026-10-30,42,call,2.13,0.105351,0.042999
796.0,2026-10-30,42,call,1.98,0.105178,0.044257
797.0,2026-10-30,42,call,1.85,0.105209,0.045512
798.0,2026-10-30,42,call,1.72,0.105107,0.046766
799.0,2026-10-30,42,call,1.595,0.104957,0.048018
800.0,2026-10-30,42,call,1.48,0.10486,0.049269
801.0,2026-10-30,42,call,1.365,0.104618,0.050518
802.0,2026-10-30,42,call,1.265,0.104548,0.051766
803.0,2026-10-30,42,call,1.165,0.104336,0.053012
804.0,2026-10-30,42,call,1.085,0.104452,0.054257
805.0,2026-10-30,42,call,1.01,0.10457,0.0555
806.0,2026-10-30,42,call,0.93,0.104433,0.056741
807.0,2026-10-30,42,call,0.855,0.104287,0.057981
808.0,2026-10-30,42,call,0.805,0.104727,0.059219
809.0,2026-10-30,42,call,0.74,0.104616,0.060456
810.0,2026-10-30,42,call,0.69,0.104848,0.061692
811.0,2026-10-30,42,call,0.64,0.104973,0.062925
812.0,2026-10-30,42,call,0.605,0.105517,0.064158
813.0,2026-10-30,42,call,0.56,0.105612,0.065388
814.0,2026-10-30,42,call,0.515,0.105586,0.066618
815.0,2026-10-30,42,call,0.485,0.106056,0.067845
816.0,2026-10-30,42,call,0.445,0.106007,0.069072
817.0,2026-10-30,42,call,0.425,0.106755,0.070296
818.0,2026-10-30,42,call,0.39,0.106725,0.07152
819.0,2026-10-30,42,call,0.365,0.10708,0.072741
820.0,2026-10-30,42,call,0.345,0.107619,0.073962
821.0,2026-10-30,42,call,0.33,0.108372,0.07518
822.0,2026-10-30,42,call,0.31,0.108788,0.076398
823.0,2026-10-30,42,call,0.285,0.108819,0.077614
824.0,2026-10-30,42,call,0.275,0.109709,0.078828
825.0,2026-10-30,42,call,0.255,0.109894,0.080041
826.0,2026-10-30,42,call,0.245,0.110694,0.081252
827.0,2026-10-30,42,call,0.23,0.111089,0.082462
828.0,2026-10-30,42,call,0.215,0.111412,0.08367
829.0,2026-10-30,42,call,0.205,0.112064,0.084877
830.0,2026-10-30,42,call,0.195,0.112671,0.086083
831.0,2026-10-30,42,call,0.185,0.113229,0.087287
832.0,2026-10-30,42,call,0.175,0.113735,0.08849
833.0,2026-10-30,42,call,0.175,0.11514,0.089691
834.0,2026-10-30,42,call,0.165,0.115576,0.090891
835.0,2026-10-30,42,call,0.155,0.115951,0.092089
840.0,2026-10-30,42,call,0.125,0.119309,0.098059
845.0,2026-10-30,42,call,0.105,0.123146,0.103994
850.0,2026-10-30,42,call,0.09,0.127135,0.109894
855.0,2026-10-30,42,call,0.075,0.130549,0.115759
860.0,2026-10-30,42,call,0.065,0.134419,0.12159
865.0,2026-10-30,42,call,0.055,0.137801,0.127387
870.0,2026-10-30,42,call,0.045,0.140577,0.133151
875.0,2026-10-30,42,call,0.035,0.142542,0.138881
880.0,2026-10-30,42,call,0.035,0.14799,0.144579
885.0,2026-10-30,42,call,0.025,0.148562,0.150245
890.0,2026-10-30,42,call,0.025,0.15377,0.155879
895.0,2026-10-30,42,call,0.025,0.158932,0.161481
900.0,2026-10-30,42,call,0.015,0.156848,0.167052
470.0,2026-10-30,42,put,0.105,0.528801,-0.48261
475.0,2026-10-30,42,put,0.105,0.518201,-0.472028
480.0,2026-10-30,42,put,0.115,0.512423,-0.461557
485.0,2026-10-30,42,put,0.125,0.506287,-0.451194
490.0,2026-10-30,42,put,0.135,0.499848,-0.440937
495.0,2026-10-30,42,put,0.145,0.49315,-0.430785
500.0,2026-10-30,42,put,0.145,0.482736,-0.420735
505.0,2026-10-30,42,put,0.155,0.475843,-0.410784
510.0,2026-10-30,42,put,0.175,0.471834,-0.400932
515.0,2026-10-30,42,put,0.185,0.464403,-0.391176
520.0,2026-10-30,42,put,0.195,0.456843,-0.381514
525.0,2026-10-30,42,put,0.205,0.449166,-0.371944
530.0,2026-10-30,42,put,0.215,0.441388,-0.362466
535.0,2026-10-30,42,put,0.235,0.435767,-0.353076
540.0,2026-10-30,42,put,0.245,0.427705,-0.343774
545.0,2026-10-30,42,put,0.265,0.421561,-0.334557
550.0,2026-10-30,42,put,0.275,0.413282,-0.325424
555.0,2026-10-30,42,put,0.295,0.40672,-0.316375
560.0,2026-10-30,42,put,0.315,0.399924,-0.307406
565.0,2026-10-30,42,put,0.335,0.39292,-0.298517
570.0,2026-10-30,42,put,0.355,0.38573,-0.289706
575.0,2026-10-30,42,put,0.375,0.378374,-0.280973
580.0,2026-10-30,42,put,0.405,0.372142,-0.272315
585.0,2026-10-30,42,put,0.425,0.364431,-0.263731
590.0,2026-10-30,42,put,0.455,0.357727,-0.25522
595.0,2026-10-30,42,put,0.485,0.350785,-0.246781
600.0,2026-10-30,42,put,0.515,0.343628,-0.238413
605.0,2026-10-30,42,put,0.545,0.336276,-0.230114
610.0,2026-10-30,42,put,0.585,0.329617,-0.221884
615.0,2026-10-30,42,put,0.625,0.32269,-0.21372
620.0,2026-10-30,42,put,0.665,0.315521,-0.205623
625.0,2026-10-30,42,put,0.705,0.308131,-0.197591
630.0,2026-10-30,42,put,0.755,0.301208,-0.189623
635.0,2026-10-30,42,put,0.81,0.294328,-0.181718
640.0,2026-10-30,42,put,0.865,0.287162,-0.173874
641.0,2026-10-30,42,put,0.88,0.285926,-0.172313
642.0,2026-10-30,42,put,0.89,0.284391,-0.170754
643.0,2026-10-30,42,put,0.905,0.283126,-0.169198
644.0,2026-10-30,42,put,0.92,0.281845,-0.167644
645.0,2026-10-30,42,put,0.935,0.280548,-0.166092
646.0,2026-10-30,42,put,0.945,0.27897,-0.164543
647.0,2026-10-30,42,put,0.96,0.277646,-0.162996
648.0,2026-10-30,42,put,0.97,0.276048,-0.161452
649.0,2026-10-30,42,put,0.99,0.274955,-0.15991
650.0,2026-10-30,42,put,1.005,0.273588,-0.15837
651.0,2026-10-30,42,put,1.015,0.271958,-0.156833
652.0,2026-10-30,42,put,1.035,0.270812,-0.155298
653.0,2026-10-30,42,put,1.045,0.269161,-0.153766
654.0,2026-10-30,42,put,1.065,0.267981,-0.152235
655.0,2026-10-30,42,put,1.07,0.266075,-0.150707
656.0,2026-10-30,42,put,1.09,0.264866,-0.149182
657.0,2026-10-30,42,put,1.105,0.263409,-0.147659
658.0,2026-10-30,42,put,1.12,0.261939,-0.146138
659.0,2026-10-30,42,put,1.145,0.260901,-0.144619
660.0,2026-10-30,42,put,1.16,0.259401,-0.143103
661.0,2026-10-30,42,put,1.175,0.257888,-0.141589
662.0,2026-10-30,42,put,1.195,0.256577,-0.140077
663.0,2026-10-30,42,put,1.215,0.255248,-0.138568
664.0,2026-10-30,42,put,1.24,0.254108,-0.137061
665.0,2026-10-30,42,put,1.255,0.252539,-0.135556
666.0,2026-10-30,42,put,1.275,0.25116,-0.134053
667.0,2026-10-30,42,put,1.3,0.249961,-0.132553
668.0,2026-10-30,42,put,1.315,0.248352,-0.131054
669.0,2026-10-30,42,put,1.345,0.247307,-0.129559
670.0,2026-10-30,42,put,1.36,0.24567,-0.128065
671.0,2026-10-30,42,put,1.38,0.244209,-0.126574
672.0,2026-10-30,42,put,1.4,0.242733,-0.125084
673.0,2026-10-30,42,put,1.43,0.241603,-0.123597
674.0,2026-10-30,42,put,1.45,0.240093,-0.122113
675.0,2026-10-30,42,put,1.475,0.238744,-0.12063
676.0,2026-10-30,42,put,1.515,0.23789,-0.11915
677.0,2026-10-30,42,put,1.53,0.236157,-0.117671
678.0,2026-10-30,42,put,1.555,0.234749,-0.116195
679.0,2026-10-30,42,put,1.59,0.23365,-0.114722
680.0,2026-10-30,42,put,1.61,0.23204,-0.11325
681.0,2026-10-30,42,put,1.64,0.230734,-0.11178
682.0,2026-10-30,42,put,1.665,0.229251,-0.110313
683.0,2026-10-30,42,put,1.695,0.227905,-0.108848
684.0,2026-10-30,42,put,1.73,0.226689,-0.107385
685.0,2026-10-30,42,put,1.77,0.225596,-0.105924
686.0,2026-10-30,42,put,1.795,0.224034,-0.104465
687.0,2026-10-30,42,put,1.825,0.2226,-0.103008
688.0,2026-10-30,42,put,1.865,0.221431,-0.101554
689.0,2026-10-30,42,put,1.895,0.219953,-0.100101
690.0,2026-10-30,42,put,1.935,0.218732,-0.098651
691.0,2026-10-30,42,put,1.97,0.217348,-0.097203
692.0,2026-10-30,42,put,2.005,0.215942,-0.095757
693.0,2026-10-30,42,put,2.055,0.214906,-0.094313
694.0,2026-10-30,42,put,2.085,0.21332,-0.092871
695.0,2026-10-30,42,put,2.13,0.212098,-0.091431
696.0,2026-10-30,42,put,2.175,0.210846,-0.089993
697.0,2026-10-30,42,put,2.215,0.209442,-0.088557
698.0,2026-10-30,42,put,2.27,0.208377,-0.087124
699.0,2026-10-30,42,put,2.305,0.206801,-0.085692
700.0,2026-10-30,42,put,2.355,0.205556,-0.084262
701.0,2026-10-30,42,put,2.405,0.20428,-0.082835
702.0,2026-10-30,42,put,2.455,0.202974,-0.081409
703.0,2026-10-30,42,put,2.505,0.201639,-0.079986
704.0,2026-10-30,42,put,2.55,0.200165,-0.078564
705.0,2026-10-30,42,put,2.615,0.199096,-0.077145
706.0,2026-10-30,42,put,2.675,0.197883,-0.075727
707.0,2026-10-30,42,put,2.725,0.196427,-0.074312
708.0,2026-10-30,42,put,2.78,0.195046,-0.072899
709.0,2026-10-30,42,put,2.84,0.193736,-0.071487
710.0,2026-10-30,42,put,2.92,0.192788,-0.070078
711.0,2026-10-30,42,put,2.97,0.191212,-0.06867
712.0,2026-10-30,42,put,3.045,0.190088,-0.067265
713.0,2026-10-30,42,put,3.12,0.188924,-0.065861
714.0,2026-10-30,42,put,3.185,0.187534,-0.06446
715.0,2026-10-30,42,put,3.26,0.186293,-0.06306
716.0,2026-10-30,42,put,3.34,0.185102,-0.061663
717.0,2026-10-30,42,put,3.41,0.183695,-0.060267
718.0,2026-10-30,42,put,3.49,0.182425,-0.058873
719.0,2026-10-30,42,put,3.58,0.181286,-0.057481
720.0,2026-10-30,42,put,3.665,0.180019,-0.056091
721.0,2026-10-30,42,put,3.755,0.178792,-0.054704
722.0,2026-10-30,42,put,3.845,0.177521,-0.053318
723.0,2026-10-30,42,put,3.95,0.176447,-0.051933
724.0,2026-10-30,42,put,4.055,0.175322,-0.050551
725.0,2026-10-30,42,put,4.15,0.173994,-0.049171
726.0,2026-10-30,42,put,4.265,0.172926,-0.047793
727.0,2026-10-30,42,put,4.36,0.171507,-0.046416
728.0,2026-10-30,42,put,4.47,0.170265,-0.045042
729.0,2026-10-30,42,put,4.585,0.169047,-0.043669
730.0,2026-10-30,42,put,4.715,0.167991,-0.042298
731.0,2026-10-30,42,put,4.825,0.166599,-0.040929
732.0,2026-10-30,42,put,4.965,0.165573,-0.039562
733.0,2026-10-30,42,put,5.09,0.164284,-0.038197
734.0,2026-10-30,42,put,5.25,0.16341,-0.036834
735.0,2026-10-30,42,put,5.37,0.161944,-0.035472
736.0,2026-10-30,42,put,5.52,0.160817,-0.034113
737.0,2026-10-30,42,put,5.685,0.159821,-0.032755
738.0,2026-10-30,42,put,5.825,0.158445,-0.031399
739.0,2026-10-30,42,put,5.985,0.157261,-0.030045
740.0,2026-10-30,42,put,6.165,0.156259,-0.028692
741.0,2026-10-30,42,put,6.36,0.155368,-0.027342
742.0,2026-10-30,42,put,6.54,0.154227,-0.025993
743.0,2026-10-30,42,put,6.69,0.152667,-0.024647
744.0,2026-10-30,42,put,6.915,0.151916,-0.023302
745.0,2026-10-30,42,put,7.105,0.150685,-0.021958
746.0,2026-10-30,42,put,7.33,0.149779,-0.020617
747.0,2026-10-30,42,put,7.545,0.148684,-0.019277
748.0,2026-10-30,42,put,7.765,0.147567,-0.01794
749.0,2026-10-30,42,put,7.985,0.146375,-0.016604
750.0,2026-10-30,42,put,8.255,0.145642,-0.015269
751.0,2026-10-30,42,put,8.475,0.144291,-0.013937
752.0,2026-10-30,42,put,8.73,0.143231,-0.012606
753.0,2026-10-30,42,put,9.025,0.142503,-0.011277
754.0,2026-10-30,42,put,9.305,0.141529,-0.00995
755.0,2026-10-30,42,put,9.595,0.140568,-0.008625
756.0,2026-10-30,42,put,9.895,0.139618,-0.007301
757.0,2026-10-30,42,put,10.175,0.138373,-0.005979
758.0,2026-10-30,42,put,10.5,0.137488,-0.004659
759.0,2026-10-30,42,put,10.855,0.136803,-0.003341
760.0,2026-10-30,42,put,11.17,0.135622,-0.002024
761.0,2026-10-30,42,put,11.535,0.134835,-0.000709
762.0,2026-10-30,42,put,11.9,0.133945,0.000604
763.0,2026-10-30,42,put,12.285,0.133145,0.001915
764.0,2026-10-30,42,put,12.665,0.13219,0.003225
765.0,2026-10-30,42,put,13.09,0.131564,0.004533
766.0,2026-10-30,42,put,13.505,0.13073,0.005839
767.0,2026-10-30,42,put,13.955,0.130123,0.007144
768.0,2026-10-30,42,put,14.395,0.129305,0.008447
769.0,2026-10-30,42,put,14.895,0.128955,0.009748
770.0,2026-10-30,42,put,15.38,0.128343,0.011048
771.0,2026-10-30,42,put,15.88,0.127759,0.012346
772.0,2026-10-30,42,put,16.43,0.127547,0.013642
773.0,2026-10-30,42,put,16.96,0.127021,0.014936
774.0,2026-10-30,42,put,17.515,0.126621,0.016229
775.0,2026-10-30,42,put,18.115,0.126552,0.01752
776.0,2026-10-30,42,put,18.665,0.125862,0.01881
777.0,2026-10-30,42,put,19.295,0.125859,0.020098
778.0,2026-10-30,42,put,19.93,0.125792,0.021384
779.0,2026-10-30,42,put,20.56,0.125556,0.022668
780.0,2026-10-30,42,put,21.21,0.12541,0.023951
781.0,2026-10-30,42,put,21.96,0.126212,0.025232
782.0,2026-10-30,42,put,22.635,0.12611,0.026512
783.0,2026-10-30,42,put,23.36,0.126439,0.02779
784.0,2026-10-30,42,put,24.695,0.133393,0.029066
785.0,2026-10-30,42,put,24.86,0.127345,0.030341
786.0,2026-10-30,42,put,25.67,0.128337,0.031614
787.0,2026-10-30,42,put,27.115,0.136536,0.032886
788.0,2026-10-30,42,put,27.88,0.136951,0.034155
789.0,2026-10-30,42,put,28.77,0.138736,0.035424
790.0,2026-10-30,42,put,29.55,0.13917,0.03669
791.0,2026-10-30,42,put,29.9,0.134292,0.037955
792.0,2026-10-30,42,put,30.785,0.135763,0.039219
793.0,2026-10-30,42,put,31.71,0.137683,0.040481
794.0,2026-10-30,42,put,32.655,0.139817,0.041741
795.0,2026-10-30,42,put,33.555,0.141337,0.042999
818.0,2026-10-30,42,put,56.555,0.201132,0.07152
850.0,2026-10-30,42,put,88.555,0.275062,0.109894
490.0,2026-11-20,63,call,282.5,0.763523,-0.440937
505.0,2026-11-20,63,call,260.88,0.254882,-0.410784
515.0,2026-11-20,63,call,250.98,0.30108,-0.391176
525.0,2026-11-20,63,call,241.11,0.323987,-0.371944
530.0,2026-11-20,63,call,236.19,0.332176,-0.362466
535.0,2026-11-20,63,call,231.28,0.338519,-0.353076
540.0,2026-11-20,63,call,226.325,0.331101,-0.343774
545.0,2026-11-20,63,call,221.4,0.330571,-0.334557
550.0,2026-11-20,63,call,216.44,0.321973,-0.325424
555.0,2026-11-20,63,call,211.51,0.319404,-0.316375
560.0,2026-11-20,63,call,206.63,0.32402,-0.307406
565.0,2026-11-20,63,call,201.625,0.30853,-0.298517
570.0,2026-11-20,63,call,196.695,0.304738,-0.289706
575.0,2026-11-20,63,call,191.78,0.302525,-0.280973
580.0,2026-11-20,63,call,186.93,0.306737,-0.272315
585.0,2026-11-20,63,call,182.025,0.303531,-0.263731
590.0,2026-11-20,63,call,177.01,0.28964,-0.25522
595.0,2026-11-20,63,call,172.105,0.286367,-0.246781
600.0,2026-11-20,63,call,167.255,0.286938,-0.238413
605.0,2026-11-20,63,call,162.305,0.279076,-0.230114
610.0,2026-11-20,63,call,157.425,0.276097,-0.221884
615.0,2026-11-20,63,call,152.53,0.271599,-0.21372
620.0,2026-11-20,63,call,147.745,0.272785,-0.205623
625.0,2026-11-20,63,call,142.835,0.26647,-0.197591
630.0,2026-11-20,63,call,137.9,0.258815,-0.189623
635.0,2026-11-20,63,call,132.975,0.251585,-0.181718
640.0,2026-11-20,63,call,128.25,0.252583,-0.173874
645.0,2026-11-20,63,call,123.41,0.248016,-0.166092
650.0,2026-11-20,63,call,117.92,0.217281,-0.15837
655.0,2026-11-20,63,call,113.695,0.236575,-0.150707
660.0,2026-11-20,63,call,108.885,0.231855,-0.143103
665.0,2026-11-20,63,call,103.825,0.219557,-0.135556
670.0,2026-11-20,63,call,99.29,0.221795,-0.128065
675.0,2026-11-20,63,call,94.465,0.215489,-0.12063
680.0,2026-11-20,63,call,89.8,0.21245,-0.11325
685.0,2026-11-20,63,call,85.02,0.206309,-0.105924
690.0,2026-11-20,63,call,80.365,0.202198,-0.098651
695.0,2026-11-20,63,call,75.715,0.197521,-0.091431
700.0,2026-11-20,63,call,71.115,0.193054,-0.084262
705.0,2026-11-20,63,call,65.925,0.178712,-0.077145
710.0,2026-11-20,63,call,61.94,0.182524,-0.070078
715.0,2026-11-20,63,call,58.07,0.185627,-0.06306
720.0,2026-11-20,63,call,53.015,0.172667,-0.056091
725.0,2026-11-20,63,call,48.66,0.167849,-0.049171
730.0,2026-11-20,63,call,44.375,0.162928,-0.042298
735.0,2026-11-20,63,call,40.205,0.158261,-0.035472
740.0,2026-11-20,63,call,36.155,0.153727,-0.028692
745.0,2026-11-20,63,call,32.23,0.149212,-0.021958
750.0,2026-11-20,63,call,28.43,0.14457,-0.015269
755.0,2026-11-20,63,call,24.825,0.140243,-0.008625
760.0,2026-11-20,63,call,21.35,0.135509,-0.002024
765.0,2026-11-20,63,call,18.18,0.131618,0.004533
770.0,2026-11-20,63,call,15.25,0.127851,0.011048
775.0,2026-11-20,63,call,12.555,0.124019,0.01752
780.0,2026-11-20,63,call,10.205,0.120883,0.023951
785.0,2026-11-20,63,call,8.135,0.117862,0.030341
790.0,2026-11-20,63,call,6.395,0.115397,0.03669
795.0,2026-11-20,63,call,4.975,0.113567,0.042999
800.0,2026-11-20,63,call,3.81,0.111979,0.049269
805.0,2026-11-20,63,call,2.89,0.110835,0.0555
810.0,2026-11-20,63,call,2.165,0.109924,0.061692
815.0,2026-11-20,63,call,1.585,0.108893,0.067845
820.0,2026-11-20,63,call,1.2,0.109255,0.073962
825.0,2026-11-20,63,call,0.885,0.109218,0.080041
830.0,2026-11-20,63,call,0.665,0.109844,0.086083
835.0,2026-11-20,63,call,0.515,0.1112,0.092089
840.0,2026-11-20,63,call,0.395,0.112392,0.098059
845.0,2026-11-20,63,call,0.305,0.11373,0.103994
850.0,2026-11-20,63,call,0.245,0.115737,0.109894
855.0,2026-11-20,63,call,0.205,0.118351,0.115759
860.0,2026-11-20,63,call,0.165,0.120245,0.12159
865.0,2026-11-20,63,call,0.145,0.123453,0.127387
870.0,2026-11-20,63,call,0.125,0.126251,0.133151
875.0,2026-11-20,63,call,0.105,0.128558,0.138881
880.0,2026-11-20,63,call,0.085,0.13024,0.144579
885.0,2026-11-20,63,call,0.075,0.13313,0.150245
890.0,2026-11-20,63,call,0.065,0.135673,0.155879
895.0,2026-11-20,63,call,0.055,0.137798,0.161481
900.0,2026-11-20,63,call,0.045,0.139391,0.167052
905.0,2026-11-20,63,call,0.045,0.143734,0.172592
910.0,2026-11-20,63,call,0.035,0.144484,0.178102
915.0,2026-11-20,63,call,0.035,0.148669,0.183581
920.0,2026-11-20,63,call,0.025,0.148175,0.189031
925.0,2026-11-20,63,call,0.025,0.152187,0.194451
930.0,2026-11-20,63,call,0.025,0.156168,0.199842
935.0,2026-11-20,63,call,0.015,0.15329,0.205204
940.0,2026-11-20,63,call,0.015,0.157069,0.210537
945.0,2026-11-20,63,call,0.015,0.160819,0.215842
950.0,2026-11-20,63,call,0.015,0.164541,0.221119
955.0,2026-11-20,63,call,0.015,0.168236,0.226369
960.0,2026-11-20,63,call,0.015,0.171905,0.231591
965.0,2026-11-20,63,call,0.015,0.175546,0.236785
970.0,2026-11-20,63,call,0.015,0.179163,0.241953
300.0,2026-11-20,63,put,0.025,0.705771,-0.93156
305.0,2026-11-20,63,put,0.035,0.712627,-0.915031
310.0,2026-11-20,63,put,0.035,0.70061,-0.89877
315.0,2026-11-20,63,put,0.035,0.688785,-0.88277
320.0,2026-11-20,63,put,0.035,0.677147,-0.867022
325.0,2026-11-20,63,put,0.045,0.679696,-0.851517
330.0,2026-11-20,63,put,0.045,0.668193,-0.83625
335.0,2026-11-20,63,put,0.045,0.656863,-0.821212
340.0,2026-11-20,63,put,0.055,0.656909,-0.806397
345.0,2026-11-20,63,put,0.055,0.645732,-0.791798
350.0,2026-11-20,63,put,0.055,0.634714,-0.77741
355.0,2026-11-20,63,put,0.055,0.62385,-0.763225
360.0,2026-11-20,63,put,0.065,0.62227,-0.749239
365.0,2026-11-20,63,put,0.065,0.611559,-0.735445
370.0,2026-11-20,63,put,0.065,0.600991,-0.72184
375.0,2026-11-20,63,put,0.075,0.598296,-0.708417
380.0,2026-11-20,63,put,0.085,0.594753,-0.695171
385.0,2026-11-20,63,put,0.085,0.584362,-0.682099
390.0,2026-11-20,63,put,0.095,0.580189,-0.669196
395.0,2026-11-20,63,put,0.095,0.569959,-0.656457
400.0,2026-11-20,63,put,0.105,0.565299,-0.643878
405.0,2026-11-20,63,put,0.115,0.560215,-0.631456
410.0,2026-11-20,63,put,0.115,0.550184,-0.619186
415.0,2026-11-20,63,put,0.125,0.544795,-0.607064
420.0,2026-11-20,63,put,0.135,0.539116,-0.595088
425.0,2026-11-20,63,put,0.145,0.533193,-0.583254
430.0,2026-11-20,63,put,0.155,0.527062,-0.571557
435.0,2026-11-20,63,put,0.165,0.520753,-0.559997
440.0,2026-11-20,63,put,0.175,0.514291,-0.548568
445.0,2026-11-20,63,put,0.185,0.507697,-0.537268
450.0,2026-11-20,63,put,0.195,0.500989,-0.526095
455.0,2026-11-20,63,put,0.205,0.49418,-0.515045
460.0,2026-11-20,63,put,0.215,0.487286,-0.504116
465.0,2026-11-20,63,put,0.235,0.482698,-0.493305
470.0,2026-11-20,63,put,0.245,0.475552,-0.48261
475.0,2026-11-20,63,put,0.265,0.470466,-0.472028
480.0,2026-11-20,63,put,0.275,0.463136,-0.461557
485.0,2026-11-20,63,put,0.295,0.457661,-0.451194
490.0,2026-11-20,63,put,0.315,0.451966,-0.440937
495.0,2026-11-20,63,put,0.335,0.446077,-0.430785
500.0,2026-11-20,63,put,0.345,0.438448,-0.420735
505.0,2026-11-20,63,put,0.375,0.43381,-0.410784
510.0,2026-11-20,63,put,0.395,0.427468,-0.400932
515.0,2026-11-20,63,put,0.415,0.421007,-0.391176
520.0,2026-11-20,63,put,0.435,0.41444,-0.381514
525.0,2026-11-20,63,put,0.465,0.408967,-0.371944
530.0,2026-11-20,63,put,0.485,0.402161,-0.362466
535.0,2026-11-20,63,put,0.515,0.396352,-0.353076
540.0,2026-11-20,63,put,0.545,0.390368,-0.343774
545.0,2026-11-20,63,put,0.575,0.384228,-0.334557
550.0,2026-11-20,63,put,0.605,0.377948,-0.325424
555.0,2026-11-20,63,put,0.645,0.372393,-0.316375
560.0,2026-11-20,63,put,0.685,0.366632,-0.307406
565.0,2026-11-20,63,put,0.715,0.359926,-0.298517
570.0,2026-11-20,63,put,0.755,0.353852,-0.289706
575.0,2026-11-20,63,put,0.805,0.348306,-0.280973
580.0,2026-11-20,63,put,0.845,0.3419,-0.272315
585.0,2026-11-20,63,put,0.895,0.335978,-0.263731
590.0,2026-11-20,63,put,0.945,0.329876,-0.25522
595.0,2026-11-20,63,put,1.005,0.324154,-0.246781
600.0,2026-11-20,63,put,1.06,0.317965,-0.238413
605.0,2026-11-20,63,put,1.125,0.312099,-0.230114
610.0,2026-11-20,63,put,1.195,0.306259,-0.221884
615.0,2026-11-20,63,put,1.26,0.299989,-0.21372
620.0,2026-11-20,63,put,1.34,0.294163,-0.205623
625.0,2026-11-20,63,put,1.42,0.288111,-0.197591
630.0,2026-11-20,63,put,1.51,0.282215,-0.189623
635.0,2026-11-20,63,put,1.605,0.276258,-0.181718
640.0,2026-11-20,63,put,1.71,0.27039,-0.173874
645.0,2026-11-20,63,put,1.83,0.264725,-0.166092
650.0,2026-11-20,63,put,1.945,0.258625,-0.15837
655.0,2026-11-20,63,put,2.08,0.252816,-0.150707
660.0,2026-11-20,63,put,2.235,0.247219,-0.143103
665.0,2026-11-20,63,put,2.39,0.241285,-0.135556
670.0,2026-11-20,63,put,2.57,0.2356,-0.128065
675.0,2026-11-20,63,put,2.765,0.229871,-0.12063
680.0,2026-11-20,63,put,2.99,0.224362,-0.11325
685.0,2026-11-20,63,put,3.225,0.218617,-0.105924
690.0,2026-11-20,63,put,3.495,0.213064,-0.098651
695.0,2026-11-20,63,put,3.795,0.207534,-0.091431
700.0,2026-11-20,63,put,4.135,0.202118,-0.084262
705.0,2026-11-20,63,put,4.51,0.196657,-0.077145
710.0,2026-11-20,63,put,4.935,0.191293,-0.070078
715.0,2026-11-20,63,put,5.415,0.185994,-0.06306
720.0,2026-11-20,63,put,5.96,0.180783,-0.056091
725.0,2026-11-20,63,put,6.58,0.175666,-0.049171
730.0,2026-11-20,63,put,7.3,0.170788,-0.042298
735.0,2026-11-20,63,put,8.105,0.165853,-0.035472
740.0,2026-11-20,63,put,9.045,0.161224,-0.028692
745.0,2026-11-20,63,put,10.105,0.156595,-0.021958
750.0,2026-11-20,63,put,11.33,0.152221,-0.015269
755.0,2026-11-20,63,put,12.72,0.147933,-0.008625
760.0,2026-11-20,63,put,14.345,0.144145,-0.002024
765.0,2026-11-20,63,put,16.195,0.140605,0.004533
770.0,2026-11-20,63,put,18.33,0.13765,0.011048
775.0,2026-11-20,63,put,20.85,0.135973,0.01752
780.0,2026-11-20,63,put,23.66,0.134803,0.023951
785.0,2026-11-20,63,put,26.815,0.134655,0.030341
790.0,2026-11-20,63,put,30.41,0.136561,0.03669
795.0,2026-11-20,63,put,33.82,0.135141,0.042999
800.0,2026-11-20,63,put,38.655,0.145871,0.049269
500.0,2026-11-30,73,call,268.51,0.530797,-0.420735
545.0,2026-11-30,73,call,222.01,0.269009,-0.334557
550.0,2026-11-30,73,call,217.14,0.289991,-0.325424
555.0,2026-11-30,73,call,212.225,0.290663,-0.316375
560.0,2026-11-30,73,call,214.175,0.543457,-0.307406
570.0,2026-11-30,73,call,200.07,0.419272,-0.289706
575.0,2026-11-30,73,call,199.46,0.510648,-0.280973
580.0,2026-11-30,73,call,187.69,0.283491,-0.272315
585.0,2026-11-30,73,call,182.8,0.281543,-0.263731
595.0,2026-11-30,73,call,175.795,0.382354,-0.246781
600.0,2026-11-30,73,call,168.07,0.267896,-0.238413
605.0,2026-11-30,73,call,163.24,0.268004,-0.230114
620.0,2026-11-30,73,call,148.51,0.250923,-0.205623
625.0,2026-11-30,73,call,143.735,0.251306,-0.197591
630.0,2026-11-30,73,call,138.885,0.247429,-0.189623
635.0,2026-11-30,73,call,134.045,0.243531,-0.181718
640.0,2026-11-30,73,call,129.11,0.235788,-0.173874
645.0,2026-11-30,73,call,131.46,0.370372,-0.166092
650.0,2026-11-30,73,call,119.45,0.227219,-0.15837
655.0,2026-11-30,73,call,114.63,0.222669,-0.150707
660.0,2026-11-30,73,call,109.905,0.220319,-0.143103
665.0,2026-11-30,73,call,105.175,0.217132,-0.135556
670.0,2026-11-30,73,call,100.38,0.211881,-0.128065
672.0,2026-11-30,73,call,102.545,0.279285,-0.125084
673.0,2026-11-30,73,call,97.475,0.207956,-0.123597
674.0,2026-11-30,73,call,96.55,0.207575,-0.122113
675.0,2026-11-30,73,call,95.605,0.206733,-0.12063
676.0,2026-11-30,73,call,94.715,0.20702,-0.11915
678.0,2026-11-30,73,call,92.76,0.203881,-0.116195
679.0,2026-11-30,73,call,91.915,0.20496,-0.114722
680.0,2026-11-30,73,call,90.955,0.203702,-0.11325
681.0,2026-11-30,73,call,90.005,0.202628,-0.11178
682.0,2026-11-30,73,call,89.065,0.201728,-0.110313
683.0,2026-11-30,73,call,88.145,0.201184,-0.108848
684.0,2026-11-30,73,call,87.17,0.199593,-0.107385
685.0,2026-11-30,73,call,86.25,0.199005,-0.105924
686.0,2026-11-30,73,call,85.28,0.197486,-0.104465
687.0,2026-11-30,73,call,84.395,0.197474,-0.103008
688.0,2026-11-30,73,call,83.41,0.195666,-0.101554
689.0,2026-11-30,73,call,82.535,0.19576,-0.100101
690.0,2026-11-30,73,call,81.615,0.195038,-0.098651
691.0,2026-11-30,73,call,80.655,0.193623,-0.097203
692.0,2026-11-30,73,call,79.165,0.183089,-0.095757
693.0,2026-11-30,73,call,78.825,0.192232,-0.094313
694.0,2026-11-30,73,call,77.895,0.191254,-0.092871
695.0,2026-11-30,73,call,76.975,0.190415,-0.091431
696.0,2026-11-30,73,call,76.06,0.189628,-0.089993
697.0,2026-11-30,73,call,75.115,0.188357,-0.088557
698.0,2026-11-30,73,call,74.18,0.187223,-0.087124
699.0,2026-11-30,73,call,73.275,0.18652,-0.085692
700.0,2026-11-30,73,call,72.4,0.186228,-0.084262
701.0,2026-11-30,73,call,71.445,0.184737,-0.082835
702.0,2026-11-30,73,call,70.535,0.183881,-0.081409
703.0,2026-11-30,73,call,69.615,0.182859,-0.079986
704.0,2026-11-30,73,call,68.715,0.182093,-0.078564
705.0,2026-11-30,73,call,67.815,0.181299,-0.077145
706.0,2026-11-30,73,call,66.935,0.180747,-0.075727
707.0,2026-11-30,73,call,65.985,0.179227,-0.074312
708.0,2026-11-30,73,call,65.11,0.178684,-0.072899
709.0,2026-11-30,73,call,64.2,0.177652,-0.071487
710.0,2026-11-30,73,call,63.265,0.176276,-0.070078
711.0,2026-11-30,73,call,62.395,0.175708,-0.06867
712.0,2026-11-30,73,call,61.515,0.174979,-0.067265
713.0,2026-11-30,73,call,60.59,0.173665,-0.065861
714.0,2026-11-30,73,call,60.33,0.180275,-0.06446
715.0,2026-11-30,73,call,58.865,0.172484,-0.06306
716.0,2026-11-30,73,call,57.965,0.171396,-0.061663
717.0,2026-11-30,73,call,57.07,0.170343,-0.060267
718.0,2026-11-30,73,call,56.215,0.169724,-0.058873
719.0,2026-11-30,73,call,55.315,0.168558,-0.057481
720.0,2026-11-30,73,call,54.45,0.167761,-0.056091
721.0,2026-11-30,73,call,53.58,0.166877,-0.054704
722.0,2026-11-30,73,call,52.735,0.166234,-0.053318
723.0,2026-11-30,73,call,51.865,0.165284,-0.051933
724.0,2026-11-30,73,call,51.005,0.16441,-0.050551
725.0,2026-11-30,73,call,50.155,0.163609,-0.049171
726.0,2026-11-30,73,call,49.29,0.162618,-0.047793
727.0,2026-11-30,73,call,48.45,0.161853,-0.046416
728.0,2026-11-30,73,call,48.16,0.166573,-0.045042
729.0,2026-11-30,73,call,46.71,0.159611,-0.043669
730.0,2026-11-30,73,call,45.88,0.158844,-0.042298
731.0,2026-11-30,73,call,45.04,0.157942,-0.040929
732.0,2026-11-30,73,call,44.255,0.157536,-0.039562
733.0,2026-11-30,73,call,43.43,0.156701,-0.038197
734.0,2026-11-30,73,call,42.57,0.155497,-0.036834
735.0,2026-11-30,73,call,41.775,0.154871,-0.035472
736.0,2026-11-30,73,call,40.93,0.15374,-0.034113
737.0,2026-11-30,73,call,40.135,0.153033,-0.032755
738.0,2026-11-30,73,call,39.325,0.152148,-0.031399
739.0,2026-11-30,73,call,38.49,0.151,-0.030045
740.0,2026-11-30,73,call,37.705,0.150261,-0.028692
741.0,2026-11-30,73,call,36.9,0.149303,-0.027342
742.0,2026-11-30,73,call,36.12,0.148523,-0.025993
743.0,2026-11-30,73,call,35.355,0.147827,-0.024647
744.0,2026-11-30,73,call,34.56,0.146831,-0.023302
745.0,2026-11-30,73,call,33.765,0.145793,-0.021958
746.0,2026-11-30,73,call,33.035,0.145259,-0.020617
747.0,2026-11-30,73,call,32.25,0.144218,-0.019277
748.0,2026-11-30,73,call,31.52,0.143586,-0.01794
749.0,2026-11-30,73,call,30.735,0.142456,-0.016604
750.0,2026-11-30,73,call,30.025,0.14189,-0.015269
751.0,2026-11-30,73,call,29.275,0.140951,-0.013937
752.0,2026-11-30,73,call,28.53,0.140005,-0.012606
753.0,2026-11-30,73,call,27.81,0.139208,-0.011277
754.0,2026-11-30,73,call,27.115,0.138556,-0.00995
755.0,2026-11-30,73,call,26.39,0.137617,-0.008625
756.0,2026-11-30,73,call,25.67,0.136666,-0.007301
757.0,2026-11-30,73,call,24.975,0.135857,-0.005979
758.0,2026-11-30,73,call,24.28,0.134993,-0.004659
759.0,2026-11-30,73,call,23.635,0.134454,-0.003341
760.0,2026-11-30,73,call,22.97,0.133707,-0.002024
761.0,2026-11-30,73,call,22.27,0.132639,-0.000709
762.0,2026-11-30,73,call,21.62,0.13189,0.000604
763.0,2026-11-30,73,call,21.01,0.131381,0.001915
764.0,2026-11-30,73,call,20.39,0.130736,0.003225
765.0,2026-11-30,73,call,19.75,0.129882,0.004533
766.0,2026-11-30,73,call,19.105,0.128929,0.005839
767.0,2026-11-30,73,call,18.535,0.128469,0.007144
768.0,2026-11-30,73,call,17.925,0.12765,0.008447
769.0,2026-11-30,73,call,17.355,0.127061,0.009748
770.0,2026-11-30,73,call,16.735,0.126038,0.011048
771.0,2026-11-30,73,call,16.2,0.125574,0.012346
772.0,2026-11-30,73,call,15.64,0.124859,0.013642
773.0,2026-11-30,73,call,15.1,0.124223,0.014936
774.0,2026-11-30,73,call,14.555,0.123481,0.016229
775.0,2026-11-30,73,call,14.025,0.122779,0.01752
776.0,2026-11-30,73,call,13.515,0.122153,0.01881
777.0,2026-11-30,73,call,13.02,0.121568,0.020098
778.0,2026-11-30,73,call,12.52,0.120872,0.021384
779.0,2026-11-30,73,call,12.04,0.120251,0.022668
780.0,2026-11-30,73,call,11.55,0.11948,0.023951
781.0,2026-11-30,73,call,11.13,0.119163,0.025232
782.0,2026-11-30,73,call,10.655,0.118351,0.026512
783.0,2026-11-30,73,call,10.24,0.117921,0.02779
784.0,2026-11-30,73,call,9.83,0.117454,0.029066
785.0,2026-11-30,73,call,9.415,0.11687,0.030341
786.0,2026-11-30,73,call,9.01,0.116284,0.031614
787.0,2026-11-30,73,call,8.635,0.115857,0.032886
788.0,2026-11-30,73,call,8.255,0.115309,0.034155
789.0,2026-11-30,73,call,7.9,0.114884,0.035424
790.0,2026-11-30,73,call,7.555,0.114461,0.03669
791.0,2026-11-30,73,call,7.215,0.113998,0.037955
792.0,2026-11-30,73,call,6.885,0.113536,0.039219
793.0,2026-11-30,73,call,6.57,0.113121,0.040481
794.0,2026-11-30,73,call,6.29,0.11293,0.041741
795.0,2026-11-30,73,call,5.995,0.112528,0.042999
796.0,2026-11-30,73,call,5.71,0.112132,0.044257
797.0,2026-11-30,73,call,5.43,0.111696,0.045512
798.0,2026-11-30,73,call,5.185,0.111505,0.046766
799.0,2026-11-30,73,call,4.94,0.111235,0.048018
800.0,2026-11-30,73,call,4.695,0.110882,0.049269
801.0,2026-11-30,73,call,4.46,0.110544,0.050518
802.0,2026-11-30,73,call,4.25,0.110377,0.051766
803.0,2026-11-30,73,call,4.035,0.110078,0.053012
804.0,2026-11-30,73,call,3.835,0.109855,0.054257
805.0,2026-11-30,73,call,3.64,0.109605,0.0555
806.0,2026-11-30,73,call,3.465,0.109497,0.056741
807.0,2026-11-30,73,call,3.285,0.109254,0.057981
808.0,2026-11-30,73,call,3.105,0.108926,0.059219
809.0,2026-11-30,73,call,2.955,0.108877,0.060456
810.0,2026-11-30,73,call,2.795,0.108627,0.061692
811.0,2026-11-30,73,call,2.655,0.10855,0.062925
812.0,2026-11-30,73,call,2.515,0.108397,0.064158
813.0,2026-11-30,73,call,2.38,0.108232,0.065388
814.0,2026-11-30,73,call,2.25,0.108055,0.066618
815.0,2026-11-30,73,call,2.13,0.107942,0.067845
816.0,2026-11-30,73,call,2.02,0.107902,0.069072
817.0,2026-11-30,73,call,1.91,0.107787,0.070296
818.0,2026-11-30,73,call,1.805,0.107673,0.07152
819.0,2026-11-30,73,call,1.71,0.107647,0.072741
820.0,2026-11-30,73,call,1.62,0.107634,0.073962
825.0,2026-11-30,73,call,1.225,0.107504,0.080041
830.0,2026-11-30,73,call,0.925,0.107607,0.086083
835.0,2026-11-30,73,call,0.71,0.108258,0.092089
840.0,2026-11-30,73,call,0.55,0.10919,0.098059
845.0,2026-11-30,73,call,0.43,0.110345,0.103994
850.0,2026-11-30,73,call,0.34,0.111715,0.109894
855.0,2026-11-30,73,call,0.275,0.113454,0.115759
860.0,2026-11-30,73,call,0.23,0.115692,0.12159
865.0,2026-11-30,73,call,0.19,0.117654,0.127387
870.0,2026-11-30,73,call,0.165,0.12033,0.133151
875.0,2026-11-30,73,call,0.14,0.122557,0.138881
880.0,2026-11-30,73,call,0.115,0.124226,0.144579
885.0,2026-11-30,73,call,0.105,0.127402,0.150245
890.0,2026-11-30,73,call,0.09,0.12956,0.155879
895.0,2026-11-30,73,call,0.075,0.131248,0.161481
900.0,2026-11-30,73,call,0.065,0.133442,0.167052
905.0,2026-11-30,73,call,0.06,0.136459,0.172592
910.0,2026-11-30,73,call,0.055,0.139309,0.178102
915.0,2026-11-30,73,call,0.045,0.140502,0.183581
920.0,2026-11-30,73,call,0.04,0.142799,0.189031
475.0,2026-11-30,73,put,0.335,0.450659,-0.472028
480.0,2026-11-30,73,put,0.355,0.444931,-0.461557
485.0,2026-11-30,73,put,0.375,0.439059,-0.451194
490.0,2026-11-30,73,put,0.395,0.43306,-0.440937
495.0,2026-11-30,73,put,0.415,0.426948,-0.430785
500.0,2026-11-30,73,put,0.435,0.420735,-0.420735
505.0,2026-11-30,73,put,0.465,0.415624,-0.410784
510.0,2026-11-30,73,put,0.485,0.409187,-0.400932
515.0,2026-11-30,73,put,0.515,0.403753,-0.391176
520.0,2026-11-30,73,put,0.545,0.398152,-0.381514
525.0,2026-11-30,73,put,0.575,0.392402,-0.371944
530.0,2026-11-30,73,put,0.605,0.386519,-0.362466
535.0,2026-11-30,73,put,0.645,0.381372,-0.353076
540.0,2026-11-30,73,put,0.675,0.375217,-0.343774
545.0,2026-11-30,73,put,0.715,0.369739,-0.334557
550.0,2026-11-30,73,put,0.755,0.364096,-0.325424
555.0,2026-11-30,73,put,0.79,0.357958,-0.316375
560.0,2026-11-30,73,put,0.835,0.352379,-0.307406
565.0,2026-11-30,73,put,0.88,0.346643,-0.298517
570.0,2026-11-30,73,put,0.925,0.340763,-0.289706
575.0,2026-11-30,73,put,0.975,0.335034,-0.280973
580.0,2026-11-30,73,put,1.035,0.329689,-0.272315
585.0,2026-11-30,73,put,1.09,0.323902,-0.263731
586.0,2026-11-30,73,put,1.1,0.322677,-0.262023
587.0,2026-11-30,73,put,1.115,0.321693,-0.260318
588.0,2026-11-30,73,put,1.12,0.320211,-0.258616
589.0,2026-11-30,73,put,1.14,0.319455,-0.256916
590.0,2026-11-30,73,put,1.145,0.317967,-0.25522
593.0,2026-11-30,73,put,1.185,0.314664,-0.250148
595.0,2026-11-30,73,put,1.215,0.312576,-0.246781
596.0,2026-11-30,73,put,1.23,0.311519,-0.245102
598.0,2026-11-30,73,put,1.25,0.308939,-0.241752
599.0,2026-11-30,73,put,1.265,0.307861,-0.240081
600.0,2026-11-30,73,put,1.28,0.306774,-0.238413
601.0,2026-11-30,73,put,1.295,0.30568,-0.236748
603.0,2026-11-30,73,put,1.325,0.303467,-0.233425
605.0,2026-11-30,73,put,1.36,0.301426,-0.230114
608.0,2026-11-30,73,put,1.4,0.297801,-0.225168
609.0,2026-11-30,73,put,1.42,0.29684,-0.223524
610.0,2026-11-30,73,put,1.435,0.295676,-0.221884
612.0,2026-11-30,73,put,1.465,0.293327,-0.21861
614.0,2026-11-30,73,put,1.495,0.290951,-0.215348
615.0,2026-11-30,73,put,1.51,0.289753,-0.21372
616.0,2026-11-30,73,put,1.53,0.28873,-0.212096
618.0,2026-11-30,73,put,1.56,0.286298,-0.208854
619.0,2026-11-30,73,put,1.585,0.285424,-0.207237
620.0,2026-11-30,73,put,1.605,0.284362,-0.205623
624.0,2026-11-30,73,put,1.675,0.279691,-0.199192
625.0,2026-11-30,73,put,1.695,0.278586,-0.197591
626.0,2026-11-30,73,put,1.715,0.277473,-0.195992
627.0,2026-11-30,73,put,1.75,0.276831,-0.194396
630.0,2026-11-30,73,put,1.8,0.273088,-0.189623
631.0,2026-11-30,73,put,1.82,0.27193,-0.188037
633.0,2026-11-30,73,put,1.865,0.26974,-0.184872
634.0,2026-11-30,73,put,1.89,0.268705,-0.183294
635.0,2026-11-30,73,put,1.915,0.267658,-0.181718
636.0,2026-11-30,73,put,1.935,0.266456,-0.180144
637.0,2026-11-30,73,put,1.955,0.265246,-0.178573
638.0,2026-11-30,73,put,1.98,0.264171,-0.177004
639.0,2026-11-30,73,put,2.0,0.262945,-0.175438
640.0,2026-11-30,73,put,2.025,0.26185,-0.173874
642.0,2026-11-30,73,put,2.085,0.259901,-0.170754
643.0,2026-11-30,73,put,2.105,0.258639,-0.169198
645.0,2026-11-30,73,put,2.155,0.256358,-0.166092
646.0,2026-11-30,73,put,2.185,0.255332,-0.164543
647.0,2026-11-30,73,put,2.22,0.254422,-0.162996
648.0,2026-11-30,73,put,2.245,0.253244,-0.161452
649.0,2026-11-30,73,put,2.265,0.251932,-0.15991
650.0,2026-11-30,73,put,2.295,0.250861,-0.15837
651.0,2026-11-30,73,put,2.325,0.249779,-0.156833
652.0,2026-11-30,73,put,2.365,0.248927,-0.155298
653.0,2026-11-30,73,put,2.39,0.2477,-0.153766
655.0,2026-11-30,73,put,2.455,0.24557,-0.150707
657.0,2026-11-30,73,put,2.52,0.243392,-0.147659
658.0,2026-11-30,73,put,2.555,0.242342,-0.146138
659.0,2026-11-30,73,put,2.585,0.241168,-0.144619
660.0,2026-11-30,73,put,2.63,0.240313,-0.143103
661.0,2026-11-30,73,put,2.665,0.239223,-0.141589
662.0,2026-11-30,73,put,2.695,0.238014,-0.140077
663.0,2026-11-30,73,put,2.735,0.237007,-0.138568
664.0,2026-11-30,73,put,2.765,0.235776,-0.137061
665.0,2026-11-30,73,put,2.815,0.234949,-0.135556
666.0,2026-11-30,73,put,2.845,0.233695,-0.134053
667.0,2026-11-30,73,put,2.885,0.232634,-0.132553
668.0,2026-11-30,73,put,2.925,0.231559,-0.131054
670.0,2026-11-30,73,put,3.005,0.229368,-0.128065
671.0,2026-11-30,73,put,3.055,0.228446,-0.126574
672.0,2026-11-30,73,put,3.105,0.227506,-0.125084
673.0,2026-11-30,73,put,3.135,0.226173,-0.123597
674.0,2026-11-30,73,put,3.185,0.225203,-0.122113
675.0,2026-11-30,73,put,3.23,0.224125,-0.12063
676.0,2026-11-30,73,put,3.285,0.223214,-0.11915
677.0,2026-11-30,73,put,3.325,0.222015,-0.117671
678.0,2026-11-30,73,put,3.37,0.220893,-0.116195
679.0,2026-11-30,73,put,3.42,0.219844,-0.114722
680.0,2026-11-30,73,put,3.47,0.21878,-0.11325
681.0,2026-11-30,73,put,3.53,0.217871,-0.11178
682.0,2026-11-30,73,put,3.58,0.216774,-0.110313
683.0,2026-11-30,73,put,3.635,0.215745,-0.108848
684.0,2026-11-30,73,put,3.685,0.214617,-0.107385
685.0,2026-11-30,73,put,3.745,0.213637,-0.105924
686.0,2026-11-30,73,put,3.8,0.212558,-0.104465
687.0,2026-11-30,73,put,3.86,0.211543,-0.103008
688.0,2026-11-30,73,put,3.925,0.210588,-0.101554
689.0,2026-11-30,73,put,3.975,0.20938,-0.100101
690.0,2026-11-30,73,put,4.055,0.208619,-0.098651
691.0,2026-11-30,73,put,4.105,0.207378,-0.097203
692.0,2026-11-30,73,put,4.18,0.206499,-0.095757
693.0,2026-11-30,73,put,4.24,0.205375,-0.094313
694.0,2026-11-30,73,put,4.295,0.204161,-0.092871
695.0,2026-11-30,73,put,4.375,0.203294,-0.091431
696.0,2026-11-30,73,put,4.435,0.202118,-0.089993
697.0,2026-11-30,73,put,4.505,0.201068,-0.088557
698.0,2026-11-30,73,put,4.6,0.200346,-0.087124
699.0,2026-11-30,73,put,4.655,0.199046,-0.085692
700.0,2026-11-30,73,put,4.74,0.19814,-0.084262
701.0,2026-11-30,73,put,4.825,0.197211,-0.082835
702.0,2026-11-30,73,put,4.895,0.19606,-0.081409
703.0,2026-11-30,73,put,4.99,0.195219,-0.079986
704.0,2026-11-30,73,put,5.07,0.194157,-0.078564
705.0,2026-11-30,73,put,5.15,0.193074,-0.077145
706.0,2026-11-30,73,put,5.24,0.192098,-0.075727
707.0,2026-11-30,73,put,5.335,0.19116,-0.074312
708.0,2026-11-30,73,put,5.42,0.190075,-0.072899
709.0,2026-11-30,73,put,5.52,0.189151,-0.071487
710.0,2026-11-30,73,put,5.625,0.188262,-0.070078
711.0,2026-11-30,73,put,5.715,0.187168,-0.06867
712.0,2026-11-30,73,put,5.81,0.186111,-0.067265
713.0,2026-11-30,73,put,5.905,0.18503,-0.065861
714.0,2026-11-30,73,put,6.02,0.184156,-0.06446
715.0,2026-11-30,73,put,6.125,0.183141,-0.06306
716.0,2026-11-30,73,put,6.235,0.182156,-0.061663
717.0,2026-11-30,73,put,6.355,0.181257,-0.060267
718.0,2026-11-30,73,put,6.455,0.180109,-0.058873
719.0,2026-11-30,73,put,6.585,0.179263,-0.057481
720.0,2026-11-30,73,put,6.695,0.178173,-0.056091
721.0,2026-11-30,73,put,6.85,0.177534,-0.054704
722.0,2026-11-30,73,put,6.96,0.176388,-0.053318
723.0,2026-11-30,73,put,7.08,0.17532,-0.051933
724.0,2026-11-30,73,put,7.22,0.174431,-0.050551
725.0,2026-11-30,73,put,7.36,0.17351,-0.049171
726.0,2026-11-30,73,put,7.49,0.172458,-0.047793
727.0,2026-11-30,73,put,7.655,0.171725,-0.046416
728.0,2026-11-30,73,put,7.785,0.170612,-0.045042
729.0,2026-11-30,73,put,7.94,0.169714,-0.043669
730.0,2026-11-30,73,put,8.11,0.168926,-0.042298
731.0,2026-11-30,73,put,8.275,0.168055,-0.040929
732.0,2026-11-30,73,put,8.41,0.166867,-0.039562
733.0,2026-11-30,73,put,8.59,0.16607,-0.038197
734.0,2026-11-30,73,put,8.775,0.165281,-0.036834
735.0,2026-11-30,73,put,8.94,0.164272,-0.035472
736.0,2026-11-30,73,put,9.12,0.163365,-0.034113
737.0,2026-11-30,73,put,9.31,0.162511,-0.032755
738.0,2026-11-30,73,put,9.495,0.161574,-0.031399
739.0,2026-11-30,73,put,9.7,0.160777,-0.030045
740.0,2026-11-30,73,put,9.91,0.159983,-0.028692
741.0,2026-11-30,73,put,10.08,0.158803,-0.027342
742.0,2026-11-30,73,put,10.32,0.158187,-0.025993
743.0,2026-11-30,73,put,10.53,0.157273,-0.024647
744.0,2026-11-30,73,put,10.745,0.15636,-0.023302
745.0,2026-11-30,73,put,10.965,0.155449,-0.021958
746.0,2026-11-30,73,put,11.205,0.154661,-0.020617
747.0,2026-11-30,73,put,11.44,0.153788,-0.019277
748.0,2026-11-30,73,put,11.7,0.153075,-0.01794
749.0,2026-11-30,73,put,11.95,0.152235,-0.016604
750.0,2026-11-30,73,put,12.205,0.15139,-0.015269
751.0,2026-11-30,73,put,12.47,0.150579,-0.013937
752.0,2026-11-30,73,put,12.755,0.149879,-0.012606
753.0,2026-11-30,73,put,13.05,0.149209,-0.011277
754.0,2026-11-30,73,put,13.33,0.148372,-0.00995
755.0,2026-11-30,73,put,13.635,0.14768,-0.008625
756.0,2026-11-30,73,put,13.94,0.146938,-0.007301
757.0,2026-11-30,73,put,14.23,0.146031,-0.005979
758.0,2026-11-30,73,put,14.58,0.14553,-0.004659
759.0,2026-11-30,73,put,14.88,0.144596,-0.003341
760.0,2026-11-30,73,put,15.235,0.144026,-0.002024
761.0,2026-11-30,73,put,15.58,0.143326,-0.000709
762.0,2026-11-30,73,put,15.945,0.142721,0.000604
763.0,2026-11-30,73,put,16.33,0.14221,0.001915
764.0,2026-11-30,73,put,16.68,0.141382,0.003225
765.0,2026-11-30,73,put,17.085,0.140905,0.004533
766.0,2026-11-30,73,put,17.46,0.140148,0.005839
767.0,2026-11-30,73,put,17.89,0.13974,0.007144
768.0,2026-11-30,73,put,18.29,0.139051,0.008447
769.0,2026-11-30,73,put,18.75,0.138745,0.009748
770.0,2026-11-30,73,put,19.175,0.138121,0.011048
771.0,2026-11-30,73,put,19.65,0.137804,0.012346
772.0,2026-11-30,73,put,20.135,0.1375,0.013642
773.0,2026-11-30,73,put,20.57,0.136765,0.014936
774.0,2026-11-30,73,put,21.075,0.136485,0.016229
775.0,2026-11-30,73,put,21.645,0.136622,0.01752
776.0,2026-11-30,73,put,22.14,0.136144,0.01881
777.0,2026-11-30,73,put,22.675,0.135899,0.020098
778.0,2026-11-30,73,put,23.205,0.135554,0.021384
779.0,2026-11-30,73,put,23.77,0.135408,0.022668
780.0,2026-11-30,73,put,24.34,0.135237,0.023951
781.0,2026-11-30,73,put,24.955,0.135343,0.025232
782.0,2026-11-30,73,put,25.59,0.135541,0.026512
783.0,2026-11-30,73,put,26.15,0.135108,0.02779
785.0,2026-11-30,73,put,27.425,0.135241,0.030341
789.0,2026-11-30,73,put,30.17,0.136328,0.035424
790.0,2026-11-30,73,put,30.915,0.13693,0.03669
794.0,2026-11-30,73,put,34.495,0.143775,0.041741
795.0,2026-11-30,73,put,34.1,0.134673,0.042999
800.0,2026-11-30,73,put,38.885,0.144736,0.049269
805.0,2026-11-30,73,put,43.47,0.152496,0.0555
150.0,2026-12-18,91,call,614.175,1.413048,-1.624707
240.0,2026-12-18,91,call,525.34,1.026016,-1.154704
360.0,2026-12-18,91,call,407.19,0.725114,-0.749239
525.0,2026-12-18,91,call,243.12,0.278995,-0.371944
550.0,2026-12-18,91,call,218.705,0.294901,-0.325424
560.0,2026-12-18,91,call,208.92,0.289634,-0.307406
565.0,2026-12-18,91,call,203.815,0.265458,-0.298517
570.0,2026-12-18,91,call,198.735,0.237482,-0.289706
575.0,2026-12-18,91,call,193.92,0.249796,-0.280973
580.0,2026-12-18,91,call,188.875,0.227995,-0.272315
585.0,2026-12-18,91,call,184.25,0.256044,-0.263731
590.0,2026-12-18,91,call,179.225,0.241989,-0.25522
595.0,2026-12-18,91,call,174.37,0.241915,-0.246781
600.0,2026-12-18,91,call,169.53,0.241823,-0.238413
605.0,2026-12-18,91,call,164.67,0.239593,-0.230114
610.0,2026-12-18,91,call,159.83,0.237882,-0.221884
615.0,2026-12-18,91,call,155.03,0.237393,-0.21372
620.0,2026-12-18,91,call,150.29,0.238433,-0.205623
625.0,2026-12-18,91,call,145.485,0.235964,-0.197591
630.0,2026-12-18,91,call,140.705,0.233811,-0.189623
635.0,2026-12-18,91,call,135.915,0.230793,-0.181718
640.0,2026-12-18,91,call,131.045,0.225079,-0.173874
645.0,2026-12-18,91,call,126.355,0.224023,-0.166092
650.0,2026-12-18,91,call,121.505,0.218353,-0.15837
655.0,2026-12-18,91,call,116.75,0.214732,-0.150707
660.0,2026-12-18,91,call,112.02,0.211253,-0.143103
665.0,2026-12-18,91,call,107.48,0.21104,-0.135556
670.0,2026-12-18,91,call,102.745,0.206445,-0.128065
675.0,2026-12-18,91,call,97.34,0.189568,-0.12063
680.0,2026-12-18,91,call,93.345,0.197455,-0.11325
685.0,2026-12-18,91,call,88.935,0.196713,-0.105924
690.0,2026-12-18,91,call,84.23,0.191094,-0.098651
695.0,2026-12-18,91,call,79.605,0.186241,-0.091431
700.0,2026-12-18,91,call,75.325,0.185192,-0.084262
705.0,2026-12-18,91,call,70.855,0.181145,-0.077145
710.0,2026-12-18,91,call,66.465,0.177435,-0.070078
715.0,2026-12-18,91,call,62.1,0.173395,-0.06306
720.0,2026-12-18,91,call,57.215,0.163789,-0.056091
725.0,2026-12-18,91,call,53.56,0.165332,-0.049171
730.0,2026-12-18,91,call,49.41,0.161392,-0.042298
735.0,2026-12-18,91,call,45.365,0.157612,-0.035472
740.0,2026-12-18,91,call,41.355,0.153351,-0.028692
745.0,2026-12-18,91,call,37.53,0.149708,-0.021958
750.0,2026-12-18,91,call,33.765,0.145628,-0.015269
755.0,2026-12-18,91,call,30.195,0.142008,-0.008625
760.0,2026-12-18,91,call,26.745,0.138206,-0.002024
765.0,2026-12-18,91,call,23.555,0.135074,0.004533
770.0,2026-12-18,91,call,20.48,0.131536,0.011048
775.0,2026-12-18,91,call,17.665,0.128466,0.01752
780.0,2026-12-18,91,call,15.09,0.125655,0.023951
785.0,2026-12-18,91,call,12.74,0.122946,0.030341
790.0,2026-12-18,91,call,10.665,0.120654,0.03669
795.0,2026-12-18,91,call,8.835,0.118587,0.042999
800.0,2026-12-18,91,call,7.27,0.116953,0.049269
805.0,2026-12-18,91,call,5.905,0.115344,0.0555
810.0,2026-12-18,91,call,4.795,0.114363,0.061692
815.0,2026-12-18,91,call,3.855,0.113458,0.067845
820.0,2026-12-18,91,call,3.07,0.112642,0.073962
825.0,2026-12-18,91,call,2.43,0.112017,0.080041
830.0,2026-12-18,91,call,1.92,0.111667,0.086083
835.0,2026-12-18,91,call,1.515,0.111539,0.092089
840.0,2026-12-18,91,call,1.2,0.111708,0.098059
845.0,2026-12-18,91,call,0.94,0.11177,0.103994
850.0,2026-12-18,91,call,0.755,0.112509,0.109894
855.0,2026-12-18,91,call,0.605,0.113251,0.115759
860.0,2026-12-18,91,call,0.495,0.114433,0.12159
865.0,2026-12-18,91,call,0.405,0.115608,0.127387
870.0,2026-12-18,91,call,0.335,0.116966,0.133151
875.0,2026-12-18,91,call,0.275,0.118168,0.138881
880.0,2026-12-18,91,call,0.245,0.120704,0.144579
885.0,2026-12-18,91,call,0.205,0.122132,0.150245
890.0,2026-12-18,91,call,0.185,0.124729,0.155879
895.0,2026-12-18,91,call,0.165,0.127063,0.161481
900.0,2026-12-18,91,call,0.145,0.129096,0.167052
905.0,2026-12-18,91,call,0.125,0.130774,0.172592
910.0,2026-12-18,91,call,0.115,0.133397,0.178102
915.0,2026-12-18,91,call,0.105,0.135841,0.183581
920.0,2026-12-18,91,call,0.095,0.138086,0.189031
925.0,2026-12-18,91,call,0.085,0.140107,0.194451
930.0,2026-12-18,91,call,0.075,0.141868,0.199842
935.0,2026-12-18,91,call,0.065,0.143323,0.205204
940.0,2026-12-18,91,call,0.065,0.14684,0.210537
945.0,2026-12-18,91,call,0.055,0.147842,0.215842
950.0,2026-12-18,91,call,0.05,0.149858,0.221119
955.0,2026-12-18,91,call,0.045,0.151686,0.226369
960.0,2026-12-18,91,call,0.045,0.154996,0.231591
965.0,2026-12-18,91,call,0.035,0.154648,0.236785
970.0,2026-12-18,91,call,0.035,0.157848,0.241953
975.0,2026-12-18,91,call,0.035,0.161025,0.247095
980.0,2026-12-18,91,call,0.025,0.159405,0.25221
985.0,2026-12-18,91,call,0.025,0.162461,0.257299
990.0,2026-12-18,91,call,0.025,0.165496,0.262362
995.0,2026-12-18,91,call,0.025,0.168511,0.2674
1000.0,2026-12-18,91,call,0.025,0.171505,0.272413
150.0,2026-12-18,91,put,0.015,0.970787,-1.624707
200.0,2026-12-18,91,put,0.025,0.83342,-1.337025
210.0,2026-12-18,91,put,0.025,0.803967,-1.288235
220.0,2026-12-18,91,put,0.035,0.796574,-1.241715
230.0,2026-12-18,91,put,0.035,0.769118,-1.197263
240.0,2026-12-18,91,put,0.045,0.758202,-1.154704
245.0,2026-12-18,91,put,0.045,0.745237,-1.134084
250.0,2026-12-18,91,put,0.055,0.744993,-1.113882
255.0,2026-12-18,91,put,0.055,0.732351,-1.094079
260.0,2026-12-18,91,put,0.055,0.719959,-1.074661
265.0,2026-12-18,91,put,0.055,0.707807,-1.055613
270.0,2026-12-18,91,put,0.065,0.706013,-1.036921
275.0,2026-12-18,91,put,0.065,0.694153,-1.018572
280.0,2026-12-18,91,put,0.075,0.691216,-1.000553
285.0,2026-12-18,91,put,0.075,0.679645,-0.982853
290.0,2026-12-18,91,put,0.075,0.668279,-0.965462
295.0,2026-12-18,91,put,0.085,0.6646,-0.948367
300.0,2026-12-18,91,put,0.085,0.653503,-0.93156
305.0,2026-12-18,91,put,0.095,0.649226,-0.915031
310.0,2026-12-18,91,put,0.105,0.644419,-0.89877
315.0,2026-12-18,91,put,0.105,0.633664,-0.88277
320.0,2026-12-18,91,put,0.115,0.628517,-0.867022
325.0,2026-12-18,91,put,0.115,0.618012,-0.851517
330.0,2026-12-18,91,put,0.125,0.612606,-0.83625
335.0,2026-12-18,91,put,0.135,0.60692,-0.821212
340.0,2026-12-18,91,put,0.145,0.601002,-0.806397
345.0,2026-12-18,91,put,0.155,0.594892,-0.791798
350.0,2026-12-18,91,put,0.155,0.584874,-0.77741
355.0,2026-12-18,91,put,0.165,0.578685,-0.763225
360.0,2026-12-18,91,put,0.175,0.572362,-0.749239
365.0,2026-12-18,91,put,0.185,0.565924,-0.735445
370.0,2026-12-18,91,put,0.205,0.562379,-0.72184
375.0,2026-12-18,91,put,0.215,0.555616,-0.708417
380.0,2026-12-18,91,put,0.225,0.548798,-0.695171
385.0,2026-12-18,91,put,0.235,0.541933,-0.682099
390.0,2026-12-18,91,put,0.245,0.535032,-0.669196
395.0,2026-12-18,91,put,0.265,0.530388,-0.656457
400.0,2026-12-18,91,put,0.275,0.523337,-0.643878
405.0,2026-12-18,91,put,0.295,0.518325,-0.631456
410.0,2026-12-18,91,put,0.305,0.511174,-0.619186
415.0,2026-12-18,91,put,0.325,0.505877,-0.607064
420.0,2026-12-18,91,put,0.345,0.50041,-0.595088
425.0,2026-12-18,91,put,0.355,0.493141,-0.583254
430.0,2026-12-18,91,put,0.375,0.487483,-0.571557
435.0,2026-12-18,91,put,0.395,0.481706,-0.559997
440.0,2026-12-18,91,put,0.415,0.475822,-0.548568
445.0,2026-12-18,91,put,0.435,0.469846,-0.537268
450.0,2026-12-18,91,put,0.465,0.465077,-0.526095
455.0,2026-12-18,91,put,0.485,0.458891,-0.515045
460.0,2026-12-18,91,put,0.505,0.452645,-0.504116
465.0,2026-12-18,91,put,0.535,0.44746,-0.493305
470.0,2026-12-18,91,put,0.56,0.4416,-0.48261
475.0,2026-12-18,91,put,0.585,0.435656,-0.472028
480.0,2026-12-18,91,put,0.615,0.430119,-0.461557
485.0,2026-12-18,91,put,0.645,0.424472,-0.451194
490.0,2026-12-18,91,put,0.675,0.418728,-0.440937
495.0,2026-12-18,91,put,0.715,0.413725,-0.430785
500.0,2026-12-18,91,put,0.755,0.408564,-0.420735
505.0,2026-12-18,91,put,0.785,0.402513,-0.410784
510.0,2026-12-18,91,put,0.825,0.397119,-0.400932
515.0,2026-12-18,91,put,0.865,0.391607,-0.391176
520.0,2026-12-18,91,put,0.905,0.385989,-0.381514
525.0,2026-12-18,91,put,0.955,0.380894,-0.371944
530.0,2026-12-18,91,put,0.995,0.375063,-0.362466
535.0,2026-12-18,91,put,1.045,0.369718,-0.353076
540.0,2026-12-18,91,put,1.095,0.364251,-0.343774
545.0,2026-12-18,91,put,1.145,0.358672,-0.334557
550.0,2026-12-18,91,put,1.205,0.353481,-0.325424
555.0,2026-12-18,91,put,1.265,0.348151,-0.316375
560.0,2026-12-18,91,put,1.325,0.342694,-0.307406
565.0,2026-12-18,91,put,1.39,0.337333,-0.298517
570.0,2026-12-18,91,put,1.46,0.332046,-0.289706
575.0,2026-12-18,91,put,1.53,0.326624,-0.280973
580.0,2026-12-18,91,put,1.61,0.321444,-0.272315
585.0,2026-12-18,91,put,1.69,0.316114,-0.263731
590.0,2026-12-18,91,put,1.785,0.311146,-0.25522
595.0,2026-12-18,91,put,1.87,0.305684,-0.246781
600.0,2026-12-18,91,put,1.97,0.300544,-0.238413
605.0,2026-12-18,91,put,2.07,0.295238,-0.230114
610.0,2026-12-18,91,put,2.18,0.290051,-0.221884
615.0,2026-12-18,91,put,2.305,0.285087,-0.21372
620.0,2026-12-18,91,put,2.42,0.279677,-0.205623
625.0,2026-12-18,91,put,2.565,0.27482,-0.197591
630.0,2026-12-18,91,put,2.705,0.269632,-0.189623
635.0,2026-12-18,91,put,2.865,0.26468,-0.181718
640.0,2026-12-18,91,put,3.035,0.259711,-0.173874
645.0,2026-12-18,91,put,3.21,0.25461,-0.166092
650.0,2026-12-18,91,put,3.405,0.249655,-0.15837
655.0,2026-12-18,91,put,3.62,0.244803,-0.150707
660.0,2026-12-18,91,put,3.845,0.239851,-0.143103
665.0,2026-12-18,91,put,4.095,0.235026,-0.135556
670.0,2026-12-18,91,put,4.365,0.23021,-0.128065
675.0,2026-12-18,91,put,4.65,0.225302,-0.12063
680.0,2026-12-18,91,put,4.975,0.220625,-0.11325
685.0,2026-12-18,91,put,5.325,0.215922,-0.105924
690.0,2026-12-18,91,put,5.71,0.211283,-0.098651
695.0,2026-12-18,91,put,6.125,0.206606,-0.091431
700.0,2026-12-18,91,put,6.585,0.202022,-0.084262
705.0,2026-12-18,91,put,7.09,0.197476,-0.077145
710.0,2026-12-18,91,put,7.635,0.192869,-0.070078
715.0,2026-12-18,91,put,8.24,0.18835,-0.06306
720.0,2026-12-18,91,put,8.945,0.184219,-0.056091
725.0,2026-12-18,91,put,9.695,0.179894,-0.049171
730.0,2026-12-18,91,put,10.52,0.17559,-0.042298
735.0,2026-12-18,91,put,11.425,0.171282,-0.035472
740.0,2026-12-18,91,put,12.45,0.167209,-0.028692
745.0,2026-12-18,91,put,13.59,0.16324,-0.021958
750.0,2026-12-18,91,put,14.885,0.159576,-0.015269
755.0,2026-12-18,91,put,16.31,0.155946,-0.008625
760.0,2026-12-18,91,put,17.95,0.152848,-0.002024
765.0,2026-12-18,91,put,19.75,0.149815,0.004533
770.0,2026-12-18,91,put,21.81,0.14744,0.011048
775.0,2026-12-18,91,put,24.09,0.145395,0.01752
780.0,2026-12-18,91,put,26.725,0.144539,0.023951
785.0,2026-12-18,91,put,29.535,0.143687,0.030341
790.0,2026-12-18,91,put,32.735,0.144335,0.03669
795.0,2026-12-18,91,put,35.505,0.140808,0.042999
800.0,2026-12-18,91,put,40.655,0.153377,0.049269
805.0,2026-12-18,91,put,44.41,0.155179,0.0555
810.0,2026-12-18,91,put,48.995,0.162561,0.061692
815.0,2026-12-18,91,put,53.82,0.171406,0.067845
820.0,2026-12-18,91,put,58.63,0.179818,0.073962
825.0,2026-12-18,91,put,63.605,0.189302,0.080041
830.0,2026-12-18,91,put,68.625,0.198951,0.086083
835.0,2026-12-18,91,put,73.62,0.208206,0.092089
840.0,2026-12-18,91,put,78.625,0.217375,0.098059
850.0,2026-12-18,91,put,88.665,0.235519,0.109894
900.0,2026-12-18,91,put,138.7,0.317699,0.167052
1000.0,2026-12-18,91,put,238.58,0.457027,0.272413
485.0,2026-12-31,104,call,284.665,0.440426,-0.451194
600.0,2026-12-31,104,call,170.125,0.182519,-0.238413
605.0,2026-12-31,104,call,165.3,0.192613,-0.230114
610.0,2026-12-31,104,call,160.185,0.144649,-0.221884
615.0,2026-12-31,104,call,155.6,0.195408,-0.21372
620.0,2026-12-31,104,call,150.6,0.183731,-0.205623
624.0,2026-12-31,104,call,146.67,0.180092,-0.199192
625.0,2026-12-31,104,call,145.955,0.196286,-0.197591
628.0,2026-12-31,104,call,142.92,0.18823,-0.192803
629.0,2026-12-31,104,call,142.125,0.196743,-0.191211
630.0,2026-12-31,104,call,141.16,0.196396,-0.189623
632.0,2026-12-31,104,call,142.915,0.282788,-0.186453
633.0,2026-12-31,104,call,138.175,0.191246,-0.184872
634.0,2026-12-31,104,call,137.355,0.196993,-0.183294
635.0,2026-12-31,104,call,136.265,0.191374,-0.181718
636.0,2026-12-31,104,call,139.16,0.278989,-0.180144
638.0,2026-12-31,104,call,140.725,0.324762,-0.177004
639.0,2026-12-31,104,call,132.525,0.194073,-0.175438
640.0,2026-12-31,104,call,131.45,0.189415,-0.173874
641.0,2026-12-31,104,call,130.68,0.195767,-0.172313
642.0,2026-12-31,104,call,129.635,0.192406,-0.170754
643.0,2026-12-31,104,call,128.67,0.191759,-0.169198
645.0,2026-12-31,104,call,126.78,0.191712,-0.166092
646.0,2026-12-31,104,call,126.7,0.214415,-0.164543
647.0,2026-12-31,104,call,132.2,0.311796,-0.162996
648.0,2026-12-31,104,call,124.005,0.193094,-0.161452
649.0,2026-12-31,104,call,123.055,0.192718,-0.15991
650.0,2026-12-31,104,call,122.155,0.193686,-0.15837
651.0,2026-12-31,104,call,125.19,0.265124,-0.156833
652.0,2026-12-31,104,call,120.28,0.19341,-0.155298
653.0,2026-12-31,104,call,123.325,0.263083,-0.153766
655.0,2026-12-31,104,call,117.425,0.191704,-0.150707
656.0,2026-12-31,104,call,118.67,0.232982,-0.149182
658.0,2026-12-31,104,call,121.85,0.296341,-0.146138
659.0,2026-12-31,104,call,113.62,0.189219,-0.144619
660.0,2026-12-31,104,call,112.705,0.189373,-0.143103
661.0,2026-12-31,104,call,113.315,0.217951,-0.141589
662.0,2026-12-31,104,call,112.43,0.217969,-0.140077
663.0,2026-12-31,104,call,109.94,0.189134,-0.138568
664.0,2026-12-31,104,call,108.95,0.187566,-0.137061
665.0,2026-12-31,104,call,107.915,0.18506,-0.135556
666.0,2026-12-31,104,call,106.48,0.173568,-0.134053
667.0,2026-12-31,104,call,105.555,0.173584,-0.132553
668.0,2026-12-31,104,call,107.15,0.217784,-0.131054
669.0,2026-12-31,104,call,108.65,0.248504,-0.129559
670.0,2026-12-31,104,call,103.26,0.183111,-0.128065
671.0,2026-12-31,104,call,102.325,0.182571,-0.126574
672.0,2026-12-31,104,call,103.685,0.217758,-0.125084
673.0,2026-12-31,104,call,105.015,0.244818,-0.123597
674.0,2026-12-31,104,call,104.115,0.243967,-0.122113
675.0,2026-12-31,104,call,98.675,0.181777,-0.12063
676.0,2026-12-31,104,call,105.105,0.271832,-0.11915
677.0,2026-12-31,104,call,96.955,0.182927,-0.117671
678.0,2026-12-31,104,call,95.91,0.180394,-0.116195
679.0,2026-12-31,104,call,95.095,0.181602,-0.114722
680.0,2026-12-31,104,call,94.175,0.181069,-0.11325
681.0,2026-12-31,104,call,93.23,0.180127,-0.11178
682.0,2026-12-31,104,call,92.24,0.178482,-0.110313
683.0,2026-12-31,104,call,91.38,0.178815,-0.108848
684.0,2026-12-31,104,call,90.52,0.179093,-0.107385
685.0,2026-12-31,104,call,89.675,0.179534,-0.105924
686.0,2026-12-31,104,call,93.315,0.232764,-0.104465
687.0,2026-12-31,104,call,87.835,0.17816,-0.103008
688.0,2026-12-31,104,call,91.535,0.230929,-0.101554
689.0,2026-12-31,104,call,85.92,0.175686,-0.100101
690.0,2026-12-31,104,call,85.16,0.1771,-0.098651
691.0,2026-12-31,104,call,84.075,0.174128,-0.097203
692.0,2026-12-31,104,call,83.345,0.175844,-0.095757
693.0,2026-12-31,104,call,82.36,0.174189,-0.094313
694.0,2026-12-31,104,call,80.715,0.163772,-0.092871
695.0,2026-12-31,104,call,80.665,0.174333,-0.091431
696.0,2026-12-31,104,call,79.55,0.171043,-0.089993
697.0,2026-12-31,104,call,78.825,0.17256,-0.088557
698.0,2026-12-31,104,call,78.015,0.172962,-0.087124
699.0,2026-12-31,104,call,77.08,0.171847,-0.085692
700.0,2026-12-31,104,call,75.375,0.161463,-0.084262
701.0,2026-12-31,104,call,75.385,0.171586,-0.082835
702.0,2026-12-31,104,call,74.455,0.170476,-0.081409
703.0,2026-12-31,104,call,73.61,0.170298,-0.079986
704.0,2026-12-31,104,call,79.81,0.236298,-0.078564
705.0,2026-12-31,104,call,70.965,0.159231,-0.077145
706.0,2026-12-31,104,call,70.94,0.168122,-0.075727
707.0,2026-12-31,104,call,70.09,0.167777,-0.074312
708.0,2026-12-31,104,call,74.145,0.213286,-0.072899
709.0,2026-12-31,104,call,68.29,0.165969,-0.071487
710.0,2026-12-31,104,call,66.615,0.156964,-0.070078
711.0,2026-12-31,104,call,66.61,0.165297,-0.06867
712.0,2026-12-31,104,call,65.725,0.164469,-0.067265
713.0,2026-12-31,104,call,64.735,0.162592,-0.065861
714.0,2026-12-31,104,call,63.47,0.158003,-0.06446
715.0,2026-12-31,104,call,63.085,0.162012,-0.06306
716.0,2026-12-31,104,call,62.805,0.166756,-0.061663
717.0,2026-12-31,104,call,60.905,0.156303,-0.060267
718.0,2026-12-31,104,call,60.065,0.155823,-0.058873
719.0,2026-12-31,104,call,59.24,0.155454,-0.057481
720.0,2026-12-31,104,call,58.355,0.154501,-0.056091
721.0,2026-12-31,104,call,57.51,0.153892,-0.054704
722.0,2026-12-31,104,call,57.2,0.158011,-0.053318
723.0,2026-12-31,104,call,56.385,0.157556,-0.051933
724.0,2026-12-31,104,call,55.525,0.156683,-0.050551
725.0,2026-12-31,104,call,55.155,0.159932,-0.049171
730.0,2026-12-31,104,call,50.61,0.152975,-0.042298
735.0,2026-12-31,104,call,46.58,0.149634,-0.035472
740.0,2026-12-31,104,call,41.82,0.140196,-0.028692
745.0,2026-12-31,104,call,38.875,0.143352,-0.021958
750.0,2026-12-31,104,call,35.175,0.140071,-0.015269
755.0,2026-12-31,104,call,31.61,0.136829,-0.008625
760.0,2026-12-31,104,call,28.23,0.133865,-0.002024
765.0,2026-12-31,104,call,25.045,0.131147,0.004533
770.0,2026-12-31,104,call,22.005,0.128282,0.011048
775.0,2026-12-31,104,call,19.155,0.125483,0.01752
780.0,2026-12-31,104,call,16.565,0.123119,0.023951
785.0,2026-12-31,104,call,14.17,0.12074,0.030341
790.0,2026-12-31,104,call,12.01,0.118567,0.03669
795.0,2026-12-31,104,call,10.125,0.11687,0.042999
800.0,2026-12-31,104,call,8.435,0.115152,0.049269
805.0,2026-12-31,104,call,7.01,0.113972,0.0555
810.0,2026-12-31,104,call,5.77,0.112855,0.061692
815.0,2026-12-31,104,call,4.725,0.111998,0.067845
820.0,2026-12-31,104,call,3.835,0.111201,0.073962
825.0,2026-12-31,104,call,3.115,0.110796,0.080041
830.0,2026-12-31,104,call,2.5,0.110288,0.086083
835.0,2026-12-31,104,call,2.01,0.110102,0.092089
840.0,2026-12-31,104,call,1.615,0.110103,0.098059
845.0,2026-12-31,104,call,1.275,0.109836,0.103994
850.0,2026-12-31,104,call,1.02,0.110054,0.109894
855.0,2026-12-31,104,call,0.835,0.110868,0.115759
860.0,2026-12-31,104,call,0.67,0.111309,0.12159
865.0,2026-12-31,104,call,0.555,0.11242,0.127387
870.0,2026-12-31,104,call,0.46,0.113534,0.133151
875.0,2026-12-31,104,call,0.38,0.11458,0.138881
880.0,2026-12-31,104,call,0.325,0.116207,0.144579
885.0,2026-12-31,104,call,0.28,0.117909,0.150245
890.0,2026-12-31,104,call,0.245,0.119813,0.155879
895.0,2026-12-31,104,call,0.215,0.121707,0.161481
900.0,2026-12-31,104,call,0.19,0.123654,0.167052
905.0,2026-12-31,104,call,0.165,0.125274,0.172592
910.0,2026-12-31,104,call,0.15,0.127551,0.178102
915.0,2026-12-31,104,call,0.135,0.129614,0.183581
920.0,2026-12-31,104,call,0.125,0.132056,0.189031
925.0,2026-12-31,104,call,0.11,0.13367,0.194451
930.0,2026-12-31,104,call,0.105,0.136463,0.199842
935.0,2026-12-31,104,call,0.095,0.138395,0.205204
940.0,2026-12-31,104,call,0.085,0.140114,0.210537
460.0,2026-12-31,104,put,0.635,0.437912,-0.504116
465.0,2026-12-31,104,put,0.665,0.432419,-0.493305
470.0,2026-12-31,104,put,0.695,0.426839,-0.48261
475.0,2026-12-31,104,put,0.73,0.421591,-0.472028
480.0,2026-12-31,104,put,0.76,0.415848,-0.461557
485.0,2026-12-31,104,put,0.8,0.410791,-0.451194
490.0,2026-12-31,104,put,0.835,0.405258,-0.440937
495.0,2026-12-31,104,put,0.875,0.399988,-0.430785
500.0,2026-12-31,104,put,0.915,0.39462,-0.420735
505.0,2026-12-31,104,put,0.96,0.389472,-0.410784
510.0,2026-12-31,104,put,1.005,0.384216,-0.400932
515.0,2026-12-31,104,put,1.045,0.378578,-0.391176
520.0,2026-12-31,104,put,1.095,0.373417,-0.381514
525.0,2026-12-31,104,put,1.145,0.36815,-0.371944
530.0,2026-12-31,104,put,1.2,0.363033,-0.362466
535.0,2026-12-31,104,put,1.255,0.357806,-0.353076
540.0,2026-12-31,104,put,1.31,0.352477,-0.343774
545.0,2026-12-31,104,put,1.37,0.347273,-0.334557
550.0,2026-12-31,104,put,1.44,0.342377,-0.325424
555.0,2026-12-31,104,put,1.51,0.337349,-0.316375
560.0,2026-12-31,104,put,1.575,0.332011,-0.307406
565.0,2026-12-31,104,put,1.655,0.327118,-0.298517
570.0,2026-12-31,104,put,1.73,0.321916,-0.289706
575.0,2026-12-31,104,put,1.81,0.316767,-0.280973
580.0,2026-12-31,104,put,1.9,0.311816,-0.272315
585.0,2026-12-31,104,put,1.995,0.306878,-0.263731
590.0,2026-12-31,104,put,2.105,0.302229,-0.25522
595.0,2026-12-31,104,put,2.21,0.297274,-0.246781
600.0,2026-12-31,104,put,2.315,0.292174,-0.238413
605.0,2026-12-31,104,put,2.435,0.287312,-0.230114
610.0,2026-12-31,104,put,2.57,0.282645,-0.221884
615.0,2026-12-31,104,put,2.695,0.277571,-0.21372
620.0,2026-12-31,104,put,2.845,0.272886,-0.205623
621.0,2026-12-31,104,put,2.88,0.272033,-0.204012
622.0,2026-12-31,104,put,2.905,0.270959,-0.202403
623.0,2026-12-31,104,put,2.94,0.270089,-0.200796
624.0,2026-12-31,104,put,2.965,0.269002,-0.199192
625.0,2026-12-31,104,put,3.005,0.268218,-0.197591
626.0,2026-12-31,104,put,3.045,0.267423,-0.195992
627.0,2026-12-31,104,put,3.065,0.266215,-0.194396
628.0,2026-12-31,104,put,3.095,0.265203,-0.192803
629.0,2026-12-31,104,put,3.135,0.264382,-0.191211
630.0,2026-12-31,104,put,3.17,0.263452,-0.189623
631.0,2026-12-31,104,put,3.205,0.262514,-0.188037
632.0,2026-12-31,104,put,3.245,0.261664,-0.186453
633.0,2026-12-31,104,put,3.28,0.260708,-0.184872
634.0,2026-12-31,104,put,3.31,0.25965,-0.183294
635.0,2026-12-31,104,put,3.35,0.258773,-0.181718
636.0,2026-12-31,104,put,3.385,0.257793,-0.180144
637.0,2026-12-31,104,put,3.43,0.256989,-0.178573
638.0,2026-12-31,104,put,3.46,0.255901,-0.177004
639.0,2026-12-31,104,put,3.5,0.254987,-0.175438
640.0,2026-12-31,104,put,3.54,0.254064,-0.173874
641.0,2026-12-31,104,put,3.58,0.253132,-0.172313
642.0,2026-12-31,104,put,3.63,0.252365,-0.170754
643.0,2026-12-31,104,put,3.665,0.251327,-0.169198
644.0,2026-12-31,104,put,3.7,0.250282,-0.167644
645.0,2026-12-31,104,put,3.745,0.249399,-0.166092
646.0,2026-12-31,104,put,3.79,0.248505,-0.164543
647.0,2026-12-31,104,put,3.83,0.247519,-0.162996
648.0,2026-12-31,104,put,3.88,0.246689,-0.161452
649.0,2026-12-31,104,put,3.92,0.245685,-0.15991
650.0,2026-12-31,104,put,3.97,0.244833,-0.15837
651.0,2026-12-31,104,put,4.025,0.24405,-0.156833
652.0,2026-12-31,104,put,4.055,0.24286,-0.155298
653.0,2026-12-31,104,put,4.105,0.241978,-0.153766
654.0,2026-12-31,104,put,4.155,0.241085,-0.152235
655.0,2026-12-31,104,put,4.21,0.240258,-0.150707
656.0,2026-12-31,104,put,4.255,0.239268,-0.149182
657.0,2026-12-31,104,put,4.31,0.238419,-0.147659
658.0,2026-12-31,104,put,4.365,0.237558,-0.146138
659.0,2026-12-31,104,put,4.41,0.236538,-0.144619
660.0,2026-12-31,104,put,4.47,0.235729,-0.143103
661.0,2026-12-31,104,put,4.515,0.23469,-0.141589
662.0,2026-12-31,104,put,4.585,0.234,-0.140077
663.0,2026-12-31,104,put,4.64,0.233083,-0.138568
664.0,2026-12-31,104,put,4.69,0.232085,-0.137061
665.0,2026-12-31,104,put,4.755,0.231286,-0.135556
666.0,2026-12-31,104,put,4.8,0.230198,-0.134053
667.0,2026-12-31,104,put,4.855,0.229238,-0.132553
668.0,2026-12-31,104,put,4.92,0.228403,-0.131054
669.0,2026-12-31,104,put,4.985,0.227556,-0.129559
670.0,2026-12-31,104,put,5.045,0.226629,-0.128065
671.0,2026-12-31,104,put,5.105,0.225691,-0.126574
672.0,2026-12-31,104,put,5.4,0.22777,-0.125084
673.0,2026-12-31,104,put,5.235,0.223911,-0.123597
674.0,2026-12-31,104,put,5.305,0.223066,-0.122113
675.0,2026-12-31,104,put,5.37,0.222144,-0.12063
676.0,2026-12-31,104,put,5.44,0.221273,-0.11915
677.0,2026-12-31,104,put,5.52,0.220513,-0.117671
678.0,2026-12-31,104,put,5.58,0.219493,-0.116195
679.0,2026-12-31,104,put,5.66,0.218704,-0.114722
680.0,2026-12-31,104,put,5.725,0.217721,-0.11325
681.0,2026-12-31,104,put,5.8,0.216845,-0.11178
682.0,2026-12-31,104,put,5.875,0.215956,-0.110313
683.0,2026-12-31,104,put,5.95,0.215054,-0.108848
684.0,2026-12-31,104,put,6.03,0.214196,-0.107385
685.0,2026-12-31,104,put,6.125,0.213496,-0.105924
686.0,2026-12-31,104,put,6.2,0.212551,-0.104465
687.0,2026-12-31,104,put,6.285,0.211707,-0.103008
688.0,2026-12-31,104,put,6.37,0.210847,-0.101554
689.0,2026-12-31,104,put,6.45,0.209918,-0.100101
690.0,2026-12-31,104,put,6.545,0.209139,-0.098651
691.0,2026-12-31,104,put,6.62,0.208127,-0.097203
692.0,2026-12-31,104,put,6.72,0.207371,-0.095757
693.0,2026-12-31,104,put,6.805,0.206438,-0.094313
694.0,2026-12-31,104,put,6.91,0.205702,-0.092871
695.0,2026-12-31,104,put,6.99,0.204688,-0.091431
696.0,2026-12-31,104,put,7.09,0.203867,-0.089993
697.0,2026-12-31,104,put,7.19,0.20303,-0.088557
698.0,2026-12-31,104,put,7.29,0.202176,-0.087124
699.0,2026-12-31,104,put,7.39,0.201306,-0.085692
700.0,2026-12-31,104,put,7.5,0.20052,-0.084262
701.0,2026-12-31,104,put,7.59,0.199519,-0.082835
702.0,2026-12-31,104,put,7.71,0.198797,-0.081409
703.0,2026-12-31,104,put,7.835,0.198103,-0.079986
704.0,2026-12-31,104,put,7.925,0.197055,-0.078564
705.0,2026-12-31,104,put,8.04,0.19623,-0.077145
706.0,2026-12-31,104,put,8.145,0.195294,-0.075727
707.0,2026-12-31,104,put,8.27,0.194527,-0.074312
708.0,2026-12-31,104,put,8.39,0.193696,-0.072899
709.0,2026-12-31,104,put,8.5,0.192755,-0.071487
710.0,2026-12-31,104,put,8.63,0.191978,-0.070078
711.0,2026-12-31,104,put,8.755,0.191137,-0.06867
712.0,2026-12-31,104,put,8.88,0.190277,-0.067265
713.0,2026-12-31,104,put,9.02,0.189531,-0.065861
714.0,2026-12-31,104,put,9.15,0.188677,-0.06446
715.0,2026-12-31,104,put,9.29,0.187891,-0.06306
716.0,2026-12-31,104,put,9.42,0.186998,-0.061663
717.0,2026-12-31,104,put,9.575,0.1863,-0.060267
718.0,2026-12-31,104,put,9.705,0.185368,-0.058873
719.0,2026-12-31,104,put,9.855,0.184585,-0.057481
720.0,2026-12-31,104,put,10.02,0.183905,-0.056091
721.0,2026-12-31,104,put,10.165,0.183038,-0.054704
722.0,2026-12-31,104,put,10.32,0.182232,-0.053318
723.0,2026-12-31,104,put,10.47,0.181364,-0.051933
724.0,2026-12-31,104,put,10.63,0.180556,-0.050551
725.0,2026-12-31,104,put,10.805,0.179844,-0.049171
730.0,2026-12-31,104,put,11.675,0.175898,-0.042298
735.0,2026-12-31,104,put,12.64,0.172075,-0.035472
740.0,2026-12-31,104,put,13.7,0.168309,-0.028692
745.0,2026-12-31,104,put,14.885,0.164746,-0.021958
750.0,2026-12-31,104,put,16.22,0.161475,-0.015269
755.0,2026-12-31,104,put,17.64,0.157994,-0.008625
760.0,2026-12-31,104,put,19.27,0.155055,-0.002024
765.0,2026-12-31,104,put,21.085,0.152413,0.004533
770.0,2026-12-31,104,put,23.085,0.150008,0.011048
775.0,2026-12-31,104,put,25.36,0.148348,0.01752
780.0,2026-12-31,104,put,27.85,0.147029,0.023951
785.0,2026-12-31,104,put,30.63,0.146515,0.030341
790.0,2026-12-31,104,put,33.675,0.146684,0.03669
795.0,2026-12-31,104,put,36.98,0.147571,0.042999
800.0,2026-12-31,104,put,40.695,0.150276,0.049269
805.0,2026-12-31,104,put,44.66,0.153921,0.0555
810.0,2026-12-31,104,put,49.08,0.160107,0.061692
815.0,2026-12-31,104,put,53.74,0.167559,0.067845
820.0,2026-12-31,104,put,58.595,0.176094,0.073962
825.0,2026-12-31,104,put,63.87,0.187494,0.080041
835.0,2026-12-31,104,put,73.55,0.203231,0.092089
840.0,2026-12-31,104,put,78.57,0.212185,0.098059
860.0,2026-12-31,104,put,98.47,0.245125,0.12159
75.0,2027-01-15,119,call,688.97,1.885922,-2.317855
145.0,2027-01-15,119,call,619.165,1.121017,-1.658609
160.0,2027-01-15,119,call,604.26,0.978882,-1.560169
170.0,2027-01-15,119,call,594.36,0.889635,-1.499544
185.0,2027-01-15,119,call,579.57,0.79895,-1.414987
210.0,2027-01-15,119,call,560.29,1.34831,-1.288235
375.0,2027-01-15,119,call,392.64,0.41299,-0.708417
505.0,2027-01-15,119,call,265.875,0.377081,-0.410784
535.0,2027-01-15,119,call,236.885,0.353876,-0.353076
595.0,2027-01-15,119,call,176.375,0.193747,-0.246781
600.0,2027-01-15,119,call,171.33,0.170074,-0.238413
605.0,2027-01-15,119,call,166.545,0.183627,-0.230114
610.0,2027-01-15,119,call,161.71,0.185731,-0.221884
615.0,2027-01-15,119,call,157.0,0.193875,-0.21372
620.0,2027-01-15,119,call,152.19,0.193553,-0.205623
625.0,2027-01-15,119,call,147.535,0.198651,-0.197591
630.0,2027-01-15,119,call,142.88,0.20141,-0.189623
635.0,2027-01-15,119,call,138.11,0.199391,-0.181718
640.0,2027-01-15,119,call,133.385,0.198087,-0.173874
645.0,2027-01-15,119,call,128.69,0.196897,-0.166092
650.0,2027-01-15,119,call,124.025,0.195732,-0.15837
655.0,2027-01-15,119,call,119.25,0.191761,-0.150707
660.0,2027-01-15,119,call,114.665,0.19108,-0.143103
665.0,2027-01-15,119,call,110.1,0.190017,-0.135556
670.0,2027-01-15,119,call,105.565,0.188758,-0.128065
675.0,2027-01-15,119,call,101.015,0.186663,-0.12063
680.0,2027-01-15,119,call,96.365,0.182731,-0.11325
685.0,2027-01-15,119,call,92.02,0.18228,-0.105924
690.0,2027-01-15,119,call,87.36,0.177452,-0.098651
695.0,2027-01-15,119,call,82.925,0.174851,-0.091431
700.0,2027-01-15,119,call,78.525,0.172111,-0.084262
705.0,2027-01-15,119,call,74.51,0.172559,-0.077145
710.0,2027-01-15,119,call,70.1,0.168582,-0.070078
715.0,2027-01-15,119,call,64.96,0.157834,-0.06306
720.0,2027-01-15,119,call,61.715,0.162963,-0.056091
725.0,2027-01-15,119,call,57.57,0.159699,-0.049171
730.0,2027-01-15,119,call,53.51,0.156516,-0.042298
735.0,2027-01-15,119,call,49.545,0.153423,-0.035472
740.0,2027-01-15,119,call,45.645,0.150153,-0.028692
745.0,2027-01-15,119,call,41.9,0.147259,-0.021958
750.0,2027-01-15,119,call,38.21,0.144016,-0.015269
755.0,2027-01-15,119,call,34.675,0.141009,-0.008625
760.0,2027-01-15,119,call,31.28,0.138071,-0.002024
765.0,2027-01-15,119,call,28.025,0.135139,0.004533
770.0,2027-01-15,119,call,24.97,0.132502,0.011048
775.0,2027-01-15,119,call,22.055,0.129749,0.01752
780.0,2027-01-15,119,call,19.355,0.127263,0.023951
785.0,2027-01-15,119,call,16.86,0.124942,0.030341
790.0,2027-01-15,119,call,14.57,0.122758,0.03669
795.0,2027-01-15,119,call,12.48,0.120663,0.042999
800.0,2027-01-15,119,call,10.65,0.119036,0.049269
805.0,2027-01-15,119,call,9.02,0.117547,0.0555
810.0,2027-01-15,119,call,7.585,0.116211,0.061692
815.0,2027-01-15,119,call,6.355,0.115183,0.067845
820.0,2027-01-15,119,call,5.29,0.114274,0.073962
825.0,2027-01-15,119,call,4.39,0.113604,0.080041
830.0,2027-01-15,119,call,3.62,0.113004,0.086083
835.0,2027-01-15,119,call,2.98,0.112618,0.092089
840.0,2027-01-15,119,call,2.445,0.112353,0.098059
845.0,2027-01-15,119,call,1.995,0.112121,0.103994
850.0,2027-01-15,119,call,1.63,0.112097,0.109894
855.0,2027-01-15,119,call,1.33,0.112173,0.115759
860.0,2027-01-15,119,call,1.08,0.112251,0.12159
865.0,2027-01-15,119,call,0.895,0.112867,0.127387
870.0,2027-01-15,119,call,0.74,0.113473,0.133151
875.0,2027-01-15,119,call,0.61,0.114053,0.138881
880.0,2027-01-15,119,call,0.51,0.114926,0.144579
885.0,2027-01-15,119,call,0.435,0.11616,0.150245
890.0,2027-01-15,119,call,0.365,0.117083,0.155879
895.0,2027-01-15,119,call,0.315,0.118473,0.161481
900.0,2027-01-15,119,call,0.275,0.120017,0.167052
905.0,2027-01-15,119,call,0.245,0.121848,0.172592
910.0,2027-01-15,119,call,0.215,0.123384,0.178102
915.0,2027-01-15,119,call,0.195,0.1254,0.183581
920.0,2027-01-15,119,call,0.175,0.127197,0.189031
925.0,2027-01-15,119,call,0.155,0.128743,0.194451
930.0,2027-01-15,119,call,0.145,0.131086,0.199842
935.0,2027-01-15,119,call,0.13,0.132728,0.205204
940.0,2027-01-15,119,call,0.115,0.134127,0.210537
945.0,2027-01-15,119,call,0.11,0.136661,0.215842
950.0,2027-01-15,119,call,0.105,0.13912,0.221119
955.0,2027-01-15,119,call,0.09,0.13992,0.226369
960.0,2027-01-15,119,call,0.085,0.142131,0.231591
965.0,2027-01-15,119,call,0.075,0.1433,0.236785
970.0,2027-01-15,119,call,0.07,0.145258,0.241953
975.0,2027-01-15,119,call,0.065,0.147105,0.247095
980.0,2027-01-15,119,call,0.06,0.14883,0.25221
985.0,2027-01-15,119,call,0.055,0.15042,0.257299
990.0,2027-01-15,119,call,0.05,0.151859,0.262362
995.0,2027-01-15,119,call,0.045,0.153127,0.2674
1000.0,2027-01-15,119,call,0.045,0.155864,0.272413
1010.0,2027-01-15,119,call,0.045,0.161281,0.282363
1020.0,2027-01-15,119,call,0.035,0.162923,0.292215
1030.0,2027-01-15,119,call,0.03,0.165876,0.301971
1040.0,2027-01-15,119,call,0.025,0.168333,0.311633
1050.0,2027-01-15,119,call,0.025,0.173261,0.321203
1060.0,2027-01-15,119,call,0.025,0.178129,0.330682
1070.0,2027-01-15,119,call,0.02,0.179674,0.340071
1080.0,2027-01-15,119,call,0.02,0.184355,0.349374
1090.0,2027-01-15,119,call,0.015,0.184818,0.35859
1100.0,2027-01-15,119,call,0.015,0.189306,0.367723
1110.0,2027-01-15,119,call,0.015,0.193743,0.376773
1120.0,2027-01-15,119,call,0.015,0.19813,0.385741
1130.0,2027-01-15,119,call,0.015,0.202469,0.39463
1140.0,2027-01-15,119,call,0.02,0.211332,0.403441
1160.0,2027-01-15,119,call,0.015,0.215207,0.420833
110.0,2027-01-15,119,put,0.015,1.011199,-1.934862
115.0,2027-01-15,119,put,0.015,0.988103,-1.890411
120.0,2027-01-15,119,put,0.015,0.966029,-1.847851
125.0,2027-01-15,119,put,0.015,0.944893,-1.807029
130.0,2027-01-15,119,put,0.015,0.924618,-1.767808
135.0,2027-01-15,119,put,0.015,0.905138,-1.730068
140.0,2027-01-15,119,put,0.025,0.920343,-1.6937
145.0,2027-01-15,119,put,0.02,0.886651,-1.658609
150.0,2027-01-15,119,put,0.025,0.883498,-1.624707
155.0,2027-01-15,119,put,0.025,0.866021,-1.591918
160.0,2027-01-15,119,put,0.025,0.849119,-1.560169
165.0,2027-01-15,119,put,0.03,0.844508,-1.529397
170.0,2027-01-15,119,put,0.035,0.838524,-1.499544
175.0,2027-01-15,119,put,0.035,0.822741,-1.470557
180.0,2027-01-15,119,put,0.035,0.807418,-1.442386
185.0,2027-01-15,119,put,0.045,0.80878,-1.414987
190.0,2027-01-15,119,put,0.045,0.794011,-1.388319
195.0,2027-01-15,119,put,0.055,0.792784,-1.362343
200.0,2027-01-15,119,put,0.055,0.778558,-1.337025
205.0,2027-01-15,119,put,0.055,0.764695,-1.312333
210.0,2027-01-15,119,put,0.06,0.756759,-1.288235
215.0,2027-01-15,119,put,0.065,0.748618,-1.264705
220.0,2027-01-15,119,put,0.07,0.740326,-1.241715
225.0,2027-01-15,119,put,0.075,0.731926,-1.219242
230.0,2027-01-15,119,put,0.08,0.72345,-1.197263
235.0,2027-01-15,119,put,0.085,0.714926,-1.175757
240.0,2027-01-15,119,put,0.09,0.706376,-1.154704
245.0,2027-01-15,119,put,0.095,0.697816,-1.134084
250.0,2027-01-15,119,put,0.105,0.692395,-1.113882
255.0,2027-01-15,119,put,0.11,0.683696,-1.094079
260.0,2027-01-15,119,put,0.115,0.675034,-1.074661
265.0,2027-01-15,119,put,0.125,0.669028,-1.055613
270.0,2027-01-15,119,put,0.135,0.662766,-1.036921
275.0,2027-01-15,119,put,0.135,0.651719,-1.018572
280.0,2027-01-15,119,put,0.145,0.645381,-1.000553
285.0,2027-01-15,119,put,0.155,0.638876,-0.982853
290.0,2027-01-15,119,put,0.165,0.632235,-0.965462
295.0,2027-01-15,119,put,0.175,0.625484,-0.948367
300.0,2027-01-15,119,put,0.185,0.618646,-0.93156
305.0,2027-01-15,119,put,0.195,0.611739,-0.915031
310.0,2027-01-15,119,put,0.205,0.604776,-0.89877
315.0,2027-01-15,119,put,0.215,0.597772,-0.88277
320.0,2027-01-15,119,put,0.225,0.590737,-0.867022
325.0,2027-01-15,119,put,0.24,0.585007,-0.851517
330.0,2027-01-15,119,put,0.255,0.579129,-0.83625
335.0,2027-01-15,119,put,0.265,0.571942,-0.821212
340.0,2027-01-15,119,put,0.28,0.565895,-0.806397
345.0,2027-01-15,119,put,0.295,0.559755,-0.791798
350.0,2027-01-15,119,put,0.31,0.553535,-0.77741
355.0,2027-01-15,119,put,0.325,0.54725,-0.763225
360.0,2027-01-15,119,put,0.345,0.541828,-0.749239
365.0,2027-01-15,119,put,0.36,0.535403,-0.735445
370.0,2027-01-15,119,put,0.375,0.528943,-0.72184
375.0,2027-01-15,119,put,0.395,0.523253,-0.708417
380.0,2027-01-15,119,put,0.415,0.517472,-0.695171
385.0,2027-01-15,119,put,0.435,0.51161,-0.682099
390.0,2027-01-15,119,put,0.455,0.505681,-0.669196
395.0,2027-01-15,119,put,0.475,0.499693,-0.656457
400.0,2027-01-15,119,put,0.505,0.494904,-0.643878
405.0,2027-01-15,119,put,0.52,0.488174,-0.631456
410.0,2027-01-15,119,put,0.545,0.482606,-0.619186
415.0,2027-01-15,119,put,0.575,0.477503,-0.607064
420.0,2027-01-15,119,put,0.595,0.471245,-0.595088
425.0,2027-01-15,119,put,0.62,0.465472,-0.583254
430.0,2027-01-15,119,put,0.655,0.4606,-0.571557
435.0,2027-01-15,119,put,0.675,0.454234,-0.559997
440.0,2027-01-15,119,put,0.705,0.448744,-0.548568
445.0,2027-01-15,119,put,0.745,0.44402,-0.537268
450.0,2027-01-15,119,put,0.77,0.437967,-0.526095
455.0,2027-01-15,119,put,0.805,0.432659,-0.515045
460.0,2027-01-15,119,put,0.835,0.426906,-0.504116
465.0,2027-01-15,119,put,0.875,0.421817,-0.493305
470.0,2027-01-15,119,put,0.915,0.416633,-0.48261
475.0,2027-01-15,119,put,0.955,0.411365,-0.472028
480.0,2027-01-15,119,put,0.995,0.40602,-0.461557
485.0,2027-01-15,119,put,1.035,0.400606,-0.451194
490.0,2027-01-15,119,put,1.08,0.395413,-0.440937
495.0,2027-01-15,119,put,1.135,0.390683,-0.430785
500.0,2027-01-15,119,put,1.18,0.385317,-0.420735
505.0,2027-01-15,119,put,1.225,0.379886,-0.410784
510.0,2027-01-15,119,put,1.275,0.374635,-0.400932
515.0,2027-01-15,119,put,1.33,0.369541,-0.391176
520.0,2027-01-15,119,put,1.39,0.364582,-0.381514
525.0,2027-01-15,119,put,1.455,0.359737,-0.371944
530.0,2027-01-15,119,put,1.51,0.354383,-0.362466
535.0,2027-01-15,119,put,1.58,0.349545,-0.353076
540.0,2027-01-15,119,put,1.645,0.344415,-0.343774
545.0,2027-01-15,119,put,1.715,0.33938,-0.334557
550.0,2027-01-15,119,put,1.79,0.334423,-0.325424
555.0,2027-01-15,119,put,1.87,0.329531,-0.316375
560.0,2027-01-15,119,put,1.95,0.324534,-0.307406
565.0,2027-01-15,119,put,2.045,0.319889,-0.298517
570.0,2027-01-15,119,put,2.135,0.314973,-0.289706
575.0,2027-01-15,119,put,2.24,0.310361,-0.280973
580.0,2027-01-15,119,put,2.34,0.305484,-0.272315
585.0,2027-01-15,119,put,2.455,0.300871,-0.263731
590.0,2027-01-15,119,put,2.565,0.295998,-0.25522
595.0,2027-01-15,119,put,2.69,0.291353,-0.246781
600.0,2027-01-15,119,put,2.82,0.286677,-0.238413
605.0,2027-01-15,119,put,2.96,0.282071,-0.230114
610.0,2027-01-15,119,put,3.115,0.277617,-0.221884
615.0,2027-01-15,119,put,3.275,0.273093,-0.21372
620.0,2027-01-15,119,put,3.435,0.268403,-0.205623
625.0,2027-01-15,119,put,3.615,0.263911,-0.197591
630.0,2027-01-15,119,put,3.82,0.259664,-0.189623
635.0,2027-01-15,119,put,4.02,0.255133,-0.181718
640.0,2027-01-15,119,put,4.235,0.250649,-0.173874
645.0,2027-01-15,119,put,4.48,0.246411,-0.166092
650.0,2027-01-15,119,put,4.725,0.241952,-0.15837
655.0,2027-01-15,119,put,4.995,0.237619,-0.150707
660.0,2027-01-15,119,put,5.295,0.233441,-0.143103
665.0,2027-01-15,119,put,5.62,0.22932,-0.135556
670.0,2027-01-15,119,put,5.95,0.224993,-0.128065
675.0,2027-01-15,119,put,6.32,0.220858,-0.12063
680.0,2027-01-15,119,put,6.705,0.216601,-0.11325
685.0,2027-01-15,119,put,7.15,0.212672,-0.105924
690.0,2027-01-15,119,put,7.59,0.208372,-0.098651
695.0,2027-01-15,119,put,8.105,0.204467,-0.091431
700.0,2027-01-15,119,put,8.64,0.200388,-0.084262
705.0,2027-01-15,119,put,9.225,0.196385,-0.077145
710.0,2027-01-15,119,put,9.865,0.192458,-0.070078
715.0,2027-01-15,119,put,10.545,0.188445,-0.06306
720.0,2027-01-15,119,put,11.315,0.184702,-0.056091
725.0,2027-01-15,119,put,12.175,0.18116,-0.049171
730.0,2027-01-15,119,put,13.08,0.177443,-0.042298
735.0,2027-01-15,119,put,14.085,0.173902,-0.035472
740.0,2027-01-15,119,put,15.19,0.170476,-0.028692
745.0,2027-01-15,119,put,16.395,0.167112,-0.021958
750.0,2027-01-15,119,put,17.73,0.163946,-0.015269
755.0,2027-01-15,119,put,19.17,0.160767,-0.008625
760.0,2027-01-15,119,put,20.81,0.158095,-0.002024
765.0,2027-01-15,119,put,22.61,0.155625,0.004533
770.0,2027-01-15,119,put,24.58,0.153371,0.011048
775.0,2027-01-15,119,put,26.78,0.151639,0.01752
780.0,2027-01-15,119,put,29.185,0.150255,0.023951
785.0,2027-01-15,119,put,31.905,0.149847,0.030341
790.0,2027-01-15,119,put,34.805,0.14965,0.03669
795.0,2027-01-15,119,put,37.955,0.150106,0.042999
800.0,2027-01-15,119,put,42.115,0.155911,0.049269
805.0,2027-01-15,119,put,45.345,0.155391,0.0555
810.0,2027-01-15,119,put,49.505,0.160018,0.061692
815.0,2027-01-15,119,put,53.975,0.166177,0.067845
820.0,2027-01-15,119,put,58.77,0.17412,0.073962
825.0,2027-01-15,119,put,63.585,0.181935,0.080041
830.0,2027-01-15,119,put,68.53,0.190403,0.086083
835.0,2027-01-15,119,put,73.49,0.198786,0.092089
840.0,2027-01-15,119,put,78.485,0.207243,0.098059
845.0,2027-01-15,119,put,83.485,0.215583,0.103994
850.0,2027-01-15,119,put,88.465,0.223638,0.109894
595.0,2027-01-29,133,call,177.525,0.18734,-0.246781
600.0,2027-01-29,133,call,172.76,0.193674,-0.238413
615.0,2027-01-29,133,call,158.58,0.203075,-0.21372
630.0,2027-01-29,133,call,144.36,0.200274,-0.189623
640.0,2027-01-29,133,call,135.065,0.199804,-0.173874
650.0,2027-01-29,133,call,125.785,0.196978,-0.15837
655.0,2027-01-29,133,call,120.615,0.185501,-0.150707
660.0,2027-01-29,133,call,116.53,0.192602,-0.143103
665.0,2027-01-29,133,call,111.945,0.190411,-0.135556
671.0,2027-01-29,133,call,105.955,0.180508,-0.126574
673.0,2027-01-29,133,call,104.71,0.187338,-0.123597
675.0,2027-01-29,133,call,102.305,0.178655,-0.12063
676.0,2027-01-29,133,call,102.105,0.187203,-0.11915
680.0,2027-01-29,133,call,98.53,0.185442,-0.11325
683.0,2027-01-29,133,call,95.13,0.175626,-0.108848
684.0,2027-01-29,133,call,94.795,0.181607,-0.107385
685.0,2027-01-29,133,call,93.93,0.18139,-0.105924
690.0,2027-01-29,133,call,88.94,0.172906,-0.098651
695.0,2027-01-29,133,call,85.275,0.177877,-0.091431
697.0,2027-01-29,133,call,83.55,0.176977,-0.088557
698.0,2027-01-29,133,call,82.705,0.176662,-0.087124
700.0,2027-01-29,133,call,80.99,0.175732,-0.084262
702.0,2027-01-29,133,call,79.275,0.174723,-0.081409
704.0,2027-01-29,133,call,77.565,0.173681,-0.078564
705.0,2027-01-29,133,call,76.635,0.172479,-0.077145
706.0,2027-01-29,133,call,75.82,0.172262,-0.075727
707.0,2027-01-29,133,call,74.95,0.171551,-0.074312
708.0,2027-01-29,133,call,74.055,0.170612,-0.072899
709.0,2027-01-29,133,call,73.22,0.170164,-0.071487
710.0,2027-01-29,133,call,72.38,0.169653,-0.070078
713.0,2027-01-29,133,call,69.525,0.165295,-0.065861
715.0,2027-01-29,133,call,68.195,0.166919,-0.06306
716.0,2027-01-29,133,call,67.385,0.166524,-0.061663
720.0,2027-01-29,133,call,64.11,0.164451,-0.056091
722.0,2027-01-29,133,call,62.445,0.163087,-0.053318
725.0,2027-01-29,133,call,59.98,0.161134,-0.049171
726.0,2027-01-29,133,call,59.2,0.160741,-0.047793
727.0,2027-01-29,133,call,65.23,0.206002,-0.046416
728.0,2027-01-29,133,call,57.57,0.159392,-0.045042
729.0,2027-01-29,133,call,56.79,0.15893,-0.043669
730.0,2027-01-29,133,call,55.97,0.15817,-0.042298
732.0,2027-01-29,133,call,54.36,0.156795,-0.039562
733.0,2027-01-29,133,call,53.59,0.156313,-0.038197
735.0,2027-01-29,133,call,52.03,0.155143,-0.035472
736.0,2027-01-29,133,call,51.26,0.15459,-0.034113
737.0,2027-01-29,133,call,50.475,0.153915,-0.032755
738.0,2027-01-29,133,call,49.7,0.153284,-0.031399
739.0,2027-01-29,133,call,48.925,0.15263,-0.030045
740.0,2027-01-29,133,call,48.18,0.152144,-0.028692
741.0,2027-01-29,133,call,47.415,0.151507,-0.027342
742.0,2027-01-29,133,call,46.635,0.150752,-0.025993
743.0,2027-01-29,133,call,45.92,0.150381,-0.024647
745.0,2027-01-29,133,call,44.405,0.149033,-0.021958
746.0,2027-01-29,133,call,50.27,0.188029,-0.020617
747.0,2027-01-29,133,call,49.425,0.186583,-0.019277
750.0,2027-01-29,133,call,40.75,0.146043,-0.015269
752.0,2027-01-29,133,call,39.315,0.144828,-0.012606
753.0,2027-01-29,133,call,38.63,0.144372,-0.011277
754.0,2027-01-29,133,call,37.915,0.143713,-0.00995
755.0,2027-01-29,133,call,37.225,0.143172,-0.008625
756.0,2027-01-29,133,call,36.52,0.142517,-0.007301
757.0,2027-01-29,133,call,35.86,0.142094,-0.005979
758.0,2027-01-29,133,call,35.15,0.141355,-0.004659
759.0,2027-01-29,133,call,34.465,0.140732,-0.003341
760.0,2027-01-29,133,call,33.815,0.140279,-0.002024
761.0,2027-01-29,133,call,33.135,0.139627,-0.000709
762.0,2027-01-29,133,call,32.515,0.139284,0.000604
763.0,2027-01-29,133,call,31.86,0.138713,0.001915
764.0,2027-01-29,133,call,31.19,0.138029,0.003225
765.0,2027-01-29,133,call,30.53,0.137372,0.004533
766.0,2027-01-29,133,call,29.93,0.137017,0.005839
767.0,2027-01-29,133,call,29.31,0.13652,0.007144
768.0,2027-01-29,133,call,28.695,0.13602,0.008447
769.0,2027-01-29,133,call,28.105,0.135625,0.009748
770.0,2027-01-29,133,call,27.48,0.135006,0.011048
771.0,2027-01-29,133,call,26.875,0.134464,0.012346
772.0,2027-01-29,133,call,26.285,0.133973,0.013642
773.0,2027-01-29,133,call,25.695,0.133449,0.014936
774.0,2027-01-29,133,call,25.06,0.132645,0.016229
775.0,2027-01-29,133,call,24.555,0.132519,0.01752
776.0,2027-01-29,133,call,23.985,0.132004,0.01881
777.0,2027-01-29,133,call,23.405,0.1314,0.020098
778.0,2027-01-29,133,call,22.85,0.130899,0.021384
779.0,2027-01-29,133,call,22.295,0.130362,0.022668
780.0,2027-01-29,133,call,21.76,0.1299,0.023951
785.0,2027-01-29,133,call,19.195,0.127656,0.030341
790.0,2027-01-29,133,call,16.8,0.125429,0.03669
795.0,2027-01-29,133,call,14.62,0.12345,0.042999
800.0,2027-01-29,133,call,12.61,0.121458,0.049269
805.0,2027-01-29,133,call,10.87,0.120057,0.0555
810.0,2027-01-29,133,call,9.295,0.118664,0.061692
815.0,2027-01-29,133,call,7.915,0.117513,0.067845
820.0,2027-01-29,133,call,6.695,0.116439,0.073962
825.0,2027-01-29,133,call,5.655,0.115672,0.080041
830.0,2027-01-29,133,call,4.76,0.115065,0.086083
835.0,2027-01-29,133,call,3.965,0.114328,0.092089
840.0,2027-01-29,133,call,3.31,0.113931,0.098059
845.0,2027-01-29,133,call,2.76,0.113697,0.103994
850.0,2027-01-29,133,call,2.28,0.113355,0.109894
855.0,2027-01-29,133,call,1.895,0.113348,0.115759
860.0,2027-01-29,133,call,1.56,0.113214,0.12159
865.0,2027-01-29,133,call,1.295,0.113403,0.127387
870.0,2027-01-29,133,call,1.075,0.11367,0.133151
875.0,2027-01-29,133,call,0.9,0.114183,0.138881
880.0,2027-01-29,133,call,0.755,0.114772,0.144579
885.0,2027-01-29,133,call,0.635,0.115435,0.150245
890.0,2027-01-29,133,call,0.54,0.116319,0.155879
895.0,2027-01-29,133,call,0.455,0.117032,0.161481
900.0,2027-01-29,133,call,0.39,0.118049,0.167052
905.0,2027-01-29,133,call,0.34,0.119338,0.172592
910.0,2027-01-29,133,call,0.3,0.120796,0.178102
915.0,2027-01-29,133,call,0.265,0.122233,0.183581
920.0,2027-01-29,133,call,0.235,0.123696,0.189031
925.0,2027-01-29,133,call,0.21,0.125242,0.194451
930.0,2027-01-29,133,call,0.19,0.126943,0.199842
485.0,2027-01-29,133,put,1.23,0.390664,-0.451194
490.0,2027-01-29,133,put,1.28,0.385592,-0.440937
495.0,2027-01-29,133,put,1.335,0.380683,-0.430785
500.0,2027-01-29,133,put,1.39,0.375694,-0.420735
505.0,2027-01-29,133,put,1.445,0.370632,-0.410784
510.0,2027-01-29,133,put,1.51,0.365913,-0.400932
515.0,2027-01-29,133,put,1.57,0.360903,-0.391176
520.0,2027-01-29,133,put,1.64,0.3562,-0.381514
525.0,2027-01-29,133,put,1.7,0.35104,-0.371944
530.0,2027-01-29,133,put,1.77,0.346169,-0.362466
535.0,2027-01-29,133,put,1.845,0.341383,-0.353076
540.0,2027-01-29,133,put,1.925,0.33667,-0.343774
545.0,2027-01-29,133,put,2.005,0.331861,-0.334557
550.0,2027-01-29,133,put,2.09,0.327113,-0.325424
555.0,2027-01-29,133,put,2.185,0.322554,-0.316375
560.0,2027-01-29,133,put,2.275,0.31775,-0.307406
565.0,2027-01-29,133,put,2.38,0.313247,-0.298517
570.0,2027-01-29,133,put,2.48,0.308503,-0.289706
575.0,2027-01-29,133,put,2.595,0.30402,-0.280973
580.0,2027-01-29,133,put,2.71,0.299416,-0.272315
585.0,2027-01-29,133,put,2.83,0.29481,-0.263731
590.0,2027-01-29,133,put,2.97,0.290513,-0.25522
595.0,2027-01-29,133,put,3.11,0.286074,-0.246781
600.0,2027-01-29,133,put,3.25,0.281501,-0.238413
605.0,2027-01-29,133,put,3.42,0.277363,-0.230114
610.0,2027-01-29,133,put,3.58,0.272882,-0.221884
615.0,2027-01-29,133,put,3.76,0.268605,-0.21372
620.0,2027-01-29,133,put,3.96,0.264496,-0.205623
625.0,2027-01-29,133,put,4.155,0.260132,-0.197591
630.0,2027-01-29,133,put,4.37,0.255908,-0.189623
635.0,2027-01-29,133,put,4.595,0.251652,-0.181718
640.0,2027-01-29,133,put,4.845,0.247561,-0.173874
645.0,2027-01-29,133,put,5.105,0.243404,-0.166092
650.0,2027-01-29,133,put,5.4,0.239491,-0.15837
655.0,2027-01-29,133,put,5.685,0.235232,-0.150707
660.0,2027-01-29,133,put,6.025,0.231407,-0.143103
665.0,2027-01-29,133,put,6.36,0.227281,-0.135556
668.0,2027-01-29,133,put,6.585,0.224954,-0.131054
670.0,2027-01-29,133,put,6.72,0.223191,-0.128065
671.0,2027-01-29,133,put,6.925,0.223737,-0.126574
673.0,2027-01-29,133,put,6.96,0.220869,-0.123597
674.0,2027-01-29,133,put,7.045,0.220125,-0.122113
675.0,2027-01-29,133,put,7.125,0.219319,-0.12063
677.0,2027-01-29,133,put,7.29,0.217724,-0.117671
678.0,2027-01-29,133,put,7.375,0.216935,-0.116195
679.0,2027-01-29,133,put,7.475,0.216283,-0.114722
680.0,2027-01-29,133,put,7.565,0.215519,-0.11325
681.0,2027-01-29,133,put,7.635,0.214552,-0.11178
682.0,2027-01-29,133,put,7.745,0.213958,-0.110313
684.0,2027-01-29,133,put,7.915,0.212257,-0.107385
685.0,2027-01-29,133,put,8.015,0.211531,-0.105924
686.0,2027-01-29,133,put,8.195,0.211531,-0.104465
687.0,2027-01-29,133,put,8.21,0.209995,-0.103008
688.0,2027-01-29,133,put,8.305,0.209186,-0.101554
689.0,2027-01-29,133,put,8.4,0.208365,-0.100101
690.0,2027-01-29,133,put,8.515,0.207712,-0.098651
692.0,2027-01-29,133,put,8.73,0.206231,-0.095757
693.0,2027-01-29,133,put,8.815,0.205274,-0.094313
694.0,2027-01-29,133,put,8.955,0.204784,-0.092871
695.0,2027-01-29,133,put,9.035,0.203762,-0.091431
697.0,2027-01-29,133,put,9.28,0.202408,-0.088557
698.0,2027-01-29,133,put,9.38,0.201521,-0.087124
699.0,2027-01-29,133,put,9.515,0.200913,-0.085692
700.0,2027-01-29,133,put,9.615,0.200001,-0.084262
701.0,2027-01-29,133,put,9.745,0.199323,-0.082835
702.0,2027-01-29,133,put,9.855,0.198468,-0.081409
703.0,2027-01-29,133,put,10.0,0.197882,-0.079986
704.0,2027-01-29,133,put,10.11,0.197,-0.078564
705.0,2027-01-29,133,put,10.26,0.196423,-0.077145
706.0,2027-01-29,133,put,10.37,0.195514,-0.075727
707.0,2027-01-29,133,put,10.505,0.194788,-0.074312
708.0,2027-01-29,133,put,10.63,0.19397,-0.072899
709.0,2027-01-29,133,put,10.78,0.19333,-0.071487
710.0,2027-01-29,133,put,10.925,0.192636,-0.070078
711.0,2027-01-29,133,put,11.055,0.191812,-0.06867
712.0,2027-01-29,133,put,11.2,0.191087,-0.067265
713.0,2027-01-29,133,put,11.365,0.190495,-0.065861
714.0,2027-01-29,133,put,11.49,0.18959,-0.06446
715.0,2027-01-29,133,put,11.65,0.188928,-0.06306
716.0,2027-01-29,133,put,11.795,0.18814,-0.061663
717.0,2027-01-29,133,put,11.97,0.187554,-0.060267
718.0,2027-01-29,133,put,12.11,0.186698,-0.058873
719.0,2027-01-29,133,put,12.29,0.186113,-0.057481
720.0,2027-01-29,133,put,12.445,0.185332,-0.056091
721.0,2027-01-29,133,put,12.62,0.184676,-0.054704
722.0,2027-01-29,133,put,12.78,0.183897,-0.053318
723.0,2027-01-29,133,put,12.965,0.183275,-0.051933
724.0,2027-01-29,133,put,13.14,0.182566,-0.050551
725.0,2027-01-29,133,put,13.31,0.181805,-0.049171
726.0,2027-01-29,133,put,13.49,0.181095,-0.047793
727.0,2027-01-29,133,put,13.68,0.180434,-0.046416
728.0,2027-01-29,133,put,13.89,0.179888,-0.045042
729.0,2027-01-29,133,put,14.065,0.17909,-0.043669
730.0,2027-01-29,133,put,14.29,0.178604,-0.042298
732.0,2027-01-29,133,put,14.67,0.177112,-0.039562
733.0,2027-01-29,133,put,14.87,0.176404,-0.038197
734.0,2027-01-29,133,put,15.09,0.175805,-0.036834
735.0,2027-01-29,133,put,15.295,0.175089,-0.035472
736.0,2027-01-29,133,put,15.505,0.174386,-0.034113
737.0,2027-01-29,133,put,15.735,0.173789,-0.032755
738.0,2027-01-29,133,put,15.965,0.173171,-0.031399
739.0,2027-01-29,133,put,16.215,0.172657,-0.030045
740.0,2027-01-29,133,put,16.435,0.171935,-0.028692
741.0,2027-01-29,133,put,16.67,0.171284,-0.027342
742.0,2027-01-29,133,put,16.905,0.170613,-0.025993
743.0,2027-01-29,133,put,17.15,0.169981,-0.024647
744.0,2027-01-29,133,put,17.4,0.169358,-0.023302
745.0,2027-01-29,133,put,17.665,0.168803,-0.021958
746.0,2027-01-29,133,put,17.925,0.168195,-0.020617
747.0,2027-01-29,133,put,18.21,0.167714,-0.019277
748.0,2027-01-29,133,put,18.47,0.16706,-0.01794
749.0,2027-01-29,133,put,18.745,0.166473,-0.016604
750.0,2027-01-29,133,put,19.045,0.166009,-0.015269
751.0,2027-01-29,133,put,19.31,0.165315,-0.013937
752.0,2027-01-29,133,put,19.6,0.164745,-0.012606
753.0,2027-01-29,133,put,19.895,0.164179,-0.011277
754.0,2027-01-29,133,put,20.22,0.163762,-0.00995
755.0,2027-01-29,133,put,20.5,0.163061,-0.008625
756.0,2027-01-29,133,put,20.83,0.162622,-0.007301
757.0,2027-01-29,133,put,21.145,0.162072,-0.005979
758.0,2027-01-29,133,put,21.455,0.161469,-0.004659
759.0,2027-01-29,133,put,21.795,0.16101,-0.003341
760.0,2027-01-29,133,put,22.14,0.160553,-0.002024
761.0,2027-01-29,133,put,22.495,0.160126,-0.000709
762.0,2027-01-29,133,put,22.825,0.159532,0.000604
763.0,2027-01-29,133,put,23.19,0.159108,0.001915
764.0,2027-01-29,133,put,23.56,0.158684,0.003225
765.0,2027-01-29,133,put,23.92,0.158178,0.004533
766.0,2027-01-29,133,put,24.32,0.157866,0.005839
767.0,2027-01-29,133,put,24.69,0.157361,0.007144
768.0,2027-01-29,133,put,25.085,0.156966,0.008447
769.0,2027-01-29,133,put,25.49,0.156598,0.009748
770.0,2027-01-29,133,put,25.895,0.156202,0.011048
771.0,2027-01-29,133,put,26.345,0.156025,0.012346
772.0,2027-01-29,133,put,26.735,0.15549,0.013642
773.0,2027-01-29,133,put,27.18,0.155227,0.014936
774.0,2027-01-29,133,put,27.615,0.154881,0.016229
775.0,2027-01-29,133,put,28.065,0.154588,0.01752
776.0,2027-01-29,133,put,28.5,0.154184,0.01881
777.0,2027-01-29,133,put,28.965,0.153915,0.020098
778.0,2027-01-29,133,put,29.455,0.153753,0.021384
779.0,2027-01-29,133,put,29.94,0.153534,0.022668
780.0,2027-01-29,133,put,30.42,0.153258,0.023951
785.0,2027-01-29,133,put,33.04,0.152636,0.030341
790.0,2027-01-29,133,put,36.39,0.1553,0.03669
795.0,2027-01-29,133,put,38.975,0.153029,0.042999
800.0,2027-01-29,133,put,42.3,0.154173,0.049269
805.0,2027-01-29,133,put,46.0,0.156826,0.0555
810.0,2027-01-29,133,put,49.9,0.160088,0.061692
825.0,2027-01-29,133,put,63.88,0.18119,0.080041
830.0,2027-01-29,133,put,68.83,0.189504,0.086083
835.0,2027-01-29,133,put,73.465,0.19562,0.092089
570.0,2027-02-26,161,call,204.365,0.209338,-0.289706
630.0,2027-02-26,161,call,147.94,0.209533,-0.189623
650.0,2027-02-26,161,call,129.515,0.201216,-0.15837
660.0,2027-02-26,161,call,119.905,0.190256,-0.143103
685.0,2027-02-26,161,call,98.255,0.18527,-0.105924
690.0,2027-02-26,161,call,93.21,0.176603,-0.098651
700.0,2027-02-26,161,call,84.855,0.173807,-0.084262
710.0,2027-02-26,161,call,77.005,0.172826,-0.070078
720.0,2027-02-26,161,call,68.285,0.163897,-0.056091
730.0,2027-02-26,161,call,60.875,0.161988,-0.042298
735.0,2027-02-26,161,call,56.98,0.159083,-0.035472
740.0,2027-02-26,161,call,53.835,0.160033,-0.028692
750.0,2027-02-26,161,call,45.815,0.15058,-0.015269
755.0,2027-02-26,161,call,42.275,0.147743,-0.008625
757.0,2027-02-26,161,call,40.885,0.146596,-0.005979
759.0,2027-02-26,161,call,39.525,0.145519,-0.003341
760.0,2027-02-26,161,call,38.865,0.14505,-0.002024
763.0,2027-02-26,161,call,36.87,0.143428,0.001915
764.0,2027-02-26,161,call,36.225,0.142943,0.003225
765.0,2027-02-26,161,call,35.545,0.142256,0.004533
766.0,2027-02-26,161,call,34.945,0.141953,0.005839
767.0,2027-02-26,161,call,34.31,0.141447,0.007144
768.0,2027-02-26,161,call,33.655,0.140815,0.008447
769.0,2027-02-26,161,call,33.05,0.140412,0.009748
770.0,2027-02-26,161,call,32.415,0.139832,0.011048
771.0,2027-02-26,161,call,31.84,0.139529,0.012346
772.0,2027-02-26,161,call,31.21,0.138924,0.013642
773.0,2027-02-26,161,call,30.61,0.138444,0.014936
774.0,2027-02-26,161,call,29.985,0.137814,0.016229
775.0,2027-02-26,161,call,29.44,0.137557,0.01752
776.0,2027-02-26,161,call,28.835,0.136975,0.01881
777.0,2027-02-26,161,call,28.235,0.136391,0.020098
778.0,2027-02-26,161,call,27.645,0.135831,0.021384
779.0,2027-02-26,161,call,27.09,0.135417,0.022668
780.0,2027-02-26,161,call,26.545,0.135026,0.023951
781.0,2027-02-26,161,call,26.0,0.134608,0.025232
782.0,2027-02-26,161,call,25.455,0.134162,0.026512
783.0,2027-02-26,161,call,24.91,0.133688,0.02779
784.0,2027-02-26,161,call,24.38,0.133261,0.029066
785.0,2027-02-26,161,call,23.84,0.132756,0.030341
786.0,2027-02-26,161,call,23.335,0.132396,0.031614
787.0,2027-02-26,161,call,22.82,0.131959,0.032886
788.0,2027-02-26,161,call,22.29,0.131417,0.034155
789.0,2027-02-26,161,call,21.775,0.130922,0.035424
790.0,2027-02-26,161,call,21.315,0.130671,0.03669
791.0,2027-02-26,161,call,20.795,0.130091,0.037955
792.0,2027-02-26,161,call,20.355,0.129883,0.039219
793.0,2027-02-26,161,call,19.875,0.129444,0.040481
794.0,2027-02-26,161,call,19.41,0.129051,0.041741
795.0,2027-02-26,161,call,18.95,0.128653,0.042999
796.0,2027-02-26,161,call,18.495,0.128249,0.044257
797.0,2027-02-26,161,call,18.045,0.127841,0.045512
798.0,2027-02-26,161,call,17.62,0.127529,0.046766
799.0,2027-02-26,161,call,17.175,0.127085,0.048018
800.0,2027-02-26,161,call,16.76,0.126763,0.049269
801.0,2027-02-26,161,call,16.315,0.126255,0.050518
802.0,2027-02-26,161,call,15.92,0.125975,0.051766
803.0,2027-02-26,161,call,15.525,0.125663,0.053012
804.0,2027-02-26,161,call,15.135,0.125347,0.054257
805.0,2027-02-26,161,call,14.735,0.124946,0.0555
806.0,2027-02-26,161,call,14.37,0.124699,0.056741
808.0,2027-02-26,161,call,13.62,0.124003,0.059219
809.0,2027-02-26,161,call,13.285,0.123823,0.060456
810.0,2027-02-26,161,call,12.9,0.123339,0.061692
815.0,2027-02-26,161,call,11.26,0.121996,0.067845
820.0,2027-02-26,161,call,9.8,0.120877,0.073962
830.0,2027-02-26,161,call,7.33,0.118971,0.086083
840.0,2027-02-26,161,call,5.4,0.117494,0.098059
850.0,2027-02-26,161,call,3.945,0.116576,0.109894
860.0,2027-02-26,161,call,2.84,0.115845,0.12159
870.0,2027-02-26,161,call,2.03,0.115458,0.133151
880.0,2027-02-26,161,call,1.46,0.115632,0.144579
890.0,2027-02-26,161,call,1.05,0.116062,0.155879
900.0,2027-02-26,161,call,0.755,0.116669,0.167052
910.0,2027-02-26,161,call,0.55,0.117644,0.178102
920.0,2027-02-26,161,call,0.42,0.119492,0.189031
540.0,2027-02-26,161,put,2.515,0.324767,-0.343774
550.0,2027-02-26,161,put,2.73,0.316149,-0.325424
560.0,2027-02-26,161,put,2.965,0.307606,-0.307406
570.0,2027-02-26,161,put,3.225,0.299188,-0.289706
580.0,2027-02-26,161,put,3.5,0.290645,-0.272315
590.0,2027-02-26,161,put,3.83,0.282646,-0.25522
600.0,2027-02-26,161,put,4.18,0.274475,-0.238413
610.0,2027-02-26,161,put,4.575,0.266478,-0.221884
620.0,2027-02-26,161,put,5.035,0.258828,-0.205623
630.0,2027-02-26,161,put,5.535,0.251074,-0.189623
640.0,2027-02-26,161,put,6.1,0.24345,-0.173874
650.0,2027-02-26,161,put,6.75,0.236058,-0.15837
660.0,2027-02-26,161,put,7.49,0.228809,-0.143103
670.0,2027-02-26,161,put,8.32,0.22157,-0.128065
680.0,2027-02-26,161,put,9.255,0.214355,-0.11325
685.0,2027-02-26,161,put,9.795,0.210984,-0.105924
690.0,2027-02-26,161,put,10.355,0.207506,-0.098651
694.0,2027-02-26,161,put,10.835,0.204774,-0.092871
695.0,2027-02-26,161,put,10.94,0.203951,-0.091431
700.0,2027-02-26,161,put,11.595,0.200634,-0.084262
701.0,2027-02-26,161,put,11.74,0.200035,-0.082835
705.0,2027-02-26,161,put,12.29,0.197302,-0.077145
707.0,2027-02-26,161,put,12.57,0.195897,-0.074312
708.0,2027-02-26,161,put,12.725,0.195279,-0.072899
709.0,2027-02-26,161,put,12.885,0.194681,-0.071487
710.0,2027-02-26,161,put,13.035,0.194002,-0.070078
711.0,2027-02-26,161,put,13.17,0.193211,-0.06867
712.0,2027-02-26,161,put,13.34,0.19264,-0.067265
713.0,2027-02-26,161,put,13.49,0.191923,-0.065861
714.0,2027-02-26,161,put,13.66,0.191324,-0.06446
715.0,2027-02-26,161,put,13.815,0.190614,-0.06306
716.0,2027-02-26,161,put,13.98,0.189955,-0.061663
717.0,2027-02-26,161,put,14.15,0.189315,-0.060267
718.0,2027-02-26,161,put,14.325,0.188693,-0.058873
719.0,2027-02-26,161,put,14.49,0.187993,-0.057481
720.0,2027-02-26,161,put,14.68,0.187437,-0.056091
725.0,2027-02-26,161,put,15.64,0.184491,-0.049171
730.0,2027-02-26,161,put,16.625,0.181317,-0.042298
731.0,2027-02-26,161,put,16.825,0.180654,-0.040929
735.0,2027-02-26,161,put,17.73,0.178455,-0.035472
738.0,2027-02-26,161,put,18.41,0.176638,-0.031399
739.0,2027-02-26,161,put,18.625,0.175933,-0.030045
740.0,2027-02-26,161,put,18.915,0.175633,-0.028692
741.0,2027-02-26,161,put,19.155,0.175034,-0.027342
742.0,2027-02-26,161,put,19.385,0.174362,-0.025993
743.0,2027-02-26,161,put,19.64,0.173812,-0.024647
744.0,2027-02-26,161,put,19.89,0.173216,-0.023302
745.0,2027-02-26,161,put,20.19,0.172876,-0.021958
747.0,2027-02-26,161,put,20.72,0.171757,-0.019277
748.0,2027-02-26,161,put,20.96,0.171036,-0.01794
749.0,2027-02-26,161,put,21.25,0.170565,-0.016604
750.0,2027-02-26,161,put,21.55,0.170129,-0.015269
751.0,2027-02-26,161,put,21.825,0.16954,-0.013937
752.0,2027-02-26,161,put,22.125,0.169064,-0.012606
753.0,2027-02-26,161,put,22.42,0.168543,-0.011277
754.0,2027-02-26,161,put,22.73,0.168081,-0.00995
755.0,2027-02-26,161,put,23.055,0.167678,-0.008625
756.0,2027-02-26,161,put,23.355,0.167124,-0.007301
757.0,2027-02-26,161,put,23.695,0.166758,-0.005979
758.0,2027-02-26,161,put,24.0,0.16619,-0.004659
759.0,2027-02-26,161,put,24.335,0.165756,-0.003341
760.0,2027-02-26,161,put,24.69,0.165406,-0.002024
761.0,2027-02-26,161,put,25.025,0.164931,-0.000709
762.0,2027-02-26,161,put,25.36,0.164435,0.000604
763.0,2027-02-26,161,put,25.725,0.164072,0.001915
764.0,2027-02-26,161,put,26.08,0.163636,0.003225
765.0,2027-02-26,161,put,26.465,0.163331,0.004533
766.0,2027-02-26,161,put,26.825,0.162877,0.005839
767.0,2027-02-26,161,put,27.21,0.162528,0.007144
768.0,2027-02-26,161,put,27.59,0.162132,0.008447
769.0,2027-02-26,161,put,28.0,0.161865,0.009748
770.0,2027-02-26,161,put,28.375,0.1614,0.011048
771.0,2027-02-26,161,put,28.785,0.161087,0.012346
773.0,2027-02-26,161,put,29.615,0.160446,0.014936
774.0,2027-02-26,161,put,30.055,0.160215,0.016229
775.0,2027-02-26,161,put,30.48,0.159888,0.01752
776.0,2027-02-26,161,put,30.915,0.159587,0.01881
777.0,2027-02-26,161,put,31.385,0.159437,0.020098
778.0,2027-02-26,161,put,31.84,0.159189,0.021384
779.0,2027-02-26,161,put,32.29,0.158893,0.022668
780.0,2027-02-26,161,put,32.77,0.158723,0.023951
785.0,2027-02-26,161,put,35.21,0.15772,0.030341
792.0,2027-02-26,161,put,38.555,0.154971,0.039219
415.0,2027-03-19,182,call,357.135,0.370751,-0.607064
440.0,2027-03-19,182,call,338.09,0.529339,-0.548568
445.0,2027-03-19,182,call,333.26,0.521441,-0.537268
545.0,2027-03-19,182,call,230.1,0.197683,-0.334557
550.0,2027-03-19,182,call,225.475,0.218493,-0.325424
555.0,2027-03-19,182,call,220.43,0.198961,-0.316375
560.0,2027-03-19,182,call,215.635,0.201845,-0.307406
565.0,2027-03-19,182,call,210.97,0.211388,-0.298517
570.0,2027-03-19,182,call,206.26,0.214861,-0.289706
575.0,2027-03-19,182,call,201.535,0.216194,-0.280973
580.0,2027-03-19,182,call,196.905,0.219916,-0.272315
585.0,2027-03-19,182,call,192.19,0.219609,-0.263731
590.0,2027-03-19,182,call,187.435,0.217631,-0.25522
595.0,2027-03-19,182,call,182.7,0.215893,-0.246781
600.0,2027-03-19,182,call,178.095,0.216939,-0.238413
605.0,2027-03-19,182,call,173.335,0.213857,-0.230114
610.0,2027-03-19,182,call,168.72,0.213594,-0.221884
615.0,2027-03-19,182,call,164.085,0.212423,-0.21372
620.0,2027-03-19,182,call,159.47,0.2112,-0.205623
625.0,2027-03-19,182,call,154.805,0.208773,-0.197591
630.0,2027-03-19,182,call,150.245,0.207705,-0.189623
635.0,2027-03-19,182,call,145.7,0.206436,-0.181718
640.0,2027-03-19,182,call,140.655,0.19792,-0.173874
645.0,2027-03-19,182,call,136.105,0.196272,-0.166092
650.0,2027-03-19,182,call,131.56,0.194335,-0.15837
655.0,2027-03-19,182,call,127.055,0.192549,-0.150707
660.0,2027-03-19,182,call,122.56,0.190532,-0.143103
665.0,2027-03-19,182,call,118.08,0.188353,-0.135556
670.0,2027-03-19,182,call,113.69,0.186758,-0.128065
675.0,2027-03-19,182,call,109.235,0.18418,-0.12063
680.0,2027-03-19,182,call,104.795,0.181455,-0.11325
685.0,2027-03-19,182,call,101.025,0.18409,-0.105924
690.0,2027-03-19,182,call,96.175,0.177312,-0.098651
695.0,2027-03-19,182,call,92.44,0.179121,-0.091431
700.0,2027-03-19,182,call,87.625,0.172351,-0.084262
705.0,2027-03-19,182,call,84.055,0.174324,-0.077145
710.0,2027-03-19,182,call,79.96,0.172074,-0.070078
715.0,2027-03-19,182,call,75.925,0.169846,-0.06306
720.0,2027-03-19,182,call,71.93,0.167491,-0.056091
725.0,2027-03-19,182,call,68.09,0.165681,-0.049171
730.0,2027-03-19,182,call,64.025,0.162161,-0.042298
735.0,2027-03-19,182,call,60.125,0.159234,-0.035472
740.0,2027-03-19,182,call,56.545,0.157656,-0.028692
745.0,2027-03-19,182,call,52.855,0.155034,-0.021958
750.0,2027-03-19,182,call,49.115,0.151731,-0.015269
755.0,2027-03-19,182,call,45.71,0.14969,-0.008625
760.0,2027-03-19,182,call,42.32,0.147237,-0.002024
765.0,2027-03-19,182,call,38.985,0.144561,0.004533
770.0,2027-03-19,182,call,35.825,0.142214,0.011048
775.0,2027-03-19,182,call,32.79,0.139921,0.01752
780.0,2027-03-19,182,call,29.87,0.137609,0.023951
785.0,2027-03-19,182,call,27.105,0.13544,0.030341
790.0,2027-03-19,182,call,24.485,0.133343,0.03669
795.0,2027-03-19,182,call,22.035,0.131419,0.042999
800.0,2027-03-19,182,call,19.74,0.129582,0.049269
805.0,2027-03-19,182,call,17.6,0.127827,0.0555
810.0,2027-03-19,182,call,15.635,0.126248,0.061692
815.0,2027-03-19,182,call,13.835,0.124808,0.067845
820.0,2027-03-19,182,call,12.195,0.123498,0.073962
825.0,2027-03-19,182,call,10.73,0.122429,0.080041
830.0,2027-03-19,182,call,9.41,0.121477,0.086083
835.0,2027-03-19,182,call,8.21,0.120533,0.092089
840.0,2027-03-19,182,call,7.17,0.119893,0.098059
845.0,2027-03-19,182,call,6.21,0.119096,0.103994
850.0,2027-03-19,182,call,5.38,0.118526,0.109894
855.0,2027-03-19,182,call,4.665,0.118167,0.115759
860.0,2027-03-19,182,call,4.02,0.117732,0.12159
865.0,2027-03-19,182,call,3.46,0.117402,0.127387
870.0,2027-03-19,182,call,2.97,0.117114,0.133151
875.0,2027-03-19,182,call,2.56,0.117061,0.138881
880.0,2027-03-19,182,call,2.19,0.116884,0.144579
885.0,2027-03-19,182,call,1.87,0.116749,0.150245
890.0,2027-03-19,182,call,1.6,0.116747,0.155879
895.0,2027-03-19,182,call,1.385,0.117084,0.161481
900.0,2027-03-19,182,call,1.19,0.117285,0.167052
905.0,2027-03-19,182,call,1.02,0.117473,0.172592
910.0,2027-03-19,182,call,0.88,0.117834,0.178102
915.0,2027-03-19,182,call,0.77,0.118498,0.183581
920.0,2027-03-19,182,call,0.66,0.118764,0.189031
925.0,2027-03-19,182,call,0.585,0.119679,0.194451
930.0,2027-03-19,182,call,0.51,0.120275,0.199842
935.0,2027-03-19,182,call,0.455,0.121281,0.205204
940.0,2027-03-19,182,call,0.4,0.122009,0.210537
945.0,2027-03-19,182,call,0.36,0.123126,0.215842
950.0,2027-03-19,182,call,0.325,0.12427,0.221119
955.0,2027-03-19,182,call,0.295,0.125476,0.226369
960.0,2027-03-19,182,call,0.265,0.126486,0.231591
965.0,2027-03-19,182,call,0.245,0.127935,0.236785
970.0,2027-03-19,182,call,0.225,0.129245,0.241953
975.0,2027-03-19,182,call,0.205,0.130402,0.247095
980.0,2027-03-19,182,call,0.19,0.1318,0.25221
985.0,2027-03-19,182,call,0.175,0.133072,0.257299
990.0,2027-03-19,182,call,0.165,0.134677,0.262362
995.0,2027-03-19,182,call,0.15,0.135694,0.2674
1000.0,2027-03-19,182,call,0.14,0.137088,0.272413
1010.0,2027-03-19,182,call,0.125,0.140167,0.282363
1020.0,2027-03-19,182,call,0.105,0.14223,0.292215
1030.0,2027-03-19,182,call,0.095,0.145302,0.301971
1040.0,2027-03-19,182,call,0.085,0.148115,0.311633
1050.0,2027-03-19,182,call,0.075,0.150633,0.321203
1060.0,2027-03-19,182,call,0.065,0.152809,0.330682
1070.0,2027-03-19,182,call,0.06,0.155817,0.340071
1080.0,2027-03-19,182,call,0.05,0.157281,0.349374
1090.0,2027-03-19,182,call,0.045,0.159774,0.35859
1100.0,2027-03-19,182,call,0.045,0.163692,0.367723
1110.0,2027-03-19,182,call,0.04,0.165862,0.376773
1120.0,2027-03-19,182,call,0.035,0.167745,0.385741
1130.0,2027-03-19,182,call,0.055,0.178299,0.39463
1140.0,2027-03-19,182,call,0.03,0.172922,0.403441
1150.0,2027-03-19,182,call,0.03,0.176521,0.412175
1160.0,2027-03-19,182,call,0.025,0.177464,0.420833
1170.0,2027-03-19,182,call,0.025,0.180943,0.429416
1180.0,2027-03-19,182,call,0.025,0.184386,0.437927
1190.0,2027-03-19,182,call,0.025,0.187793,0.446366
1200.0,2027-03-19,182,call,0.02,0.187897,0.454734
1210.0,2027-03-19,182,call,0.02,0.191187,0.463033
1230.0,2027-03-19,182,call,0.02,0.19767,0.479427
1240.0,2027-03-19,182,call,0.015,0.196631,0.487524
1250.0,2027-03-19,182,call,0.015,0.199737,0.495556
1260.0,2027-03-19,182,call,0.025,0.210702,0.503524
1280.0,2027-03-19,182,call,0.015,0.208883,0.519273
1290.0,2027-03-19,182,call,0.015,0.211875,0.527055
1300.0,2027-03-19,182,call,0.015,0.214839,0.534777
1380.0,2027-03-19,182,call,0.015,0.237625,0.594496
250.0,2027-03-19,182,put,0.265,0.618835,-1.113882
255.0,2027-03-19,182,put,0.285,0.613356,-1.094079
260.0,2027-03-19,182,put,0.295,0.605467,-1.074661
265.0,2027-03-19,182,put,0.315,0.599796,-1.055613
270.0,2027-03-19,182,put,0.465,0.616995,-1.036921
275.0,2027-03-19,182,put,0.355,0.588081,-1.018572
280.0,2027-03-19,182,put,0.365,0.580279,-1.000553
285.0,2027-03-19,182,put,0.39,0.575164,-0.982853
290.0,2027-03-19,182,put,0.405,0.568266,-0.965462
295.0,2027-03-19,182,put,0.435,0.563727,-0.948367
300.0,2027-03-19,182,put,0.455,0.557528,-0.93156
305.0,2027-03-19,182,put,0.475,0.551306,-0.915031
310.0,2027-03-19,182,put,0.495,0.545068,-0.89877
315.0,2027-03-19,182,put,0.525,0.540097,-0.88277
320.0,2027-03-19,182,put,0.545,0.533793,-0.867022
325.0,2027-03-19,182,put,0.575,0.528656,-0.851517
330.0,2027-03-19,182,put,0.595,0.522319,-0.83625
335.0,2027-03-19,182,put,0.625,0.517062,-0.821212
340.0,2027-03-19,182,put,0.65,0.511226,-0.806397
345.0,2027-03-19,182,put,0.675,0.505372,-0.791798
350.0,2027-03-19,182,put,0.705,0.499974,-0.77741
355.0,2027-03-19,182,put,0.735,0.49453,-0.763225
360.0,2027-03-19,182,put,0.765,0.489047,-0.749239
365.0,2027-03-19,182,put,0.8,0.483945,-0.735445
370.0,2027-03-19,182,put,0.835,0.478782,-0.72184
375.0,2027-03-19,182,put,0.865,0.473191,-0.708417
380.0,2027-03-19,182,put,0.905,0.468311,-0.695171
385.0,2027-03-19,182,put,0.94,0.463016,-0.682099
390.0,2027-03-19,182,put,0.975,0.457688,-0.669196
395.0,2027-03-19,182,put,1.015,0.452655,-0.656457
400.0,2027-03-19,182,put,1.055,0.447574,-0.643878
405.0,2027-03-19,182,put,1.095,0.442453,-0.631456
410.0,2027-03-19,182,put,1.14,0.437581,-0.619186
415.0,2027-03-19,182,put,1.18,0.432382,-0.607064
420.0,2027-03-19,182,put,1.225,0.427421,-0.595088
425.0,2027-03-19,182,put,1.275,0.422673,-0.583254
430.0,2027-03-19,182,put,1.325,0.417869,-0.571557
435.0,2027-03-19,182,put,1.375,0.413015,-0.559997
440.0,2027-03-19,182,put,1.425,0.408116,-0.548568
445.0,2027-03-19,182,put,1.475,0.403176,-0.537268
450.0,2027-03-19,182,put,1.535,0.398623,-0.526095
455.0,2027-03-19,182,put,1.595,0.394007,-0.515045
460.0,2027-03-19,182,put,1.65,0.389139,-0.504116
465.0,2027-03-19,182,put,1.71,0.384422,-0.493305
470.0,2027-03-19,182,put,1.775,0.37984,-0.48261
475.0,2027-03-19,182,put,1.84,0.375202,-0.472028
480.0,2027-03-19,182,put,1.91,0.370681,-0.461557
485.0,2027-03-19,182,put,1.98,0.366102,-0.451194
490.0,2027-03-19,182,put,2.06,0.361783,-0.440937
495.0,2027-03-19,182,put,2.135,0.357241,-0.430785
500.0,2027-03-19,182,put,2.215,0.352789,-0.420735
505.0,2027-03-19,182,put,2.3,0.348416,-0.410784
510.0,2027-03-19,182,put,2.385,0.343977,-0.400932
515.0,2027-03-19,182,put,2.47,0.339476,-0.391176
520.0,2027-03-19,182,put,2.575,0.33542,-0.381514
525.0,2027-03-19,182,put,2.67,0.331034,-0.371944
530.0,2027-03-19,182,put,2.765,0.326583,-0.362466
535.0,2027-03-19,182,put,2.88,0.322521,-0.353076
540.0,2027-03-19,182,put,2.995,0.31837,-0.343774
545.0,2027-03-19,182,put,3.105,0.314032,-0.334557
550.0,2027-03-19,182,put,3.235,0.310027,-0.325424
555.0,2027-03-19,182,put,3.365,0.305927,-0.316375
560.0,2027-03-19,182,put,3.505,0.301926,-0.307406
565.0,2027-03-19,182,put,3.65,0.297919,-0.298517
570.0,2027-03-19,182,put,3.795,0.293816,-0.289706
575.0,2027-03-19,182,put,3.95,0.289788,-0.280973
580.0,2027-03-19,182,put,4.125,0.285985,-0.272315
585.0,2027-03-19,182,put,4.31,0.282221,-0.263731
590.0,2027-03-19,182,put,4.5,0.278412,-0.25522
595.0,2027-03-19,182,put,4.695,0.274557,-0.246781
600.0,2027-03-19,182,put,4.9,0.270723,-0.238413
605.0,2027-03-19,182,put,5.13,0.267101,-0.230114
610.0,2027-03-19,182,put,5.35,0.263214,-0.221884
615.0,2027-03-19,182,put,5.595,0.259514,-0.21372
620.0,2027-03-19,182,put,5.865,0.255973,-0.205623
625.0,2027-03-19,182,put,6.14,0.252338,-0.197591
630.0,2027-03-19,182,put,6.425,0.248665,-0.189623
635.0,2027-03-19,182,put,6.74,0.245161,-0.181718
640.0,2027-03-19,182,put,7.08,0.241748,-0.173874
645.0,2027-03-19,182,put,7.425,0.23821,-0.166092
650.0,2027-03-19,182,put,7.81,0.234881,-0.15837
655.0,2027-03-19,182,put,8.195,0.231363,-0.150707
660.0,2027-03-19,182,put,8.625,0.228061,-0.143103
665.0,2027-03-19,182,put,9.04,0.224431,-0.135556
670.0,2027-03-19,182,put,9.525,0.22119,-0.128065
675.0,2027-03-19,182,put,10.04,0.217971,-0.12063
680.0,2027-03-19,182,put,10.565,0.214605,-0.11325
685.0,2027-03-19,182,put,11.135,0.211351,-0.105924
690.0,2027-03-19,182,put,11.755,0.208217,-0.098651
695.0,2027-03-19,182,put,12.375,0.204836,-0.091431
700.0,2027-03-19,182,put,13.07,0.201712,-0.084262
705.0,2027-03-19,182,put,13.805,0.198579,-0.077145
710.0,2027-03-19,182,put,14.595,0.195516,-0.070078
715.0,2027-03-19,182,put,15.455,0.192589,-0.06306
720.0,2027-03-19,182,put,16.355,0.189592,-0.056091
725.0,2027-03-19,182,put,17.355,0.186853,-0.049171
730.0,2027-03-19,182,put,18.39,0.183973,-0.042298
735.0,2027-03-19,182,put,19.51,0.181214,-0.035472
740.0,2027-03-19,182,put,20.685,0.178388,-0.028692
745.0,2027-03-19,182,put,22.01,0.175967,-0.021958
750.0,2027-03-19,182,put,23.39,0.173428,-0.015269
755.0,2027-03-19,182,put,24.905,0.171152,-0.008625
760.0,2027-03-19,182,put,26.51,0.168889,-0.002024
765.0,2027-03-19,182,put,28.295,0.16705,0.004533
770.0,2027-03-19,182,put,30.19,0.165271,0.011048
775.0,2027-03-19,182,put,32.23,0.1637,0.01752
780.0,2027-03-19,182,put,34.48,0.162624,0.023951
785.0,2027-03-19,182,put,36.895,0.16182,0.030341
790.0,2027-03-19,182,put,39.5,0.161399,0.03669
795.0,2027-03-19,182,put,42.305,0.161415,0.042999
800.0,2027-03-19,182,put,46.125,0.165722,0.049269
805.0,2027-03-19,182,put,48.62,0.163315,0.0555
810.0,2027-03-19,182,put,52.235,0.165773,0.061692
815.0,2027-03-19,182,put,55.86,0.167877,0.067845
820.0,2027-03-19,182,put,59.71,0.170701,0.073962
825.0,2027-03-19,182,put,64.165,0.176212,0.080041
830.0,2027-03-19,182,put,68.805,0.182411,0.086083
835.0,2027-03-19,182,put,73.58,0.189093,0.092089
840.0,2027-03-19,182,put,78.85,0.198155,0.098059
845.0,2027-03-19,182,put,83.585,0.204308,0.103994
850.0,2027-03-19,182,put,88.55,0.211513,0.109894
865.0,2027-03-19,182,put,103.585,0.233156,0.127387
875.0,2027-03-19,182,put,113.47,0.24631,0.138881
900.0,2027-03-19,182,put,138.7,0.280519,0.167052
905.0,2027-03-19,182,put,143.465,0.285543,0.172592
535.0,2027-03-31,194,call,246.92,0.373818,-0.353076
545.0,2027-03-31,194,call,233.2,0.289235,-0.334557
570.0,2027-03-31,194,call,206.55,0.156423,-0.289706
575.0,2027-03-31,194,call,201.88,0.178745,-0.280973
580.0,2027-03-31,194,call,197.09,0.180248,-0.272315
582.0,2027-03-31,194,call,198.555,0.269729,-0.268872
585.0,2027-03-31,194,call,192.54,0.192838,-0.263731
590.0,2027-03-31,194,call,194.925,0.313756,-0.25522
593.0,2027-03-31,194,call,185.005,0.19474,-0.250148
595.0,2027-03-31,194,call,186.53,0.262828,-0.246781
597.0,2027-03-31,194,call,181.13,0.191348,-0.243426
599.0,2027-03-31,194,call,186.505,0.304605,-0.240081
600.0,2027-03-31,194,call,178.435,0.195338,-0.238413
601.0,2027-03-31,194,call,177.365,0.191424,-0.236748
604.0,2027-03-31,194,call,174.62,0.193421,-0.231768
607.0,2027-03-31,194,call,172.09,0.200091,-0.226814
608.0,2027-03-31,194,call,170.905,0.193924,-0.225168
609.0,2027-03-31,194,call,169.99,0.194309,-0.223524
610.0,2027-03-31,194,call,169.05,0.194054,-0.221884
611.0,2027-03-31,194,call,171.84,0.254033,-0.220246
612.0,2027-03-31,194,call,167.3,0.196442,-0.21861
615.0,2027-03-31,194,call,171.655,0.289123,-0.21372
616.0,2027-03-31,194,call,170.73,0.288163,-0.212096
619.0,2027-03-31,194,call,160.775,0.194844,-0.207237
620.0,2027-03-31,194,call,159.78,0.19332,-0.205623
621.0,2027-03-31,194,call,158.885,0.193749,-0.204012
622.0,2027-03-31,194,call,158.875,0.209243,-0.202403
625.0,2027-03-31,194,call,155.23,0.193731,-0.197591
628.0,2027-03-31,194,call,156.43,0.244848,-0.192803
629.0,2027-03-31,194,call,151.505,0.19217,-0.191211
630.0,2027-03-31,194,call,150.615,0.192435,-0.189623
631.0,2027-03-31,194,call,156.94,0.274198,-0.188037
632.0,2027-03-31,194,call,148.755,0.191585,-0.186453
633.0,2027-03-31,194,call,147.98,0.193573,-0.184872
634.0,2027-03-31,194,call,147.06,0.193243,-0.183294
635.0,2027-03-31,194,call,145.505,0.182755,-0.181718
638.0,2027-03-31,194,call,143.42,0.192365,-0.177004
639.0,2027-03-31,194,call,146.565,0.238767,-0.175438
640.0,2027-03-31,194,call,141.62,0.192107,-0.173874
641.0,2027-03-31,194,call,147.79,0.264847,-0.172313
642.0,2027-03-31,194,call,139.8,0.191501,-0.170754
643.0,2027-03-31,194,call,138.895,0.191243,-0.169198
644.0,2027-03-31,194,call,145.115,0.262558,-0.167644
645.0,2027-03-31,194,call,137.085,0.190681,-0.166092
647.0,2027-03-31,194,call,137.4,0.214277,-0.162996
648.0,2027-03-31,194,call,134.25,0.188211,-0.161452
650.0,2027-03-31,194,call,132.475,0.187975,-0.15837
651.0,2027-03-31,194,call,133.44,0.208429,-0.156833
653.0,2027-03-31,194,call,129.885,0.188329,-0.153766
654.0,2027-03-31,194,call,130.845,0.207834,-0.152235
655.0,2027-03-31,194,call,128.095,0.187712,-0.150707
656.0,2027-03-31,194,call,127.095,0.186188,-0.149182
658.0,2027-03-31,194,call,125.41,0.186679,-0.146138
660.0,2027-03-31,194,call,123.525,0.184893,-0.143103
663.0,2027-03-31,194,call,120.95,0.184846,-0.138568
665.0,2027-03-31,194,call,119.09,0.183244,-0.135556
668.0,2027-03-31,194,call,115.94,0.177146,-0.131054
669.0,2027-03-31,194,call,115.645,0.182681,-0.129559
670.0,2027-03-31,194,call,114.155,0.176309,-0.128065
671.0,2027-03-31,194,call,113.95,0.182548,-0.126574
672.0,2027-03-31,194,call,113.04,0.181865,-0.125084
673.0,2027-03-31,194,call,112.19,0.181732,-0.123597
674.0,2027-03-31,194,call,115.095,0.212897,-0.122113
675.0,2027-03-31,194,call,110.46,0.181137,-0.12063
676.0,2027-03-31,194,call,108.94,0.17482,-0.11915
677.0,2027-03-31,194,call,108.415,0.17766,-0.117671
678.0,2027-03-31,194,call,107.18,0.173994,-0.116195
679.0,2027-03-31,194,call,106.31,0.173652,-0.114722
680.0,2027-03-31,194,call,105.52,0.17401,-0.11325
685.0,2027-03-31,194,call,101.11,0.171469,-0.105924
690.0,2027-03-31,194,call,97.62,0.175932,-0.098651
695.0,2027-03-31,194,call,93.42,0.174104,-0.091431
700.0,2027-03-31,194,call,88.395,0.16601,-0.084262
705.0,2027-03-31,194,call,84.955,0.168971,-0.077145
710.0,2027-03-31,194,call,80.98,0.167629,-0.070078
715.0,2027-03-31,194,call,76.035,0.159771,-0.06306
720.0,2027-03-31,194,call,72.405,0.159966,-0.056091
725.0,2027-03-31,194,call,68.47,0.157825,-0.049171
730.0,2027-03-31,194,call,65.1,0.158473,-0.042298
735.0,2027-03-31,194,call,60.745,0.153202,-0.035472
740.0,2027-03-31,194,call,57.565,0.153903,-0.028692
745.0,2027-03-31,194,call,53.885,0.15147,-0.021958
750.0,2027-03-31,194,call,50.305,0.149125,-0.015269
755.0,2027-03-31,194,call,46.84,0.146909,-0.008625
760.0,2027-03-31,194,call,43.42,0.144455,-0.002024
765.0,2027-03-31,194,call,40.18,0.142384,0.004533
770.0,2027-03-31,194,call,36.935,0.139801,0.011048
775.0,2027-03-31,194,call,33.945,0.137884,0.01752
780.0,2027-03-31,194,call,31.035,0.135799,0.023951
785.0,2027-03-31,194,call,28.27,0.133822,0.030341
790.0,2027-03-31,194,call,25.65,0.131932,0.03669
795.0,2027-03-31,194,call,23.14,0.129953,0.042999
800.0,2027-03-31,194,call,20.825,0.128258,0.049269
805.0,2027-03-31,194,call,18.655,0.126614,0.0555
810.0,2027-03-31,194,call,16.675,0.125229,0.061692
815.0,2027-03-31,194,call,14.825,0.123828,0.067845
820.0,2027-03-31,194,call,13.15,0.122641,0.073962
825.0,2027-03-31,194,call,11.625,0.121568,0.080041
830.0,2027-03-31,194,call,10.25,0.120639,0.086083
835.0,2027-03-31,194,call,9.01,0.11981,0.092089
840.0,2027-03-31,194,call,7.905,0.119125,0.098059
845.0,2027-03-31,194,call,6.91,0.11848,0.103994
850.0,2027-03-31,194,call,6.035,0.11799,0.109894
855.0,2027-03-31,194,call,5.265,0.11762,0.115759
860.0,2027-03-31,194,call,4.565,0.117165,0.12159
865.0,2027-03-31,194,call,3.955,0.116827,0.127387
870.0,2027-03-31,194,call,3.43,0.116646,0.133151
875.0,2027-03-31,194,call,2.955,0.116363,0.138881
880.0,2027-03-31,194,call,2.565,0.116402,0.144579
885.0,2027-03-31,194,call,2.21,0.116306,0.150245
890.0,2027-03-31,194,call,1.895,0.116163,0.155879
895.0,2027-03-31,194,call,1.635,0.11625,0.161481
900.0,2027-03-31,194,call,1.415,0.116459,0.167052
905.0,2027-03-31,194,call,1.22,0.116623,0.172592
910.0,2027-03-31,194,call,1.05,0.116787,0.178102
915.0,2027-03-31,194,call,0.905,0.117018,0.183581
920.0,2027-03-31,194,call,0.79,0.117529,0.189031
925.0,2027-03-31,194,call,0.685,0.117919,0.194451
930.0,2027-03-31,194,call,0.605,0.118665,0.199842
935.0,2027-03-31,194,call,0.53,0.119254,0.205204
940.0,2027-03-31,194,call,0.47,0.120056,0.210537
945.0,2027-03-31,194,call,0.42,0.120978,0.215842
950.0,2027-03-31,194,call,0.375,0.121867,0.221119
955.0,2027-03-31,194,call,0.34,0.122993,0.226369
960.0,2027-03-31,194,call,0.31,0.124186,0.231591
965.0,2027-03-31,194,call,0.28,0.125199,0.236785
970.0,2027-03-31,194,call,0.26,0.126633,0.241953
975.0,2027-03-31,194,call,0.24,0.127941,0.247095
250.0,2027-03-31,194,put,0.295,0.607261,-1.113882
300.0,2027-03-31,194,put,0.495,0.546408,-0.93156
350.0,2027-03-31,194,put,0.77,0.490905,-0.77741
400.0,2027-03-31,194,put,1.145,0.439738,-0.643878
450.0,2027-03-31,194,put,1.66,0.392106,-0.526095
455.0,2027-03-31,194,put,1.715,0.38727,-0.515045
460.0,2027-03-31,194,put,1.78,0.382766,-0.504116
465.0,2027-03-31,194,put,1.85,0.378384,-0.493305
470.0,2027-03-31,194,put,1.91,0.373603,-0.48261
475.0,2027-03-31,194,put,1.99,0.369441,-0.472028
480.0,2027-03-31,194,put,2.06,0.364892,-0.461557
485.0,2027-03-31,194,put,2.13,0.360295,-0.451194
490.0,2027-03-31,194,put,2.215,0.356093,-0.440937
495.0,2027-03-31,194,put,2.295,0.351681,-0.430785
500.0,2027-03-31,194,put,2.385,0.347486,-0.420735
505.0,2027-03-31,194,put,2.47,0.343091,-0.410784
510.0,2027-03-31,194,put,2.57,0.339018,-0.400932
515.0,2027-03-31,194,put,2.66,0.334626,-0.391176
520.0,2027-03-31,194,put,2.77,0.330647,-0.381514
525.0,2027-03-31,194,put,2.875,0.326472,-0.371944
530.0,2027-03-31,194,put,2.985,0.322336,-0.362466
535.0,2027-03-31,194,put,3.095,0.318126,-0.353076
540.0,2027-03-31,194,put,3.225,0.314254,-0.343774
545.0,2027-03-31,194,put,3.34,0.309997,-0.334557
550.0,2027-03-31,194,put,3.475,0.306051,-0.325424
555.0,2027-03-31,194,put,3.615,0.302108,-0.316375
560.0,2027-03-31,194,put,3.775,0.298425,-0.307406
565.0,2027-03-31,194,put,3.92,0.294383,-0.298517
570.0,2027-03-31,194,put,4.09,0.290662,-0.289706
575.0,2027-03-31,194,put,4.265,0.286912,-0.280973
576.0,2027-03-31,194,put,4.33,0.286613,-0.279235
577.0,2027-03-31,194,put,4.33,0.285305,-0.2775
578.0,2027-03-31,194,put,4.37,0.284611,-0.275769
579.0,2027-03-31,194,put,10.56,0.358379,-0.27404
580.0,2027-03-31,194,put,4.435,0.282981,-0.272315
581.0,2027-03-31,194,put,4.51,0.282795,-0.270592
582.0,2027-03-31,194,put,5.73,0.298536,-0.268872
583.0,2027-03-31,194,put,4.555,0.280842,-0.267155
584.0,2027-03-31,194,put,4.59,0.280045,-0.265442
585.0,2027-03-31,194,put,4.625,0.279245,-0.263731
586.0,2027-03-31,194,put,5.93,0.295683,-0.262023
587.0,2027-03-31,194,put,4.72,0.277991,-0.260318
588.0,2027-03-31,194,put,4.75,0.277107,-0.258616
590.0,2027-03-31,194,put,4.83,0.275609,-0.25522
591.0,2027-03-31,194,put,9.6,0.330366,-0.253527
592.0,2027-03-31,194,put,4.925,0.2743,-0.251836
593.0,2027-03-31,194,put,4.96,0.273466,-0.250148
594.0,2027-03-31,194,put,5.005,0.272764,-0.248463
595.0,2027-03-31,194,put,5.06,0.272191,-0.246781
596.0,2027-03-31,194,put,5.09,0.271277,-0.245102
597.0,2027-03-31,194,put,10.11,0.326564,-0.243426
598.0,2027-03-31,194,put,5.19,0.269968,-0.241752
599.0,2027-03-31,194,put,5.265,0.269631,-0.240081
600.0,2027-03-31,194,put,5.27,0.268377,-0.238413
601.0,2027-03-31,194,put,5.325,0.267768,-0.236748
602.0,2027-03-31,194,put,10.555,0.323412,-0.235085
603.0,2027-03-31,194,put,6.865,0.283658,-0.233425
604.0,2027-03-31,194,put,5.455,0.26546,-0.231768
605.0,2027-03-31,194,put,5.51,0.264828,-0.230114
606.0,2027-03-31,194,put,5.595,0.26456,-0.228463
607.0,2027-03-31,194,put,7.115,0.280943,-0.226814
608.0,2027-03-31,194,put,5.655,0.262647,-0.225168
609.0,2027-03-31,194,put,5.715,0.262052,-0.223524
610.0,2027-03-31,194,put,5.755,0.261208,-0.221884
611.0,2027-03-31,194,put,5.805,0.260481,-0.220246
612.0,2027-03-31,194,put,5.855,0.259748,-0.21861
613.0,2027-03-31,194,put,5.925,0.259245,-0.216978
614.0,2027-03-31,194,put,5.975,0.2585,-0.215348
615.0,2027-03-31,194,put,6.01,0.257577,-0.21372
616.0,2027-03-31,194,put,6.08,0.257053,-0.212096
617.0,2027-03-31,194,put,14.55,0.335541,-0.210474
618.0,2027-03-31,194,put,6.19,0.255641,-0.208854
619.0,2027-03-31,194,put,6.26,0.255095,-0.207237
620.0,2027-03-31,194,put,6.3,0.254207,-0.205623
621.0,2027-03-31,194,put,6.35,0.253426,-0.204012
622.0,2027-03-31,194,put,6.42,0.25286,-0.202403
623.0,2027-03-31,194,put,8.195,0.269973,-0.200796
624.0,2027-03-31,194,put,6.535,0.251434,-0.199192
625.0,2027-03-31,194,put,6.6,0.250793,-0.197591
626.0,2027-03-31,194,put,6.7,0.250519,-0.195992
627.0,2027-03-31,194,put,6.765,0.249862,-0.194396
628.0,2027-03-31,194,put,6.785,0.248725,-0.192803
629.0,2027-03-31,194,put,8.645,0.265904,-0.191211
630.0,2027-03-31,194,put,6.905,0.247282,-0.189623
631.0,2027-03-31,194,put,6.97,0.246603,-0.188037
632.0,2027-03-31,194,put,7.04,0.245968,-0.186453
633.0,2027-03-31,194,put,7.145,0.245681,-0.184872
634.0,2027-03-31,194,put,7.17,0.244578,-0.183294
635.0,2027-03-31,194,put,7.25,0.244023,-0.181718
636.0,2027-03-31,194,put,7.32,0.243361,-0.180144
637.0,2027-03-31,194,put,14.335,0.302433,-0.178573
638.0,2027-03-31,194,put,7.445,0.24187,-0.177004
639.0,2027-03-31,194,put,7.51,0.24114,-0.175438
640.0,2027-03-31,194,put,7.595,0.240597,-0.173874
642.0,2027-03-31,194,put,7.745,0.239295,-0.170754
643.0,2027-03-31,194,put,7.845,0.238869,-0.169198
644.0,2027-03-31,194,put,7.89,0.237918,-0.167644
645.0,2027-03-31,194,put,7.955,0.23715,-0.166092
646.0,2027-03-31,194,put,15.52,0.297293,-0.164543
647.0,2027-03-31,194,put,8.105,0.235781,-0.162996
648.0,2027-03-31,194,put,10.275,0.253317,-0.161452
649.0,2027-03-31,194,put,8.265,0.234475,-0.15991
650.0,2027-03-31,194,put,8.35,0.233856,-0.15837
651.0,2027-03-31,194,put,8.415,0.233051,-0.156833
652.0,2027-03-31,194,put,10.66,0.250702,-0.155298
653.0,2027-03-31,194,put,8.6,0.231908,-0.153766
654.0,2027-03-31,194,put,8.67,0.231128,-0.152235
655.0,2027-03-31,194,put,8.765,0.230558,-0.150707
656.0,2027-03-31,194,put,8.845,0.229851,-0.149182
657.0,2027-03-31,194,put,8.945,0.229307,-0.147659
658.0,2027-03-31,194,put,9.03,0.228628,-0.146138
659.0,2027-03-31,194,put,9.115,0.227941,-0.144619
660.0,2027-03-31,194,put,9.195,0.227205,-0.143103
661.0,2027-03-31,194,put,9.29,0.226587,-0.141589
662.0,2027-03-31,194,put,11.69,0.244185,-0.140077
663.0,2027-03-31,194,put,9.485,0.225367,-0.138568
664.0,2027-03-31,194,put,11.91,0.242897,-0.137061
665.0,2027-03-31,194,put,9.675,0.224073,-0.135556
666.0,2027-03-31,194,put,9.76,0.223335,-0.134053
667.0,2027-03-31,194,put,12.25,0.240982,-0.132553
668.0,2027-03-31,194,put,9.985,0.222271,-0.131054
669.0,2027-03-31,194,put,10.065,0.22147,-0.129559
670.0,2027-03-31,194,put,10.165,0.220819,-0.128065
671.0,2027-03-31,194,put,10.265,0.220159,-0.126574
672.0,2027-03-31,194,put,12.84,0.237799,-0.125084
673.0,2027-03-31,194,put,10.485,0.218968,-0.123597
674.0,2027-03-31,194,put,10.6,0.218397,-0.122113
675.0,2027-03-31,194,put,10.705,0.217741,-0.12063
676.0,2027-03-31,194,put,10.79,0.216929,-0.11915
677.0,2027-03-31,194,put,10.905,0.216331,-0.117671
678.0,2027-03-31,194,put,11.04,0.215872,-0.116195
679.0,2027-03-31,194,put,13.715,0.233342,-0.114722
680.0,2027-03-31,194,put,11.245,0.214449,-0.11325
685.0,2027-03-31,194,put,11.84,0.211336,-0.105924
690.0,2027-03-31,194,put,12.475,0.20827,-0.098651
695.0,2027-03-31,194,put,13.16,0.205298,-0.091431
700.0,2027-03-31,194,put,13.87,0.202238,-0.084262
705.0,2027-03-31,194,put,14.62,0.199177,-0.077145
710.0,2027-03-31,194,put,15.43,0.196218,-0.070078
715.0,2027-03-31,194,put,16.29,0.193278,-0.06306
720.0,2027-03-31,194,put,17.24,0.190566,-0.056091
725.0,2027-03-31,194,put,18.245,0.187854,-0.049171
730.0,2027-03-31,194,put,19.295,0.185072,-0.042298
735.0,2027-03-31,194,put,20.44,0.182467,-0.035472
740.0,2027-03-31,194,put,21.66,0.179909,-0.028692
745.0,2027-03-31,194,put,22.97,0.177451,-0.021958
750.0,2027-03-31,194,put,24.38,0.175117,-0.015269
755.0,2027-03-31,194,put,25.86,0.17274,-0.008625
760.0,2027-03-31,194,put,27.52,0.170823,-0.002024
765.0,2027-03-31,194,put,29.26,0.168864,0.004533
770.0,2027-03-31,194,put,31.14,0.167127,0.011048
775.0,2027-03-31,194,put,33.2,0.165775,0.01752
780.0,2027-03-31,194,put,35.415,0.164674,0.023951
785.0,2027-03-31,194,put,37.775,0.163769,0.030341
790.0,2027-03-31,194,put,40.295,0.163124,0.03669
795.0,2027-03-31,194,put,43.075,0.163192,0.042999
800.0,2027-03-31,194,put,46.07,0.163781,0.049269
805.0,2027-03-31,194,put,49.24,0.164729,0.0555
810.0,2027-03-31,194,put,52.61,0.166176,0.061692
815.0,2027-03-31,194,put,56.315,0.168791,0.067845
820.0,2027-03-31,194,put,60.22,0.171998,0.073962
845.0,2027-03-31,194,put,83.665,0.203244,0.103994
850.0,2027-03-31,194,put,88.64,0.210403,0.109894
865.0,2027-03-31,194,put,103.485,0.230748,0.127387
900.0,2027-03-31,194,put,138.525,0.276937,0.167052
50.0,2027-06-17,272,call,713.75,1.282277,-2.72332
300.0,2027-06-17,272,call,476.11,0.626426,-0.93156
370.0,2027-06-17,272,call,409.155,0.514985,-0.72184
390.0,2027-06-17,272,call,390.1,0.488218,-0.669196
405.0,2027-06-17,272,call,375.81,0.468786,-0.631456
490.0,2027-06-17,272,call,290.48,0.269676,-0.440937
505.0,2027-06-17,272,call,276.485,0.270086,-0.410784
510.0,2027-06-17,272,call,271.915,0.271958,-0.400932
515.0,2027-06-17,272,call,271.845,0.349706,-0.391176
520.0,2027-06-17,272,call,260.72,0.18871,-0.381514
525.0,2027-06-17,272,call,256.01,0.195911,-0.371944
530.0,2027-06-17,272,call,251.365,0.20417,-0.362466
535.0,2027-06-17,272,call,246.665,0.206364,-0.353076
540.0,2027-06-17,272,call,241.905,0.204775,-0.343774
545.0,2027-06-17,272,call,237.29,0.208914,-0.334557
550.0,2027-06-17,272,call,232.62,0.209695,-0.325424
555.0,2027-06-17,272,call,227.99,0.211061,-0.316375
560.0,2027-06-17,272,call,223.4,0.212761,-0.307406
565.0,2027-06-17,272,call,218.76,0.212482,-0.298517
570.0,2027-06-17,272,call,214.19,0.213338,-0.289706
575.0,2027-06-17,272,call,209.6,0.213206,-0.280973
580.0,2027-06-17,272,call,204.99,0.212284,-0.272315
585.0,2027-06-17,272,call,200.46,0.212439,-0.263731
590.0,2027-06-17,272,call,195.875,0.211266,-0.25522
595.0,2027-06-17,272,call,191.335,0.210499,-0.246781
600.0,2027-06-17,272,call,186.835,0.209974,-0.238413
605.0,2027-06-17,272,call,182.325,0.208972,-0.230114
610.0,2027-06-17,272,call,177.795,0.207435,-0.221884
615.0,2027-06-17,272,call,173.705,0.210731,-0.21372
620.0,2027-06-17,272,call,169.26,0.209432,-0.205623
625.0,2027-06-17,272,call,164.825,0.207982,-0.197591
630.0,2027-06-17,272,call,160.42,0.206584,-0.189623
635.0,2027-06-17,272,call,156.035,0.205126,-0.181718
640.0,2027-06-17,272,call,151.68,0.203693,-0.173874
645.0,2027-06-17,272,call,147.26,0.201474,-0.166092
650.0,2027-06-17,272,call,142.985,0.200243,-0.15837
655.0,2027-06-17,272,call,138.655,0.198329,-0.150707
660.0,2027-06-17,272,call,133.875,0.192854,-0.143103
665.0,2027-06-17,272,call,129.575,0.190886,-0.135556
670.0,2027-06-17,272,call,125.27,0.188674,-0.128065
675.0,2027-06-17,272,call,121.11,0.187239,-0.12063
680.0,2027-06-17,272,call,116.86,0.184972,-0.11325
685.0,2027-06-17,272,call,112.615,0.18254,-0.105924
690.0,2027-06-17,272,call,108.545,0.180967,-0.098651
695.0,2027-06-17,272,call,104.555,0.179602,-0.091431
700.0,2027-06-17,272,call,100.44,0.177273,-0.084262
705.0,2027-06-17,272,call,96.5,0.175678,-0.077145
710.0,2027-06-17,272,call,92.535,0.173693,-0.070078
715.0,2027-06-17,272,call,88.575,0.171493,-0.06306
720.0,2027-06-17,272,call,84.75,0.169724,-0.056091
725.0,2027-06-17,272,call,80.9,0.167574,-0.049171
730.0,2027-06-17,272,call,77.145,0.165618,-0.042298
735.0,2027-06-17,272,call,73.42,0.163535,-0.035472
740.0,2027-06-17,272,call,69.76,0.161477,-0.028692
745.0,2027-06-17,272,call,66.985,0.162964,-0.021958
750.0,2027-06-17,272,call,63.135,0.15949,-0.015269
755.0,2027-06-17,272,call,59.925,0.158437,-0.008625
760.0,2027-06-17,272,call,56.53,0.156307,-0.002024
765.0,2027-06-17,272,call,53.28,0.154462,0.004533
770.0,2027-06-17,272,call,49.975,0.152089,0.011048
775.0,2027-06-17,272,call,46.865,0.150169,0.01752
780.0,2027-06-17,272,call,43.885,0.148425,0.023951
785.0,2027-06-17,272,call,40.975,0.146609,0.030341
790.0,2027-06-17,272,call,38.105,0.144598,0.03669
795.0,2027-06-17,272,call,35.325,0.142573,0.042999
800.0,2027-06-17,272,call,32.7,0.14077,0.049269
805.0,2027-06-17,272,call,30.265,0.139314,0.0555
810.0,2027-06-17,272,call,27.845,0.137527,0.061692
815.0,2027-06-17,272,call,25.58,0.13594,0.067845
820.0,2027-06-17,272,call,23.46,0.134513,0.073962
825.0,2027-06-17,272,call,21.43,0.133029,0.080041
830.0,2027-06-17,272,call,19.58,0.131851,0.086083
835.0,2027-06-17,272,call,17.825,0.130642,0.092089
840.0,2027-06-17,272,call,16.15,0.129339,0.098059
845.0,2027-06-17,272,call,14.695,0.128558,0.103994
850.0,2027-06-17,272,call,13.32,0.127716,0.109894
855.0,2027-06-17,272,call,12.035,0.126866,0.115759
860.0,2027-06-17,272,call,10.885,0.126241,0.12159
865.0,2027-06-17,272,call,9.815,0.125601,0.127387
870.0,2027-06-17,272,call,8.83,0.124988,0.133151
875.0,2027-06-17,272,call,7.945,0.124511,0.138881
880.0,2027-06-17,272,call,7.14,0.124092,0.144579
885.0,2027-06-17,272,call,6.415,0.123764,0.150245
890.0,2027-06-17,272,call,5.745,0.123399,0.155879
895.0,2027-06-17,272,call,5.14,0.123086,0.161481
900.0,2027-06-17,272,call,4.59,0.122786,0.167052
905.0,2027-06-17,272,call,4.09,0.122491,0.172592
910.0,2027-06-17,272,call,3.655,0.122359,0.178102
915.0,2027-06-17,272,call,3.245,0.122084,0.183581
920.0,2027-06-17,272,call,2.89,0.121965,0.189031
925.0,2027-06-17,272,call,2.57,0.121854,0.194451
930.0,2027-06-17,272,call,2.285,0.121784,0.199842
935.0,2027-06-17,272,call,2.035,0.1218,0.205204
940.0,2027-06-17,272,call,1.805,0.121748,0.210537
945.0,2027-06-17,272,call,1.61,0.121866,0.215842
950.0,2027-06-17,272,call,1.435,0.121991,0.221119
955.0,2027-06-17,272,call,1.275,0.122068,0.226369
960.0,2027-06-17,272,call,1.135,0.122209,0.231591
965.0,2027-06-17,272,call,1.02,0.122566,0.236785
970.0,2027-06-17,272,call,0.91,0.12278,0.241953
975.0,2027-06-17,272,call,0.82,0.123203,0.247095
980.0,2027-06-17,272,call,0.73,0.123393,0.25221
985.0,2027-06-17,272,call,0.66,0.123884,0.257299
990.0,2027-06-17,272,call,0.6,0.124472,0.262362
995.0,2027-06-17,272,call,0.54,0.124871,0.2674
1000.0,2027-06-17,272,call,0.495,0.125593,0.272413
1005.0,2027-06-17,272,call,0.455,0.12635,0.2774
1010.0,2027-06-17,272,call,0.42,0.127165,0.282363
1015.0,2027-06-17,272,call,0.385,0.127846,0.287301
1020.0,2027-06-17,272,call,0.355,0.128613,0.292215
1025.0,2027-06-17,272,call,0.33,0.1295,0.297105
1030.0,2027-06-17,272,call,0.31,0.130541,0.301971
1035.0,2027-06-17,272,call,0.285,0.131213,0.306814
1040.0,2027-06-17,272,call,0.27,0.132354,0.311633
1050.0,2027-06-17,272,call,0.235,0.13409,0.321203
1060.0,2027-06-17,272,call,0.21,0.136174,0.330682
1070.0,2027-06-17,272,call,0.185,0.137968,0.340071
1080.0,2027-06-17,272,call,0.165,0.139888,0.349374
1090.0,2027-06-17,272,call,0.15,0.142034,0.35859
1100.0,2027-06-17,272,call,0.13,0.143402,0.367723
1110.0,2027-06-17,272,call,0.12,0.145653,0.376773
1120.0,2027-06-17,272,call,0.105,0.147057,0.385741
1130.0,2027-06-17,272,call,0.095,0.148901,0.39463
1140.0,2027-06-17,272,call,0.09,0.151356,0.403441
1150.0,2027-06-17,272,call,0.08,0.152837,0.412175
1160.0,2027-06-17,272,call,0.07,0.154051,0.420833
1170.0,2027-06-17,272,call,0.085,0.159974,0.429416
1180.0,2027-06-17,272,call,0.06,0.157944,0.437927
1190.0,2027-06-17,272,call,0.08,0.165165,0.446366
1200.0,2027-06-17,272,call,0.05,0.161259,0.454734
1210.0,2027-06-17,272,call,0.07,0.169065,0.463033
1220.0,2027-06-17,272,call,0.06,0.169633,0.471263
1230.0,2027-06-17,272,call,0.04,0.166619,0.479427
1240.0,2027-06-17,272,call,0.05,0.172563,0.487524
1250.0,2027-06-17,272,call,0.035,0.170206,0.495556
1260.0,2027-06-17,272,call,0.03,0.170751,0.503524
1270.0,2027-06-17,272,call,0.03,0.173362,0.51143
1280.0,2027-06-17,272,call,0.03,0.175948,0.519273
1290.0,2027-06-17,272,call,0.03,0.17851,0.527055
1300.0,2027-06-17,272,call,0.03,0.181048,0.534777
1310.0,2027-06-17,272,call,0.03,0.183563,0.54244
1320.0,2027-06-17,272,call,0.025,0.183457,0.550044
1330.0,2027-06-17,272,call,0.025,0.185897,0.557592
1340.0,2027-06-17,272,call,0.02,0.185196,0.565082
1360.0,2027-06-17,272,call,0.02,0.189905,0.579897
1370.0,2027-06-17,272,call,0.02,0.192229,0.587223
1400.0,2027-06-17,272,call,0.02,0.199082,0.608885
1410.0,2027-06-17,272,call,0.025,0.204671,0.616002
1420.0,2027-06-17,272,call,0.02,0.203555,0.623069
1430.0,2027-06-17,272,call,0.02,0.205764,0.630087
1440.0,2027-06-17,272,call,0.015,0.203739,0.637056
1450.0,2027-06-17,272,call,0.015,0.205876,0.643976
1460.0,2027-06-17,272,call,0.03,0.218749,0.650849
1470.0,2027-06-17,272,call,0.015,0.210099,0.657675
1480.0,2027-06-17,272,call,0.015,0.212185,0.664455
55.0,2027-06-17,272,put,0.015,0.918723,-2.628009
60.0,2027-06-17,272,put,0.015,0.887782,-2.540998
65.0,2027-06-17,272,put,0.015,0.859449,-2.460955
70.0,2027-06-17,272,put,0.02,0.851056,-2.386847
75.0,2027-06-17,272,put,0.025,0.840308,-2.317855
80.0,2027-06-17,272,put,0.03,0.828396,-2.253316
85.0,2027-06-17,272,put,0.035,0.815929,-2.192691
90.0,2027-06-17,272,put,0.04,0.803243,-2.135533
95.0,2027-06-17,272,put,0.09,0.839265,-2.081466
100.0,2027-06-17,272,put,0.05,0.777922,-2.030172
105.0,2027-06-17,272,put,0.055,0.765478,-1.981382
110.0,2027-06-17,272,put,0.065,0.758435,-1.934862
115.0,2027-06-17,272,put,0.075,0.750543,-1.890411
120.0,2027-06-17,272,put,0.08,0.738109,-1.847851
125.0,2027-06-17,272,put,0.09,0.729753,-1.807029
130.0,2027-06-17,272,put,0.1,0.721115,-1.767808
135.0,2027-06-17,272,put,0.11,0.71231,-1.730068
140.0,2027-06-17,272,put,0.12,0.703414,-1.6937
145.0,2027-06-17,272,put,0.13,0.694484,-1.658609
150.0,2027-06-17,272,put,0.14,0.685562,-1.624707
155.0,2027-06-17,272,put,0.155,0.678845,-1.591918
160.0,2027-06-17,272,put,0.165,0.669878,-1.560169
165.0,2027-06-17,272,put,0.18,0.662864,-1.529397
170.0,2027-06-17,272,put,0.195,0.6557,-1.499544
175.0,2027-06-17,272,put,0.44,0.703014,-1.470557
180.0,2027-06-17,272,put,0.225,0.641105,-1.442386
185.0,2027-06-17,272,put,0.24,0.633742,-1.414987
190.0,2027-06-17,272,put,0.255,0.626366,-1.388319
195.0,2027-06-17,272,put,0.275,0.620216,-1.362343
200.0,2027-06-17,272,put,0.295,0.613938,-1.337025
205.0,2027-06-17,272,put,0.315,0.607566,-1.312333
210.0,2027-06-17,272,put,0.335,0.601127,-1.288235
215.0,2027-06-17,272,put,0.355,0.594642,-1.264705
220.0,2027-06-17,272,put,0.385,0.589895,-1.241715
225.0,2027-06-17,272,put,0.405,0.583278,-1.219242
230.0,2027-06-17,272,put,0.43,0.577452,-1.197263
235.0,2027-06-17,272,put,0.455,0.571559,-1.175757
240.0,2027-06-17,272,put,0.48,0.565618,-1.154704
245.0,2027-06-17,272,put,0.635,0.57561,-1.134084
250.0,2027-06-17,272,put,0.535,0.554276,-1.113882
255.0,2027-06-17,272,put,0.565,0.548835,-1.094079
260.0,2027-06-17,272,put,0.59,0.542765,-1.074661
265.0,2027-06-17,272,put,0.62,0.537245,-1.055613
270.0,2027-06-17,272,put,0.655,0.532206,-1.036921
275.0,2027-06-17,272,put,0.685,0.5266,-1.018572
280.0,2027-06-17,272,put,0.875,0.535025,-1.000553
285.0,2027-06-17,272,put,0.75,0.515793,-0.982853
290.0,2027-06-17,272,put,0.785,0.510567,-0.965462
295.0,2027-06-17,272,put,0.82,0.505307,-0.948367
300.0,2027-06-17,272,put,0.855,0.500021,-0.93156
305.0,2027-06-17,272,put,0.89,0.494716,-0.915031
310.0,2027-06-17,272,put,0.935,0.49012,-0.89877
315.0,2027-06-17,272,put,0.97,0.484765,-0.88277
320.0,2027-06-17,272,put,1.015,0.480071,-0.867022
325.0,2027-06-17,272,put,1.05,0.474691,-0.851517
330.0,2027-06-17,272,put,1.095,0.46993,-0.83625
335.0,2027-06-17,272,put,1.14,0.465131,-0.821212
340.0,2027-06-17,272,put,1.185,0.4603,-0.806397
345.0,2027-06-17,272,put,1.235,0.455715,-0.791798
350.0,2027-06-17,272,put,1.28,0.450828,-0.77741
355.0,2027-06-17,272,put,1.33,0.446177,-0.763225
360.0,2027-06-17,272,put,1.38,0.441494,-0.749239
365.0,2027-06-17,272,put,1.435,0.437019,-0.735445
370.0,2027-06-17,272,put,1.49,0.432506,-0.72184
375.0,2027-06-17,272,put,1.55,0.428175,-0.708417
380.0,2027-06-17,272,put,1.6,0.423384,-0.695171
385.0,2027-06-17,272,put,1.66,0.418986,-0.682099
390.0,2027-06-17,272,put,1.73,0.414939,-0.669196
395.0,2027-06-17,272,put,1.79,0.410462,-0.656457
400.0,2027-06-17,272,put,1.85,0.405959,-0.643878
405.0,2027-06-17,272,put,1.925,0.401955,-0.631456
410.0,2027-06-17,272,put,1.99,0.397561,-0.619186
415.0,2027-06-17,272,put,2.065,0.393465,-0.607064
420.0,2027-06-17,272,put,2.14,0.389323,-0.595088
425.0,2027-06-17,272,put,2.21,0.38499,-0.583254
430.0,2027-06-17,272,put,2.3,0.381213,-0.571557
435.0,2027-06-17,272,put,2.38,0.377093,-0.559997
440.0,2027-06-17,272,put,2.46,0.372934,-0.548568
445.0,2027-06-17,272,put,2.55,0.369004,-0.537268
450.0,2027-06-17,272,put,2.63,0.364771,-0.526095
455.0,2027-06-17,272,put,2.73,0.361002,-0.515045
460.0,2027-06-17,272,put,2.83,0.357175,-0.504116
465.0,2027-06-17,272,put,2.93,0.353296,-0.493305
470.0,2027-06-17,272,put,3.025,0.349259,-0.48261
475.0,2027-06-17,272,put,3.13,0.345399,-0.472028
480.0,2027-06-17,272,put,3.245,0.341697,-0.461557
485.0,2027-06-17,272,put,3.365,0.338039,-0.451194
490.0,2027-06-17,272,put,3.48,0.334224,-0.440937
495.0,2027-06-17,272,put,3.6,0.330454,-0.430785
500.0,2027-06-17,272,put,3.725,0.326723,-0.420735
505.0,2027-06-17,272,put,3.875,0.323376,-0.410784
510.0,2027-06-17,272,put,4.015,0.319782,-0.400932
515.0,2027-06-17,272,put,4.16,0.316207,-0.391176
520.0,2027-06-17,272,put,4.31,0.312649,-0.381514
525.0,2027-06-17,272,put,4.47,0.30918,-0.371944
530.0,2027-06-17,272,put,4.635,0.305715,-0.362466
535.0,2027-06-17,272,put,4.815,0.302395,-0.353076
540.0,2027-06-17,272,put,4.98,0.298788,-0.343774
545.0,2027-06-17,272,put,5.185,0.295656,-0.334557
550.0,2027-06-17,272,put,5.39,0.292431,-0.325424
555.0,2027-06-17,272,put,5.59,0.289058,-0.316375
560.0,2027-06-17,272,put,5.795,0.285669,-0.307406
565.0,2027-06-17,272,put,6.03,0.282555,-0.298517
570.0,2027-06-17,272,put,6.265,0.279346,-0.289706
575.0,2027-06-17,272,put,6.53,0.276377,-0.280973
580.0,2027-06-17,272,put,6.78,0.273143,-0.272315
585.0,2027-06-17,272,put,7.065,0.27018,-0.263731
590.0,2027-06-17,272,put,7.345,0.26706,-0.25522
595.0,2027-06-17,272,put,7.63,0.263889,-0.246781
600.0,2027-06-17,272,put,7.94,0.260855,-0.238413
605.0,2027-06-17,272,put,8.285,0.258031,-0.230114
610.0,2027-06-17,272,put,8.635,0.25513,-0.221884
615.0,2027-06-17,272,put,9.0,0.252238,-0.21372
620.0,2027-06-17,272,put,9.39,0.249432,-0.205623
625.0,2027-06-17,272,put,9.785,0.24654,-0.197591
630.0,2027-06-17,272,put,10.19,0.243602,-0.189623
635.0,2027-06-17,272,put,10.665,0.241065,-0.181718
640.0,2027-06-17,272,put,11.135,0.238343,-0.173874
645.0,2027-06-17,272,put,11.63,0.235658,-0.166092
650.0,2027-06-17,272,put,12.125,0.23283,-0.15837
655.0,2027-06-17,272,put,12.675,0.230228,-0.150707
660.0,2027-06-17,272,put,13.255,0.227665,-0.143103
665.0,2027-06-17,272,put,13.855,0.22507,-0.135556
670.0,2027-06-17,272,put,14.495,0.222558,-0.128065
675.0,2027-06-17,272,put,15.14,0.21991,-0.12063
680.0,2027-06-17,272,put,15.86,0.217528,-0.11325
685.0,2027-06-17,272,put,16.575,0.214941,-0.105924
690.0,2027-06-17,272,put,17.34,0.212453,-0.098651
695.0,2027-06-17,272,put,18.175,0.210154,-0.091431
700.0,2027-06-17,272,put,19.03,0.207765,-0.084262
705.0,2027-06-17,272,put,19.925,0.205385,-0.077145
710.0,2027-06-17,272,put,20.875,0.203077,-0.070078
715.0,2027-06-17,272,put,21.865,0.200757,-0.06306
720.0,2027-06-17,272,put,22.935,0.198602,-0.056091
725.0,2027-06-17,272,put,24.04,0.196389,-0.049171
730.0,2027-06-17,272,put,25.21,0.194246,-0.042298
735.0,2027-06-17,272,put,26.45,0.192182,-0.035472
740.0,2027-06-17,272,put,27.74,0.190098,-0.028692
745.0,2027-06-17,272,put,29.14,0.188238,-0.021958
750.0,2027-06-17,272,put,30.605,0.186397,-0.015269
755.0,2027-06-17,272,put,32.085,0.184361,-0.008625
760.0,2027-06-17,272,put,33.71,0.182654,-0.002024
765.0,2027-06-17,272,put,35.45,0.181135,0.004533
770.0,2027-06-17,272,put,37.26,0.179613,0.011048
775.0,2027-06-17,272,put,39.22,0.178395,0.01752
780.0,2027-06-17,272,put,41.285,0.177292,0.023951
785.0,2027-06-17,272,put,43.46,0.176317,0.030341
790.0,2027-06-17,272,put,45.805,0.175696,0.03669
795.0,2027-06-17,272,put,48.28,0.175269,0.042999
800.0,2027-06-17,272,put,50.905,0.175113,0.049269
805.0,2027-06-17,272,put,53.125,0.173112,0.0555
810.0,2027-06-17,272,put,56.86,0.176601,0.061692
815.0,2027-06-17,272,put,59.91,0.177191,0.067845
820.0,2027-06-17,272,put,63.395,0.17918,0.073962
825.0,2027-06-17,272,put,66.31,0.178697,0.080041
830.0,2027-06-17,272,put,70.71,0.183749,0.086083
835.0,2027-06-17,272,put,74.795,0.187368,0.092089
840.0,2027-06-17,272,put,79.02,0.191346,0.098059
845.0,2027-06-17,272,put,83.69,0.196926,0.103994
850.0,2027-06-17,272,put,88.61,0.203368,0.109894
855.0,2027-06-17,272,put,93.77,0.210658,0.115759
860.0,2027-06-17,272,put,98.775,0.217215,0.12159
865.0,2027-06-17,272,put,103.81,0.223792,0.127387
870.0,2027-06-17,272,put,108.81,0.23013,0.133151
880.0,2027-06-17,272,put,118.65,0.241872,0.144579
550.0,2027-06-30,285,call,233.22,0.19262,-0.325424
570.0,2027-06-30,285,call,214.82,0.20149,-0.289706
575.0,2027-06-30,285,call,210.25,0.202337,-0.280973
580.0,2027-06-30,285,call,205.745,0.203876,-0.272315
585.0,2027-06-30,285,call,203.59,0.238572,-0.263731
595.0,2027-06-30,285,call,192.075,0.202479,-0.246781
600.0,2027-06-30,285,call,187.575,0.202157,-0.238413
610.0,2027-06-30,285,call,178.69,0.201904,-0.221884
615.0,2027-06-30,285,call,174.205,0.200718,-0.21372
620.0,2027-06-30,285,call,169.715,0.19922,-0.205623
625.0,2027-06-30,285,call,165.295,0.198233,-0.197591
630.0,2027-06-30,285,call,160.905,0.197267,-0.189623
635.0,2027-06-30,285,call,156.485,0.195739,-0.181718
640.0,2027-06-30,285,call,152.235,0.195507,-0.173874
650.0,2027-06-30,285,call,143.45,0.191724,-0.15837
655.0,2027-06-30,285,call,139.22,0.190805,-0.150707
660.0,2027-06-30,285,call,134.955,0.189345,-0.143103
664.0,2027-06-30,285,call,131.59,0.188342,-0.137061
665.0,2027-06-30,285,call,130.71,0.187791,-0.135556
666.0,2027-06-30,285,call,129.89,0.187655,-0.134053
668.0,2027-06-30,285,call,132.035,0.211909,-0.131054
669.0,2027-06-30,285,call,127.35,0.186628,-0.129559
670.0,2027-06-30,285,call,126.49,0.186176,-0.128065
671.0,2027-06-30,285,call,125.645,0.185819,-0.126574
672.0,2027-06-30,285,call,124.8,0.185453,-0.125084
675.0,2027-06-30,285,call,122.24,0.184138,-0.12063
680.0,2027-06-30,285,call,118.125,0.182752,-0.11325
685.0,2027-06-30,285,call,114.02,0.181178,-0.105924
687.0,2027-06-30,285,call,112.375,0.180463,-0.103008
688.0,2027-06-30,285,call,111.56,0.180136,-0.101554
689.0,2027-06-30,285,call,110.775,0.179976,-0.100101
690.0,2027-06-30,285,call,109.92,0.179395,-0.098651
695.0,2027-06-30,285,call,105.89,0.177781,-0.091431
696.0,2027-06-30,285,call,105.09,0.177463,-0.089993
697.0,2027-06-30,285,call,104.29,0.177134,-0.088557
698.0,2027-06-30,285,call,103.5,0.176851,-0.087124
699.0,2027-06-30,285,call,102.685,0.176421,-0.085692
700.0,2027-06-30,285,call,101.905,0.176172,-0.084262
701.0,2027-06-30,285,call,100.935,0.174885,-0.082835
705.0,2027-06-30,285,call,97.955,0.174504,-0.077145
707.0,2027-06-30,285,call,96.37,0.173742,-0.074312
710.0,2027-06-30,285,call,94.05,0.172822,-0.070078
712.0,2027-06-30,285,call,92.455,0.171914,-0.067265
713.0,2027-06-30,285,call,91.715,0.171734,-0.065861
715.0,2027-06-30,285,call,90.17,0.171018,-0.06306
716.0,2027-06-30,285,call,89.38,0.170559,-0.061663
717.0,2027-06-30,285,call,88.6,0.17014,-0.060267
719.0,2027-06-30,285,call,87.075,0.169443,-0.057481
720.0,2027-06-30,285,call,86.3,0.16902,-0.056091
722.0,2027-06-30,285,call,84.785,0.168311,-0.053318
723.0,2027-06-30,285,call,84.075,0.168165,-0.051933
724.0,2027-06-30,285,call,83.335,0.167866,-0.050551
725.0,2027-06-30,285,call,82.58,0.167485,-0.049171
726.0,2027-06-30,285,call,81.785,0.16691,-0.047793
728.0,2027-06-30,285,call,80.27,0.166079,-0.045042
730.0,2027-06-30,285,call,78.31,0.163183,-0.042298
732.0,2027-06-30,285,call,76.845,0.162521,-0.039562
733.0,2027-06-30,285,call,76.12,0.162207,-0.038197
734.0,2027-06-30,285,call,75.38,0.161815,-0.036834
735.0,2027-06-30,285,call,74.655,0.161479,-0.035472
736.0,2027-06-30,285,call,73.91,0.161043,-0.034113
737.0,2027-06-30,285,call,73.195,0.16073,-0.032755
738.0,2027-06-30,285,call,72.47,0.160362,-0.031399
739.0,2027-06-30,285,call,71.725,0.159895,-0.030045
740.0,2027-06-30,285,call,71.05,0.159722,-0.028692
741.0,2027-06-30,285,call,76.525,0.18566,-0.027342
742.0,2027-06-30,285,call,70.115,0.161117,-0.025993
743.0,2027-06-30,285,call,75.05,0.184512,-0.024647
744.0,2027-06-30,285,call,73.645,0.181152,-0.023302
745.0,2027-06-30,285,call,67.465,0.157779,-0.021958
746.0,2027-06-30,285,call,66.805,0.157598,-0.020617
747.0,2027-06-30,285,call,66.605,0.159333,-0.019277
748.0,2027-06-30,285,call,65.86,0.158764,-0.01794
749.0,2027-06-30,285,call,65.195,0.158518,-0.016604
750.0,2027-06-30,285,call,63.965,0.155919,-0.015269
751.0,2027-06-30,285,call,63.285,0.155595,-0.013937
752.0,2027-06-30,285,call,62.615,0.155302,-0.012606
753.0,2027-06-30,285,call,61.895,0.154791,-0.011277
754.0,2027-06-30,285,call,61.735,0.156553,-0.00995
755.0,2027-06-30,285,call,60.55,0.154124,-0.008625
756.0,2027-06-30,285,call,60.395,0.155868,-0.007301
757.0,2027-06-30,285,call,59.715,0.155467,-0.005979
758.0,2027-06-30,285,call,59.055,0.155135,-0.004659
759.0,2027-06-30,285,call,57.715,0.152068,-0.003341
760.0,2027-06-30,285,call,57.685,0.154236,-0.002024
761.0,2027-06-30,285,call,57.05,0.153969,-0.000709
762.0,2027-06-30,285,call,55.73,0.150973,0.000604
763.0,2027-06-30,285,call,55.68,0.153002,0.001915
764.0,2027-06-30,285,call,54.415,0.150216,0.003225
765.0,2027-06-30,285,call,53.775,0.149888,0.004533
766.0,2027-06-30,285,call,53.76,0.151995,0.005839
767.0,2027-06-30,285,call,52.47,0.149097,0.007144
768.0,2027-06-30,285,call,52.47,0.151224,0.008447
769.0,2027-06-30,285,call,51.835,0.150859,0.009748
770.0,2027-06-30,285,call,51.185,0.150423,0.011048
775.0,2027-06-30,285,call,48.075,0.148601,0.01752
780.0,2027-06-30,285,call,45.055,0.146805,0.023951
785.0,2027-06-30,285,call,42.065,0.144797,0.030341
790.0,2027-06-30,285,call,39.26,0.14315,0.03669
795.0,2027-06-30,285,call,36.535,0.141458,0.042999
800.0,2027-06-30,285,call,33.89,0.13971,0.049269
805.0,2027-06-30,285,call,31.385,0.138123,0.0555
810.0,2027-06-30,285,call,28.98,0.13654,0.061692
815.0,2027-06-30,285,call,26.69,0.13501,0.067845
820.0,2027-06-30,285,call,24.52,0.133549,0.073962
825.0,2027-06-30,285,call,22.49,0.132234,0.080041
830.0,2027-06-30,285,call,20.575,0.130968,0.086083
835.0,2027-06-30,285,call,18.77,0.129737,0.092089
840.0,2027-06-30,285,call,17.125,0.12875,0.098059
845.0,2027-06-30,285,call,15.585,0.127797,0.103994
850.0,2027-06-30,285,call,14.155,0.126909,0.109894
855.0,2027-06-30,285,call,12.855,0.126194,0.115759
860.0,2027-06-30,285,call,11.63,0.125422,0.12159
865.0,2027-06-30,285,call,10.54,0.124894,0.127387
870.0,2027-06-30,285,call,9.515,0.124297,0.133151
875.0,2027-06-30,285,call,8.59,0.123827,0.138881
880.0,2027-06-30,285,call,7.745,0.123409,0.144579
885.0,2027-06-30,285,call,6.97,0.123012,0.150245
890.0,2027-06-30,285,call,6.265,0.12266,0.155879
895.0,2027-06-30,285,call,5.625,0.122352,0.161481
900.0,2027-06-30,285,call,5.045,0.122083,0.167052
905.0,2027-06-30,285,call,4.53,0.121925,0.172592
910.0,2027-06-30,285,call,4.05,0.121686,0.178102
915.0,2027-06-30,285,call,3.625,0.121545,0.183581
920.0,2027-06-30,285,call,3.235,0.121369,0.189031
925.0,2027-06-30,285,call,2.88,0.121177,0.194451
930.0,2027-06-30,285,call,2.57,0.121103,0.199842
935.0,2027-06-30,285,call,2.305,0.121203,0.205204
940.0,2027-06-30,285,call,2.05,0.121117,0.210537
945.0,2027-06-30,285,call,1.835,0.121226,0.215842
950.0,2027-06-30,285,call,1.635,0.121251,0.221119
955.0,2027-06-30,285,call,1.465,0.121432,0.226369
960.0,2027-06-30,285,call,1.295,0.12133,0.231591
965.0,2027-06-30,285,call,1.165,0.121636,0.236785
970.0,2027-06-30,285,call,1.045,0.121889,0.241953
975.0,2027-06-30,285,call,0.935,0.122101,0.247095
980.0,2027-06-30,285,call,0.835,0.122287,0.25221
985.0,2027-06-30,285,call,0.76,0.122848,0.257299
990.0,2027-06-30,285,call,0.685,0.123218,0.262362
995.0,2027-06-30,285,call,0.62,0.123667,0.2674
520.0,2027-06-30,285,put,4.56,0.310329,-0.381514
525.0,2027-06-30,285,put,4.72,0.306825,-0.371944
530.0,2027-06-30,285,put,4.9,0.303542,-0.362466
535.0,2027-06-30,285,put,5.09,0.30032,-0.353076
540.0,2027-06-30,285,put,5.28,0.297018,-0.343774
545.0,2027-06-30,285,put,5.455,0.293451,-0.334557
550.0,2027-06-30,285,put,5.69,0.290568,-0.325424
555.0,2027-06-30,285,put,5.905,0.287344,-0.316375
560.0,2027-06-30,285,put,6.12,0.28404,-0.307406
565.0,2027-06-30,285,put,6.365,0.280996,-0.298517
570.0,2027-06-30,285,put,6.62,0.277969,-0.289706
575.0,2027-06-30,285,put,6.885,0.274952,-0.280973
580.0,2027-06-30,285,put,7.15,0.27184,-0.272315
585.0,2027-06-30,285,put,7.445,0.268933,-0.263731
590.0,2027-06-30,285,put,7.73,0.265826,-0.25522
595.0,2027-06-30,285,put,8.035,0.262812,-0.246781
600.0,2027-06-30,285,put,8.385,0.260101,-0.238413
605.0,2027-06-30,285,put,8.715,0.257098,-0.230114
610.0,2027-06-30,285,put,9.08,0.254287,-0.221884
615.0,2027-06-30,285,put,9.48,0.251644,-0.21372
620.0,2027-06-30,285,put,9.865,0.248757,-0.205623
625.0,2027-06-30,285,put,10.29,0.246062,-0.197591
630.0,2027-06-30,285,put,10.725,0.243314,-0.189623
635.0,2027-06-30,285,put,11.19,0.240657,-0.181718
640.0,2027-06-30,285,put,11.67,0.237971,-0.173874
645.0,2027-06-30,285,put,12.175,0.235323,-0.166092
650.0,2027-06-30,285,put,12.715,0.232767,-0.15837
655.0,2027-06-30,285,put,13.255,0.230068,-0.150707
660.0,2027-06-30,285,put,13.85,0.227571,-0.143103
661.0,2027-06-30,285,put,13.985,0.227152,-0.141589
664.0,2027-06-30,285,put,14.275,0.225156,-0.137061
665.0,2027-06-30,285,put,14.49,0.225193,-0.135556
666.0,2027-06-30,285,put,14.525,0.224142,-0.134053
667.0,2027-06-30,285,put,14.75,0.22422,-0.132553
668.0,2027-06-30,285,put,14.88,0.223724,-0.131054
670.0,2027-06-30,285,put,15.14,0.222712,-0.128065
671.0,2027-06-30,285,put,18.2,0.23879,-0.126574
672.0,2027-06-30,285,put,15.395,0.221647,-0.125084
673.0,2027-06-30,285,put,15.43,0.220574,-0.123597
674.0,2027-06-30,285,put,18.655,0.237312,-0.122113
675.0,2027-06-30,285,put,15.825,0.220273,-0.12063
676.0,2027-06-30,285,put,15.965,0.219783,-0.11915
677.0,2027-06-30,285,put,16.085,0.219174,-0.117671
678.0,2027-06-30,285,put,16.24,0.218754,-0.116195
679.0,2027-06-30,285,put,16.39,0.2183,-0.114722
680.0,2027-06-30,285,put,16.52,0.217728,-0.11325
681.0,2027-06-30,285,put,19.765,0.233899,-0.11178
682.0,2027-06-30,285,put,16.84,0.216894,-0.110313
683.0,2027-06-30,285,put,16.985,0.216384,-0.108848
684.0,2027-06-30,285,put,17.13,0.215868,-0.107385
685.0,2027-06-30,285,put,17.265,0.215291,-0.105924
686.0,2027-06-30,285,put,17.42,0.214816,-0.104465
687.0,2027-06-30,285,put,17.58,0.21436,-0.103008
688.0,2027-06-30,285,put,17.755,0.213976,-0.101554
689.0,2027-06-30,285,put,17.745,0.212609,-0.100101
690.0,2027-06-30,285,put,18.07,0.213001,-0.098651
691.0,2027-06-30,285,put,18.06,0.21163,-0.097203
692.0,2027-06-30,285,put,18.39,0.212025,-0.095757
693.0,2027-06-30,285,put,18.55,0.211526,-0.094313
694.0,2027-06-30,285,put,18.71,0.21102,-0.092871
695.0,2027-06-30,285,put,18.905,0.210686,-0.091431
696.0,2027-06-30,285,put,19.08,0.210242,-0.089993
697.0,2027-06-30,285,put,19.23,0.209664,-0.088557
698.0,2027-06-30,285,put,19.42,0.20928,-0.087124
699.0,2027-06-30,285,put,19.61,0.208889,-0.085692
700.0,2027-06-30,285,put,19.755,0.208265,-0.084262
701.0,2027-06-30,285,put,19.96,0.207933,-0.082835
702.0,2027-06-30,285,put,20.125,0.207394,-0.081409
703.0,2027-06-30,285,put,20.295,0.206874,-0.079986
704.0,2027-06-30,285,put,20.48,0.206419,-0.078564
705.0,2027-06-30,285,put,20.665,0.205957,-0.077145
706.0,2027-06-30,285,put,20.855,0.205512,-0.075727
707.0,2027-06-30,285,put,21.08,0.205227,-0.074312
708.0,2027-06-30,285,put,21.275,0.204789,-0.072899
709.0,2027-06-30,285,put,21.435,0.204176,-0.071487
710.0,2027-06-30,285,put,21.655,0.203842,-0.070078
711.0,2027-06-30,285,put,21.86,0.203427,-0.06867
712.0,2027-06-30,285,put,22.06,0.202981,-0.067265
713.0,2027-06-30,285,put,22.255,0.202504,-0.065861
714.0,2027-06-30,285,put,22.485,0.202182,-0.06446
715.0,2027-06-30,285,put,22.705,0.201804,-0.06306
716.0,2027-06-30,285,put,22.885,0.201234,-0.061663
717.0,2027-06-30,285,put,23.1,0.200817,-0.060267
718.0,2027-06-30,285,put,23.305,0.200345,-0.058873
719.0,2027-06-30,285,put,23.525,0.199935,-0.057481
720.0,2027-06-30,285,put,23.74,0.199493,-0.056091
721.0,2027-06-30,285,put,23.975,0.199133,-0.054704
725.0,2027-06-30,285,put,24.9,0.197537,-0.049171
726.0,2027-06-30,285,put,24.655,0.195008,-0.047793
727.0,2027-06-30,285,put,25.33,0.196545,-0.046416
730.0,2027-06-30,285,put,26.05,0.195322,-0.042298
731.0,2027-06-30,285,put,25.795,0.192748,-0.040929
732.0,2027-06-30,285,put,26.53,0.194462,-0.039562
733.0,2027-06-30,285,put,30.49,0.209901,-0.038197
734.0,2027-06-30,285,put,27.04,0.193697,-0.036834
735.0,2027-06-30,285,put,27.31,0.193364,-0.035472
736.0,2027-06-30,285,put,27.55,0.192895,-0.034113
737.0,2027-06-30,285,put,27.81,0.192501,-0.032755
738.0,2027-06-30,285,put,28.095,0.192204,-0.031399
739.0,2027-06-30,285,put,28.33,0.191687,-0.030045
740.0,2027-06-30,285,put,28.62,0.191392,-0.028692
742.0,2027-06-30,285,put,28.5,0.187857,-0.025993
743.0,2027-06-30,285,put,28.76,0.187417,-0.024647
745.0,2027-06-30,285,put,29.99,0.189438,-0.021958
746.0,2027-06-30,285,put,30.25,0.188962,-0.020617
747.0,2027-06-30,285,put,30.555,0.188661,-0.019277
748.0,2027-06-30,285,put,30.845,0.188289,-0.01794
749.0,2027-06-30,285,put,31.165,0.188029,-0.016604
750.0,2027-06-30,285,put,31.465,0.187677,-0.015269
751.0,2027-06-30,285,put,31.73,0.187175,-0.013937
752.0,2027-06-30,285,put,32.02,0.186764,-0.012606
753.0,2027-06-30,285,put,31.515,0.183148,-0.011277
754.0,2027-06-30,285,put,31.81,0.182747,-0.00995
755.0,2027-06-30,285,put,32.98,0.185833,-0.008625
756.0,2027-06-30,285,put,33.3,0.185502,-0.007301
757.0,2027-06-30,285,put,33.615,0.185141,-0.005979
758.0,2027-06-30,285,put,33.935,0.18479,-0.004659
759.0,2027-06-30,285,put,34.25,0.18441,-0.003341
760.0,2027-06-30,285,put,34.605,0.184176,-0.002024
761.0,2027-06-30,285,put,34.93,0.183815,-0.000709
762.0,2027-06-30,285,put,35.28,0.183541,0.000604
763.0,2027-06-30,285,put,35.62,0.183217,0.001915
764.0,2027-06-30,285,put,36.0,0.183039,0.003225
765.0,2027-06-30,285,put,36.325,0.182636,0.004533
766.0,2027-06-30,285,put,36.71,0.182455,0.005839
767.0,2027-06-30,285,put,37.045,0.18207,0.007144
768.0,2027-06-30,285,put,37.41,0.181791,0.008447
769.0,2027-06-30,285,put,37.79,0.181559,0.009748
770.0,2027-06-30,285,put,38.17,0.181316,0.011048
775.0,2027-06-30,285,put,40.05,0.179861,0.01752
780.0,2027-06-30,285,put,42.155,0.178987,0.023951
785.0,2027-06-30,285,put,44.305,0.178004,0.030341
790.0,2027-06-30,285,put,46.625,0.177376,0.03669
795.0,2027-06-30,285,put,49.04,0.176819,0.042999
800.0,2027-06-30,285,put,51.655,0.176724,0.049269
805.0,2027-06-30,285,put,54.455,0.177034,0.0555
810.0,2027-06-30,285,put,57.395,0.177589,0.061692
815.0,2027-06-30,285,put,60.46,0.178339,0.067845
820.0,2027-06-30,285,put,63.785,0.179801,0.073962
825.0,2027-06-30,285,put,67.33,0.181845,0.080041
830.0,2027-06-30,285,put,70.995,0.184111,0.086083
835.0,2027-06-30,285,put,75.05,0.18765,0.092089
840.0,2027-06-30,285,put,79.33,0.191865,0.098059
845.0,2027-06-30,285,put,83.95,0.19723,0.103994
850.0,2027-06-30,285,put,88.62,0.202646,0.109894
865.0,2027-06-30,285,put,103.465,0.221449,0.127387
870.0,2027-06-30,285,put,108.48,0.227776,0.133151
245.0,2027-09-17,364,call,529.75,0.553069,-1.134084
445.0,2027-09-17,364,call,342.08,0.35231,-0.537268
475.0,2027-09-17,364,call,314.18,0.328672,-0.472028
510.0,2027-09-17,364,call,276.445,0.165752,-0.400932
515.0,2027-09-17,364,call,271.68,0.161034,-0.391176
520.0,2027-09-17,364,call,267.165,0.18231,-0.381514
525.0,2027-09-17,364,call,262.63,0.190976,-0.371944
530.0,2027-09-17,364,call,260.005,0.242048,-0.362466
535.0,2027-09-17,364,call,253.615,0.201498,-0.353076
540.0,2027-09-17,364,call,249.13,0.204896,-0.343774
545.0,2027-09-17,364,call,244.605,0.206296,-0.334557
550.0,2027-09-17,364,call,240.09,0.207284,-0.325424
555.0,2027-09-17,364,call,235.595,0.208119,-0.316375
560.0,2027-09-17,364,call,231.11,0.208635,-0.307406
565.0,2027-09-17,364,call,226.61,0.20848,-0.298517
570.0,2027-09-17,364,call,222.135,0.208369,-0.289706
575.0,2027-09-17,364,call,217.665,0.207996,-0.280973
580.0,2027-09-17,364,call,213.455,0.210662,-0.272315
585.0,2027-09-17,364,call,209.045,0.210269,-0.263731
590.0,2027-09-17,364,call,204.595,0.209147,-0.25522
595.0,2027-09-17,364,call,200.16,0.207981,-0.246781
600.0,2027-09-17,364,call,195.675,0.206106,-0.238413
605.0,2027-09-17,364,call,191.5,0.207089,-0.230114
610.0,2027-09-17,364,call,187.105,0.205658,-0.221884
615.0,2027-09-17,364,call,182.68,0.203792,-0.21372
620.0,2027-09-17,364,call,178.58,0.204489,-0.205623
625.0,2027-09-17,364,call,174.165,0.202334,-0.197591
630.0,2027-09-17,364,call,170.035,0.202224,-0.189623
635.0,2027-09-17,364,call,165.685,0.200235,-0.181718
640.0,2027-09-17,364,call,161.59,0.199892,-0.173874
645.0,2027-09-17,364,call,157.22,0.197448,-0.166092
650.0,2027-09-17,364,call,153.14,0.196775,-0.15837
655.0,2027-09-17,364,call,149.08,0.195992,-0.150707
660.0,2027-09-17,364,call,145.005,0.194895,-0.143103
665.0,2027-09-17,364,call,140.745,0.19253,-0.135556
670.0,2027-09-17,364,call,136.7,0.191248,-0.128065
675.0,2027-09-17,364,call,132.71,0.190073,-0.12063
680.0,2027-09-17,364,call,128.695,0.18857,-0.11325
685.0,2027-09-17,364,call,124.8,0.187497,-0.105924
690.0,2027-09-17,364,call,120.755,0.185481,-0.098651
695.0,2027-09-17,364,call,117.025,0.184817,-0.091431
700.0,2027-09-17,364,call,113.17,0.183344,-0.084262
705.0,2027-09-17,364,call,109.19,0.181122,-0.077145
710.0,2027-09-17,364,call,105.565,0.18031,-0.070078
715.0,2027-09-17,364,call,102.135,0.180107,-0.06306
720.0,2027-09-17,364,call,98.48,0.178715,-0.056091
725.0,2027-09-17,364,call,94.37,0.175273,-0.049171
730.0,2027-09-17,364,call,90.665,0.173336,-0.042298
735.0,2027-09-17,364,call,87.11,0.171807,-0.035472
740.0,2027-09-17,364,call,83.58,0.170175,-0.028692
745.0,2027-09-17,364,call,80.05,0.168346,-0.021958
750.0,2027-09-17,364,call,76.19,0.165104,-0.015269
755.0,2027-09-17,364,call,73.295,0.165215,-0.008625
760.0,2027-09-17,364,call,69.925,0.163365,-0.002024
765.0,2027-09-17,364,call,66.67,0.161715,0.004533
770.0,2027-09-17,364,call,63.43,0.159901,0.011048
775.0,2027-09-17,364,call,60.27,0.158147,0.01752
780.0,2027-09-17,364,call,57.2,0.156477,0.023951
785.0,2027-09-17,364,call,54.16,0.15468,0.030341
790.0,2027-09-17,364,call,51.255,0.153102,0.03669
795.0,2027-09-17,364,call,48.38,0.151384,0.042999
800.0,2027-09-17,364,call,45.59,0.149704,0.049269
805.0,2027-09-17,364,call,42.92,0.148169,0.0555
810.0,2027-09-17,364,call,40.275,0.146461,0.061692
815.0,2027-09-17,364,call,37.785,0.145002,0.067845
820.0,2027-09-17,364,call,35.37,0.143524,0.073962
825.0,2027-09-17,364,call,33.005,0.141938,0.080041
830.0,2027-09-17,364,call,30.78,0.140541,0.086083
835.0,2027-09-17,364,call,28.675,0.139265,0.092089
840.0,2027-09-17,364,call,26.66,0.138009,0.098059
845.0,2027-09-17,364,call,24.735,0.136773,0.103994
850.0,2027-09-17,364,call,22.91,0.135592,0.109894
855.0,2027-09-17,364,call,21.21,0.134559,0.115759
860.0,2027-09-17,364,call,19.59,0.133521,0.12159
865.0,2027-09-17,364,call,18.1,0.132666,0.127387
870.0,2027-09-17,364,call,16.705,0.131879,0.133151
875.0,2027-09-17,364,call,15.39,0.13111,0.138881
880.0,2027-09-17,364,call,14.165,0.130408,0.144579
885.0,2027-09-17,364,call,13.04,0.129829,0.150245
890.0,2027-09-17,364,call,11.98,0.129242,0.155879
895.0,2027-09-17,364,call,11.015,0.128792,0.161481
900.0,2027-09-17,364,call,10.1,0.128292,0.167052
905.0,2027-09-17,364,call,9.265,0.127895,0.172592
910.0,2027-09-17,364,call,8.5,0.127575,0.178102
915.0,2027-09-17,364,call,7.78,0.12722,0.183581
920.0,2027-09-17,364,call,7.11,0.126868,0.189031
925.0,2027-09-17,364,call,6.505,0.126621,0.194451
930.0,2027-09-17,364,call,5.93,0.126292,0.199842
935.0,2027-09-17,364,call,5.42,0.126112,0.205204
940.0,2027-09-17,364,call,4.935,0.125846,0.210537
945.0,2027-09-17,364,call,4.505,0.125713,0.215842
950.0,2027-09-17,364,call,4.105,0.125559,0.221119
955.0,2027-09-17,364,call,3.745,0.125479,0.226369
960.0,2027-09-17,364,call,3.405,0.12533,0.231591
965.0,2027-09-17,364,call,3.105,0.125299,0.236785
970.0,2027-09-17,364,call,2.815,0.125133,0.241953
975.0,2027-09-17,364,call,2.575,0.125239,0.247095
980.0,2027-09-17,364,call,2.33,0.12508,0.25221
985.0,2027-09-17,364,call,2.14,0.125325,0.257299
990.0,2027-09-17,364,call,1.945,0.12532,0.262362
995.0,2027-09-17,364,call,1.785,0.125565,0.2674
1000.0,2027-09-17,364,call,1.635,0.125771,0.272413
1005.0,2027-09-17,364,call,1.495,0.125945,0.2774
1010.0,2027-09-17,364,call,1.365,0.126095,0.282363
1015.0,2027-09-17,364,call,1.255,0.126403,0.287301
1020.0,2027-09-17,364,call,1.16,0.126824,0.292215
1025.0,2027-09-17,364,call,1.06,0.127005,0.297105
1030.0,2027-09-17,364,call,0.975,0.127324,0.301971
1035.0,2027-09-17,364,call,0.9,0.127714,0.306814
1040.0,2027-09-17,364,call,0.835,0.128199,0.311633
1045.0,2027-09-17,364,call,0.775,0.128686,0.316429
1050.0,2027-09-17,364,call,0.72,0.129184,0.321203
1055.0,2027-09-17,364,call,0.67,0.129705,0.325953
1060.0,2027-09-17,364,call,0.625,0.130263,0.330682
1065.0,2027-09-17,364,call,0.585,0.130874,0.335387
1070.0,2027-09-17,364,call,0.555,0.131719,0.340071
1075.0,2027-09-17,364,call,0.52,0.132324,0.344733
1080.0,2027-09-17,364,call,0.49,0.133021,0.349374
1085.0,2027-09-17,364,call,0.46,0.13364,0.353993
1090.0,2027-09-17,364,call,0.44,0.134574,0.35859
1100.0,2027-09-17,364,call,0.39,0.135853,0.367723
1110.0,2027-09-17,364,call,0.36,0.137775,0.376773
1120.0,2027-09-17,364,call,0.325,0.139267,0.385741
1130.0,2027-09-17,364,call,0.3,0.141081,0.39463
1140.0,2027-09-17,364,call,0.27,0.142426,0.403441
1150.0,2027-09-17,364,call,0.25,0.144193,0.412175
1160.0,2027-09-17,364,call,0.27,0.148466,0.420833
1170.0,2027-09-17,364,call,0.21,0.147255,0.429416
1180.0,2027-09-17,364,call,0.195,0.14893,0.437927
1190.0,2027-09-17,364,call,0.18,0.150469,0.446366
1200.0,2027-09-17,364,call,0.17,0.152329,0.454734
1210.0,2027-09-17,364,call,0.15,0.15308,0.463033
1220.0,2027-09-17,364,call,0.14,0.154675,0.471263
1230.0,2027-09-17,364,call,0.13,0.156154,0.479427
1240.0,2027-09-17,364,call,0.12,0.157507,0.487524
1250.0,2027-09-17,364,call,0.11,0.15872,0.495556
1270.0,2027-09-17,364,call,0.12,0.165072,0.51143
1280.0,2027-09-17,364,call,0.09,0.163079,0.519273
1300.0,2027-09-17,364,call,0.08,0.166066,0.534777
1310.0,2027-09-17,364,call,0.07,0.166412,0.54244
1320.0,2027-09-17,364,call,0.07,0.168699,0.550044
1330.0,2027-09-17,364,call,0.06,0.168699,0.557592
1350.0,2027-09-17,364,call,0.05,0.170485,0.572517
1360.0,2027-09-17,364,call,0.07,0.17764,0.579897
1370.0,2027-09-17,364,call,0.05,0.174775,0.587223
1390.0,2027-09-17,364,call,0.04,0.175776,0.601716
1400.0,2027-09-17,364,call,0.04,0.177826,0.608885
1410.0,2027-09-17,364,call,0.04,0.179859,0.616002
1420.0,2027-09-17,364,call,0.04,0.181875,0.623069
1430.0,2027-09-17,364,call,0.04,0.183873,0.630087
1440.0,2027-09-17,364,call,0.035,0.183917,0.637056
1450.0,2027-09-17,364,call,0.03,0.183675,0.643976
1460.0,2027-09-17,364,call,0.03,0.185589,0.650849
1470.0,2027-09-17,364,call,0.03,0.187489,0.657675
1480.0,2027-09-17,364,call,0.03,0.189373,0.664455
50.0,2027-09-17,364,put,0.015,0.827534,-2.72332
60.0,2027-09-17,364,put,0.025,0.801233,-2.540998
80.0,2027-09-17,364,put,0.05,0.750506,-2.253316
90.0,2027-09-17,364,put,0.065,0.727435,-2.135533
105.0,2027-09-17,364,put,0.09,0.695151,-1.981382
110.0,2027-09-17,364,put,0.105,0.688721,-1.934862
120.0,2027-09-17,364,put,0.125,0.669173,-1.847851
125.0,2027-09-17,364,put,0.14,0.661866,-1.807029
130.0,2027-09-17,364,put,0.155,0.654311,-1.767808
135.0,2027-09-17,364,put,0.165,0.644693,-1.730068
140.0,2027-09-17,364,put,0.185,0.638808,-1.6937
145.0,2027-09-17,364,put,0.2,0.630978,-1.658609
150.0,2027-09-17,364,put,0.22,0.624627,-1.624707
160.0,2027-09-17,364,put,0.255,0.610153,-1.560169
165.0,2027-09-17,364,put,0.44,0.635998,-1.529397
170.0,2027-09-17,364,put,0.305,0.598922,-1.499544
175.0,2027-09-17,364,put,0.325,0.592023,-1.470557
180.0,2027-09-17,364,put,0.35,0.586069,-1.442386
190.0,2027-09-17,364,put,0.405,0.574722,-1.388319
200.0,2027-09-17,364,put,0.46,0.563015,-1.337025
205.0,2027-09-17,364,put,0.49,0.557427,-1.312333
210.0,2027-09-17,364,put,0.525,0.552412,-1.288235
215.0,2027-09-17,364,put,0.555,0.546682,-1.264705
220.0,2027-09-17,364,put,0.59,0.541494,-1.241715
225.0,2027-09-17,364,put,0.625,0.536233,-1.219242
230.0,2027-09-17,364,put,0.655,0.53041,-1.197263
240.0,2027-09-17,364,put,0.885,0.533456,-1.154704
245.0,2027-09-17,364,put,0.77,0.51521,-1.134084
250.0,2027-09-17,364,put,0.81,0.510193,-1.113882
255.0,2027-09-17,364,put,0.85,0.505138,-1.094079
260.0,2027-09-17,364,put,0.89,0.500054,-1.074661
265.0,2027-09-17,364,put,0.93,0.49495,-1.055613
270.0,2027-09-17,364,put,0.975,0.490178,-1.036921
275.0,2027-09-17,364,put,1.02,0.485369,-1.018572
280.0,2027-09-17,364,put,1.065,0.480533,-1.000553
285.0,2027-09-17,364,put,1.11,0.475676,-0.982853
290.0,2027-09-17,364,put,1.16,0.471094,-0.965462
295.0,2027-09-17,364,put,1.21,0.466479,-0.948367
300.0,2027-09-17,364,put,1.26,0.461839,-0.93156
305.0,2027-09-17,364,put,1.31,0.457178,-0.915031
310.0,2027-09-17,364,put,1.365,0.452749,-0.89877
320.0,2027-09-17,364,put,1.48,0.444035,-0.867022
325.0,2027-09-17,364,put,1.54,0.439744,-0.851517
330.0,2027-09-17,364,put,1.6,0.435423,-0.83625
335.0,2027-09-17,364,put,1.66,0.431078,-0.821212
340.0,2027-09-17,364,put,1.725,0.426907,-0.806397
345.0,2027-09-17,364,put,1.795,0.422893,-0.791798
350.0,2027-09-17,364,put,1.86,0.41866,-0.77741
355.0,2027-09-17,364,put,1.93,0.41458,-0.763225
360.0,2027-09-17,364,put,2.0,0.410471,-0.749239
365.0,2027-09-17,364,put,2.08,0.40666,-0.735445
370.0,2027-09-17,364,put,2.155,0.40265,-0.72184
375.0,2027-09-17,364,put,2.23,0.398612,-0.708417
380.0,2027-09-17,364,put,2.315,0.394841,-0.695171
385.0,2027-09-17,364,put,2.39,0.390749,-0.682099
390.0,2027-09-17,364,put,2.48,0.387047,-0.669196
395.0,2027-09-17,364,put,2.57,0.383304,-0.656457
400.0,2027-09-17,364,put,2.66,0.379525,-0.643878
405.0,2027-09-17,364,put,2.75,0.375712,-0.631456
410.0,2027-09-17,364,put,2.85,0.372107,-0.619186
415.0,2027-09-17,364,put,2.95,0.368461,-0.607064
420.0,2027-09-17,364,put,3.05,0.364778,-0.595088
425.0,2027-09-17,364,put,3.16,0.361275,-0.583254
430.0,2027-09-17,364,put,3.27,0.357728,-0.571557
435.0,2027-09-17,364,put,3.38,0.354142,-0.559997
440.0,2027-09-17,364,put,3.505,0.35081,-0.548568
445.0,2027-09-17,364,put,3.62,0.347239,-0.537268
450.0,2027-09-17,364,put,3.755,0.343996,-0.526095
455.0,2027-09-17,364,put,3.885,0.34061,-0.515045
460.0,2027-09-17,364,put,4.02,0.337264,-0.504116
465.0,2027-09-17,364,put,4.155,0.333871,-0.493305
470.0,2027-09-17,364,put,4.305,0.330675,-0.48261
475.0,2027-09-17,364,put,4.455,0.327424,-0.472028
480.0,2027-09-17,364,put,4.6,0.324047,-0.461557
485.0,2027-09-17,364,put,4.765,0.320918,-0.451194
490.0,2027-09-17,364,put,4.93,0.317733,-0.440937
495.0,2027-09-17,364,put,5.105,0.314632,-0.430785
500.0,2027-09-17,364,put,5.295,0.311671,-0.420735
505.0,2027-09-17,364,put,5.47,0.308452,-0.410784
510.0,2027-09-17,364,put,5.67,0.305494,-0.400932
515.0,2027-09-17,364,put,5.88,0.302591,-0.391176
520.0,2027-09-17,364,put,6.095,0.299679,-0.381514
525.0,2027-09-17,364,put,6.3,0.296585,-0.371944
530.0,2027-09-17,364,put,6.545,0.293874,-0.362466
535.0,2027-09-17,364,put,6.78,0.290978,-0.353076
540.0,2027-09-17,364,put,7.02,0.288065,-0.343774
545.0,2027-09-17,364,put,7.28,0.285285,-0.334557
550.0,2027-09-17,364,put,7.55,0.282527,-0.325424
555.0,2027-09-17,364,put,7.84,0.279881,-0.316375
560.0,2027-09-17,364,put,8.12,0.277061,-0.307406
565.0,2027-09-17,364,put,8.43,0.274433,-0.298517
570.0,2027-09-17,364,put,8.745,0.271764,-0.289706
575.0,2027-09-17,364,put,9.075,0.269138,-0.280973
580.0,2027-09-17,364,put,9.41,0.266467,-0.272315
585.0,2027-09-17,364,put,9.785,0.264029,-0.263731
590.0,2027-09-17,364,put,10.15,0.261416,-0.25522
595.0,2027-09-17,364,put,10.55,0.258977,-0.246781
600.0,2027-09-17,364,put,10.965,0.256547,-0.238413
605.0,2027-09-17,364,put,11.395,0.254124,-0.230114
610.0,2027-09-17,364,put,11.845,0.251737,-0.221884
615.0,2027-09-17,364,put,12.305,0.249314,-0.21372
620.0,2027-09-17,364,put,12.795,0.246983,-0.205623
625.0,2027-09-17,364,put,13.31,0.2447,-0.197591
630.0,2027-09-17,364,put,13.85,0.24246,-0.189623
635.0,2027-09-17,364,put,14.395,0.240134,-0.181718
640.0,2027-09-17,364,put,14.955,0.237785,-0.173874
645.0,2027-09-17,364,put,15.55,0.235522,-0.166092
650.0,2027-09-17,364,put,16.18,0.233336,-0.15837
655.0,2027-09-17,364,put,16.855,0.231268,-0.150707
660.0,2027-09-17,364,put,17.545,0.22915,-0.143103
665.0,2027-09-17,364,put,18.25,0.226981,-0.135556
670.0,2027-09-17,364,put,19.015,0.224984,-0.128065
675.0,2027-09-17,364,put,19.785,0.222875,-0.12063
680.0,2027-09-17,364,put,20.585,0.220776,-0.11325
685.0,2027-09-17,364,put,21.435,0.218774,-0.105924
690.0,2027-09-17,364,put,22.34,0.21688,-0.098651
695.0,2027-09-17,364,put,23.25,0.214862,-0.091431
700.0,2027-09-17,364,put,24.21,0.212917,-0.084262
705.0,2027-09-17,364,put,25.235,0.2111,-0.077145
710.0,2027-09-17,364,put,26.315,0.209357,-0.070078
715.0,2027-09-17,364,put,27.37,0.207352,-0.06306
720.0,2027-09-17,364,put,28.56,0.205735,-0.056091
725.0,2027-09-17,364,put,29.745,0.203931,-0.049171
730.0,2027-09-17,364,put,30.945,0.202021,-0.042298
735.0,2027-09-17,364,put,32.305,0.200557,-0.035472
740.0,2027-09-17,364,put,33.655,0.198877,-0.028692
745.0,2027-09-17,364,put,35.04,0.197152,-0.021958
750.0,2027-09-17,364,put,36.555,0.195723,-0.015269
755.0,2027-09-17,364,put,38.09,0.194182,-0.008625
760.0,2027-09-17,364,put,39.75,0.192898,-0.002024
765.0,2027-09-17,364,put,41.44,0.191527,0.004533
770.0,2027-09-17,364,put,43.235,0.190327,0.011048
775.0,2027-09-17,364,put,45.13,0.189273,0.01752
780.0,2027-09-17,364,put,47.1,0.188273,0.023951
785.0,2027-09-17,364,put,49.22,0.187575,0.030341
790.0,2027-09-17,364,put,51.39,0.186839,0.03669
795.0,2027-09-17,364,put,53.71,0.186395,0.042999
800.0,2027-09-17,364,put,56.135,0.18609,0.049269
805.0,2027-09-17,364,put,58.69,0.186007,0.0555
810.0,2027-09-17,364,put,61.4,0.186228,0.061692
815.0,2027-09-17,364,put,64.265,0.186754,0.067845
820.0,2027-09-17,364,put,67.09,0.186947,0.073962
825.0,2027-09-17,364,put,70.38,0.188476,0.080041
830.0,2027-09-17,364,put,73.57,0.189484,0.086083
835.0,2027-09-17,364,put,77.045,0.191253,0.092089
840.0,2027-09-17,364,put,80.875,0.19403,0.098059
845.0,2027-09-17,364,put,84.855,0.197149,0.103994
850.0,2027-09-17,364,put,88.965,0.200556,0.109894
855.0,2027-09-17,364,put,93.49,0.205227,0.115759
865.0,2027-09-17,364,put,103.47,0.217382,0.127387
890.0,2027-09-17,364,put,128.47,0.246381,0.155879
900.0,2027-09-17,364,put,138.465,0.257435,0.167052
420.0,2027-12-17,455,call,369.125,0.313214,-0.595088
480.0,2027-12-17,455,call,314.585,0.287894,-0.461557
515.0,2027-12-17,455,call,277.93,0.166445,-0.391176
520.0,2027-12-17,455,call,273.485,0.177413,-0.381514
525.0,2027-12-17,455,call,269.035,0.183687,-0.371944
530.0,2027-12-17,455,call,264.53,0.186237,-0.362466
535.0,2027-12-17,455,call,260.11,0.190049,-0.353076
540.0,2027-12-17,455,call,255.625,0.191276,-0.343774
545.0,2027-12-17,455,call,251.44,0.197691,-0.334557
550.0,2027-12-17,455,call,247.01,0.198419,-0.325424
555.0,2027-12-17,455,call,242.62,0.199343,-0.316375
560.0,2027-12-17,455,call,238.14,0.19855,-0.307406
565.0,2027-12-17,455,call,234.0,0.202022,-0.298517
570.0,2027-12-17,455,call,229.61,0.201707,-0.289706
575.0,2027-12-17,455,call,225.19,0.2008,-0.280973
580.0,2027-12-17,455,call,221.06,0.20279,-0.272315
585.0,2027-12-17,455,call,216.62,0.20119,-0.263731
590.0,2027-12-17,455,call,212.495,0.202449,-0.25522
595.0,2027-12-17,455,call,208.16,0.201439,-0.246781
600.0,2027-12-17,455,call,204.03,0.201992,-0.238413
605.0,2027-12-17,455,call,199.69,0.200545,-0.230114
610.0,2027-12-17,455,call,195.56,0.200581,-0.221884
615.0,2027-12-17,455,call,191.465,0.200613,-0.21372
620.0,2027-12-17,455,call,187.175,0.199029,-0.205623
625.0,2027-12-17,455,call,183.09,0.198702,-0.197591
630.0,2027-12-17,455,call,179.035,0.198349,-0.189623
635.0,2027-12-17,455,call,174.73,0.19623,-0.181718
640.0,2027-12-17,455,call,170.705,0.195704,-0.173874
645.0,2027-12-17,455,call,166.655,0.194834,-0.166092
650.0,2027-12-17,455,call,162.635,0.193958,-0.15837
655.0,2027-12-17,455,call,158.635,0.193016,-0.150707
660.0,2027-12-17,455,call,154.645,0.191959,-0.143103
665.0,2027-12-17,455,call,150.695,0.190943,-0.135556
670.0,2027-12-17,455,call,146.705,0.189569,-0.128065
675.0,2027-12-17,455,call,142.98,0.189309,-0.12063
680.0,2027-12-17,455,call,139.085,0.18806,-0.11325
685.0,2027-12-17,455,call,135.125,0.186371,-0.105924
690.0,2027-12-17,455,call,131.23,0.184838,-0.098651
695.0,2027-12-17,455,call,127.61,0.184333,-0.091431
700.0,2027-12-17,455,call,123.695,0.182421,-0.084262
705.0,2027-12-17,455,call,120.085,0.181617,-0.077145
710.0,2027-12-17,455,call,116.485,0.180677,-0.070078
715.0,2027-12-17,455,call,112.69,0.178821,-0.06306
720.0,2027-12-17,455,call,109.115,0.177661,-0.056091
725.0,2027-12-17,455,call,105.59,0.176526,-0.049171
730.0,2027-12-17,455,call,101.815,0.174327,-0.042298
735.0,2027-12-17,455,call,97.52,0.170161,-0.035472
740.0,2027-12-17,455,call,94.07,0.168882,-0.028692
745.0,2027-12-17,455,call,90.69,0.167679,-0.021958
750.0,2027-12-17,455,call,87.34,0.16641,-0.015269
755.0,2027-12-17,455,call,84.93,0.168075,-0.008625
760.0,2027-12-17,455,call,80.6,0.163245,-0.002024
765.0,2027-12-17,455,call,78.395,0.165155,0.004533
770.0,2027-12-17,455,call,75.225,0.163759,0.011048
775.0,2027-12-17,455,call,72.1,0.162334,0.01752
780.0,2027-12-17,455,call,69.035,0.160924,0.023951
785.0,2027-12-17,455,call,66.015,0.159479,0.030341
790.0,2027-12-17,455,call,63.06,0.158056,0.03669
795.0,2027-12-17,455,call,60.115,0.156485,0.042999
800.0,2027-12-17,455,call,57.28,0.155062,0.049269
805.0,2027-12-17,455,call,54.505,0.153634,0.0555
810.0,2027-12-17,455,call,51.815,0.15227,0.061692
815.0,2027-12-17,455,call,49.175,0.150862,0.067845
820.0,2027-12-17,455,call,46.62,0.14951,0.073962
825.0,2027-12-17,455,call,44.135,0.148166,0.080041
830.0,2027-12-17,455,call,41.76,0.146945,0.086083
835.0,2027-12-17,455,call,39.435,0.145669,0.092089
840.0,2027-12-17,455,call,37.2,0.144452,0.098059
845.0,2027-12-17,455,call,35.05,0.143278,0.103994
850.0,2027-12-17,455,call,32.98,0.142132,0.109894
855.0,2027-12-17,455,call,30.995,0.141028,0.115759
860.0,2027-12-17,455,call,29.11,0.140014,0.12159
865.0,2027-12-17,455,call,27.28,0.138951,0.127387
870.0,2027-12-17,455,call,25.555,0.137997,0.133151
875.0,2027-12-17,455,call,23.905,0.137061,0.138881
880.0,2027-12-17,455,call,22.355,0.136226,0.144579
885.0,2027-12-17,455,call,20.89,0.135451,0.150245
890.0,2027-12-17,455,call,19.505,0.134726,0.155879
895.0,2027-12-17,455,call,18.215,0.134109,0.161481
900.0,2027-12-17,455,call,16.97,0.133434,0.167052
905.0,2027-12-17,455,call,15.825,0.132902,0.172592
910.0,2027-12-17,455,call,14.715,0.132286,0.178102
915.0,2027-12-17,455,call,13.705,0.131836,0.183581
920.0,2027-12-17,455,call,12.745,0.131374,0.189031
925.0,2027-12-17,455,call,11.84,0.130924,0.194451
930.0,2027-12-17,455,call,11.01,0.130583,0.199842
935.0,2027-12-17,455,call,10.23,0.130257,0.205204
940.0,2027-12-17,455,call,9.49,0.129911,0.210537
945.0,2027-12-17,455,call,8.805,0.129621,0.215842
950.0,2027-12-17,455,call,8.17,0.129378,0.221119
955.0,2027-12-17,455,call,7.58,0.129171,0.226369
960.0,2027-12-17,455,call,7.015,0.128904,0.231591
965.0,2027-12-17,455,call,6.505,0.12875,0.236785
970.0,2027-12-17,455,call,6.02,0.128555,0.241953
975.0,2027-12-17,455,call,5.575,0.128417,0.247095
980.0,2027-12-17,455,call,5.16,0.128287,0.25221
985.0,2027-12-17,455,call,4.775,0.128178,0.257299
990.0,2027-12-17,455,call,4.42,0.128103,0.262362
995.0,2027-12-17,455,call,4.09,0.128039,0.2674
1000.0,2027-12-17,455,call,3.795,0.128077,0.272413
1005.0,2027-12-17,455,call,3.51,0.128037,0.2774
1010.0,2027-12-17,455,call,3.255,0.128088,0.282363
1015.0,2027-12-17,455,call,3.02,0.128166,0.287301
1020.0,2027-12-17,455,call,2.795,0.128188,0.292215
1025.0,2027-12-17,455,call,2.6,0.128356,0.297105
1030.0,2027-12-17,455,call,2.405,0.128385,0.301971
1035.0,2027-12-17,455,call,2.24,0.128598,0.306814
1040.0,2027-12-17,455,call,2.085,0.128798,0.311633
1045.0,2027-12-17,455,call,1.935,0.128931,0.316429
1050.0,2027-12-17,455,call,1.81,0.129255,0.321203
1055.0,2027-12-17,455,call,1.69,0.129535,0.325953
1060.0,2027-12-17,455,call,1.57,0.1297,0.330682
1065.0,2027-12-17,455,call,1.47,0.130042,0.335387
1070.0,2027-12-17,455,call,1.375,0.13036,0.340071
1075.0,2027-12-17,455,call,1.295,0.130823,0.344733
1080.0,2027-12-17,455,call,1.21,0.13111,0.349374
1085.0,2027-12-17,455,call,1.135,0.131477,0.353993
1090.0,2027-12-17,455,call,1.07,0.131944,0.35859
1095.0,2027-12-17,455,call,1.005,0.132328,0.363167
1100.0,2027-12-17,455,call,0.95,0.132835,0.367723
1105.0,2027-12-17,455,call,0.89,0.133157,0.372258
1110.0,2027-12-17,455,call,0.845,0.133737,0.376773
1115.0,2027-12-17,455,call,0.8,0.134252,0.381267
1120.0,2027-12-17,455,call,0.76,0.134825,0.385741
1125.0,2027-12-17,455,call,0.86,0.138821,0.390196
1130.0,2027-12-17,455,call,0.69,0.136057,0.39463
1135.0,2027-12-17,455,call,0.66,0.13673,0.399045
1140.0,2027-12-17,455,call,0.63,0.137355,0.403441
1150.0,2027-12-17,455,call,0.57,0.138446,0.412175
1160.0,2027-12-17,455,call,0.53,0.139998,0.420833
1170.0,2027-12-17,455,call,0.49,0.141404,0.429416
1180.0,2027-12-17,455,call,0.45,0.142651,0.437927
1190.0,2027-12-17,455,call,0.495,0.147124,0.446366
1200.0,2027-12-17,455,call,0.39,0.145514,0.454734
1210.0,2027-12-17,455,call,0.37,0.147219,0.463033
1220.0,2027-12-17,455,call,0.395,0.15098,0.471263
1230.0,2027-12-17,455,call,0.37,0.152373,0.479427
1240.0,2027-12-17,455,call,0.305,0.151495,0.487524
1250.0,2027-12-17,455,call,0.285,0.152793,0.495556
1260.0,2027-12-17,455,call,0.27,0.154292,0.503524
1270.0,2027-12-17,455,call,0.615,0.172684,0.51143
1280.0,2027-12-17,455,call,0.27,0.159051,0.519273
1290.0,2027-12-17,455,call,0.26,0.160733,0.527055
1300.0,2027-12-17,455,call,0.21,0.159387,0.534777
1310.0,2027-12-17,455,call,0.2,0.160822,0.54244
1320.0,2027-12-17,455,call,0.19,0.162187,0.550044
1330.0,2027-12-17,455,call,0.18,0.163478,0.557592
1340.0,2027-12-17,455,call,0.17,0.164692,0.565082
1350.0,2027-12-17,455,call,0.16,0.165824,0.572517
1380.0,2027-12-17,455,call,0.13,0.168664,0.594496
1390.0,2027-12-17,455,call,0.225,0.180168,0.601716
1400.0,2027-12-17,455,call,0.12,0.171382,0.608885
1410.0,2027-12-17,455,call,0.13,0.174652,0.616002
1430.0,2027-12-17,455,call,0.1,0.174303,0.630087
1440.0,2027-12-17,455,call,0.09,0.174545,0.637056
1450.0,2027-12-17,455,call,0.085,0.17552,0.643976
1460.0,2027-12-17,455,call,0.08,0.176424,0.650849
1470.0,2027-12-17,455,call,0.08,0.178241,0.657675
1480.0,2027-12-17,455,call,0.07,0.177994,0.664455
50.0,2027-12-17,455,put,0.02,0.75961,-2.72332
55.0,2027-12-17,455,put,0.055,0.794554,-2.628009
60.0,2027-12-17,455,put,0.035,0.739536,-2.540998
65.0,2027-12-17,455,put,0.04,0.723818,-2.460955
70.0,2027-12-17,455,put,0.05,0.714995,-2.386847
75.0,2027-12-17,455,put,0.06,0.705124,-2.317855
80.0,2027-12-17,455,put,0.07,0.69475,-2.253316
85.0,2027-12-17,455,put,0.08,0.684176,-2.192691
90.0,2027-12-17,455,put,0.09,0.673577,-2.135533
95.0,2027-12-17,455,put,0.1,0.663057,-2.081466
100.0,2027-12-17,455,put,0.11,0.65268,-2.030172
105.0,2027-12-17,455,put,0.205,0.677268,-1.981382
110.0,2027-12-17,455,put,0.15,0.641286,-1.934862
120.0,2027-12-17,455,put,0.17,0.620734,-1.847851
125.0,2027-12-17,455,put,0.19,0.614222,-1.807029
130.0,2027-12-17,455,put,0.21,0.60747,-1.767808
135.0,2027-12-17,455,put,0.23,0.600567,-1.730068
140.0,2027-12-17,455,put,0.32,0.609586,-1.6937
145.0,2027-12-17,455,put,0.28,0.588834,-1.658609
150.0,2027-12-17,455,put,0.305,0.582682,-1.624707
155.0,2027-12-17,455,put,0.33,0.576419,-1.591918
160.0,2027-12-17,455,put,0.36,0.570981,-1.560169
165.0,2027-12-17,455,put,0.39,0.56538,-1.529397
175.0,2027-12-17,455,put,0.78,0.592564,-1.470557
180.0,2027-12-17,455,put,0.49,0.549357,-1.442386
190.0,2027-12-17,455,put,0.555,0.538026,-1.388319
200.0,2027-12-17,455,put,0.63,0.527644,-1.337025
205.0,2027-12-17,455,put,0.815,0.535899,-1.312333
210.0,2027-12-17,455,put,0.71,0.517522,-1.288235
215.0,2027-12-17,455,put,0.75,0.512386,-1.264705
220.0,2027-12-17,455,put,0.795,0.507637,-1.241715
225.0,2027-12-17,455,put,0.84,0.502828,-1.219242
230.0,2027-12-17,455,put,1.06,0.510293,-1.197263
235.0,2027-12-17,455,put,0.93,0.493085,-1.175757
240.0,2027-12-17,455,put,0.975,0.488174,-1.154704
245.0,2027-12-17,455,put,1.02,0.483248,-1.134084
250.0,2027-12-17,455,put,1.07,0.478625,-1.113882
255.0,2027-12-17,455,put,1.12,0.473974,-1.094079
260.0,2027-12-17,455,put,1.16,0.468734,-1.074661
265.0,2027-12-17,455,put,1.22,0.464619,-1.055613
270.0,2027-12-17,455,put,1.28,0.460447,-1.036921
275.0,2027-12-17,455,put,1.33,0.455732,-1.018572
280.0,2027-12-17,455,put,1.39,0.451498,-1.000553
285.0,2027-12-17,455,put,1.73,0.459356,-0.982853
290.0,2027-12-17,455,put,1.51,0.442944,-0.965462
295.0,2027-12-17,455,put,1.57,0.438636,-0.948367
300.0,2027-12-17,455,put,1.64,0.43472,-0.93156
305.0,2027-12-17,455,put,1.705,0.430569,-0.915031
310.0,2027-12-17,455,put,1.77,0.426398,-0.89877
315.0,2027-12-17,455,put,1.84,0.422393,-0.88277
320.0,2027-12-17,455,put,1.91,0.418365,-0.867022
325.0,2027-12-17,455,put,1.985,0.414484,-0.851517
330.0,2027-12-17,455,put,2.06,0.410576,-0.83625
335.0,2027-12-17,455,put,2.14,0.406802,-0.821212
340.0,2027-12-17,455,put,2.22,0.402997,-0.806397
345.0,2027-12-17,455,put,2.29,0.398876,-0.791798
350.0,2027-12-17,455,put,2.38,0.395315,-0.77741
355.0,2027-12-17,455,put,2.47,0.391716,-0.763225
360.0,2027-12-17,455,put,2.57,0.388346,-0.749239
365.0,2027-12-17,455,put,2.655,0.38455,-0.735445
370.0,2027-12-17,455,put,2.75,0.380982,-0.72184
375.0,2027-12-17,455,put,2.85,0.377503,-0.708417
380.0,2027-12-17,455,put,2.95,0.37399,-0.695171
385.0,2027-12-17,455,put,3.055,0.370558,-0.682099
390.0,2027-12-17,455,put,3.16,0.367093,-0.669196
395.0,2027-12-17,455,put,3.275,0.363805,-0.656457
400.0,2027-12-17,455,put,3.385,0.360377,-0.643878
405.0,2027-12-17,455,put,3.505,0.357113,-0.631456
410.0,2027-12-17,455,put,3.625,0.353811,-0.619186
415.0,2027-12-17,455,put,3.755,0.350656,-0.607064
420.0,2027-12-17,455,put,3.885,0.347458,-0.595088
425.0,2027-12-17,455,put,4.015,0.344221,-0.583254
430.0,2027-12-17,455,put,4.165,0.341279,-0.571557
435.0,2027-12-17,455,put,4.3,0.338045,-0.559997
440.0,2027-12-17,455,put,4.445,0.334932,-0.548568
445.0,2027-12-17,455,put,4.6,0.331929,-0.537268
450.0,2027-12-17,455,put,4.76,0.328953,-0.526095
455.0,2027-12-17,455,put,4.925,0.326002,-0.515045
460.0,2027-12-17,455,put,5.095,0.323072,-0.504116
465.0,2027-12-17,455,put,5.275,0.320227,-0.493305
470.0,2027-12-17,455,put,5.455,0.31733,-0.48261
475.0,2027-12-17,455,put,5.645,0.314509,-0.472028
480.0,2027-12-17,455,put,5.84,0.311697,-0.461557
485.0,2027-12-17,455,put,6.04,0.308893,-0.451194
490.0,2027-12-17,455,put,6.25,0.30615,-0.440937
495.0,2027-12-17,455,put,6.48,0.303573,-0.430785
500.0,2027-12-17,455,put,6.7,0.300826,-0.420735
505.0,2027-12-17,455,put,6.945,0.298284,-0.410784
510.0,2027-12-17,455,put,7.195,0.295729,-0.400932
515.0,2027-12-17,455,put,7.44,0.29306,-0.391176
520.0,2027-12-17,455,put,7.725,0.290715,-0.381514
525.0,2027-12-17,455,put,7.995,0.288157,-0.371944
530.0,2027-12-17,455,put,8.275,0.285625,-0.362466
535.0,2027-12-17,455,put,8.565,0.283117,-0.353076
540.0,2027-12-17,455,put,8.885,0.280797,-0.343774
545.0,2027-12-17,455,put,9.205,0.278403,-0.334557
550.0,2027-12-17,455,put,9.55,0.276136,-0.325424
555.0,2027-12-17,455,put,9.885,0.273714,-0.316375
560.0,2027-12-17,455,put,10.26,0.271525,-0.307406
565.0,2027-12-17,455,put,10.615,0.269106,-0.298517
570.0,2027-12-17,455,put,11.01,0.266904,-0.289706
575.0,2027-12-17,455,put,11.415,0.264689,-0.280973
580.0,2027-12-17,455,put,11.84,0.262529,-0.272315
585.0,2027-12-17,455,put,12.265,0.260285,-0.263731
590.0,2027-12-17,455,put,12.715,0.258122,-0.25522
595.0,2027-12-17,455,put,13.195,0.256061,-0.246781
600.0,2027-12-17,455,put,13.69,0.254002,-0.238413
605.0,2027-12-17,455,put,14.175,0.251794,-0.230114
610.0,2027-12-17,455,put,14.705,0.249763,-0.221884
615.0,2027-12-17,455,put,15.265,0.247809,-0.21372
620.0,2027-12-17,455,put,15.815,0.245703,-0.205623
625.0,2027-12-17,455,put,16.425,0.24383,-0.197591
630.0,2027-12-17,455,put,17.035,0.241856,-0.189623
635.0,2027-12-17,455,put,17.655,0.239836,-0.181718
640.0,2027-12-17,455,put,18.315,0.23792,-0.173874
645.0,2027-12-17,455,put,19.02,0.236123,-0.166092
650.0,2027-12-17,455,put,19.74,0.23429,-0.15837
655.0,2027-12-17,455,put,20.455,0.232329,-0.150707
660.0,2027-12-17,455,put,21.22,0.230495,-0.143103
665.0,2027-12-17,455,put,22.03,0.228754,-0.135556
670.0,2027-12-17,455,put,22.865,0.22701,-0.128065
675.0,2027-12-17,455,put,23.7,0.225154,-0.12063
680.0,2027-12-17,455,put,24.59,0.22342,-0.11325
685.0,2027-12-17,455,put,25.5,0.221653,-0.105924
690.0,2027-12-17,455,put,26.475,0.220033,-0.098651
695.0,2027-12-17,455,put,27.48,0.21841,-0.091431
700.0,2027-12-17,455,put,28.565,0.216974,-0.084262
705.0,2027-12-17,455,put,29.605,0.21524,-0.077145
710.0,2027-12-17,455,put,30.72,0.213666,-0.070078
715.0,2027-12-17,455,put,31.885,0.212149,-0.06306
720.0,2027-12-17,455,put,33.105,0.210701,-0.056091
725.0,2027-12-17,455,put,34.35,0.20921,-0.049171
730.0,2027-12-17,455,put,35.605,0.207624,-0.042298
735.0,2027-12-17,455,put,36.995,0.206369,-0.035472
740.0,2027-12-17,455,put,38.365,0.204908,-0.028692
745.0,2027-12-17,455,put,39.82,0.203595,-0.021958
750.0,2027-12-17,455,put,41.34,0.202355,-0.015269
755.0,2027-12-17,455,put,42.905,0.201119,-0.008625
760.0,2027-12-17,455,put,44.56,0.200028,-0.002024
765.0,2027-12-17,455,put,46.33,0.199153,0.004533
770.0,2027-12-17,455,put,48.065,0.198017,0.011048
775.0,2027-12-17,455,put,49.995,0.197338,0.01752
780.0,2027-12-17,455,put,51.9,0.196427,0.023951
785.0,2027-12-17,455,put,53.935,0.19576,0.030341
790.0,2027-12-17,455,put,56.045,0.195165,0.03669
795.0,2027-12-17,455,put,58.285,0.194805,0.042999
800.0,2027-12-17,455,put,60.625,0.194586,0.049269
805.0,2027-12-17,455,put,63.05,0.194462,0.0555
810.0,2027-12-17,455,put,65.595,0.194536,0.061692
815.0,2027-12-17,455,put,68.3,0.194927,0.067845
820.0,2027-12-17,455,put,71.085,0.195397,0.073962
825.0,2027-12-17,455,put,74.02,0.196156,0.080041
830.0,2027-12-17,455,put,76.99,0.196867,0.086083
835.0,2027-12-17,455,put,80.11,0.197872,0.092089
840.0,2027-12-17,455,put,83.565,0.199721,0.098059
845.0,2027-12-17,455,put,87.08,0.20161,0.103994
850.0,2027-12-17,455,put,90.915,0.204314,0.109894
855.0,2027-12-17,455,put,94.88,0.20728,0.115759
860.0,2027-12-17,455,put,99.01,0.210619,0.12159
865.0,2027-12-17,455,put,103.505,0.214937,0.127387
470.0,2028-01-21,490,call,324.71,0.26655,-0.48261
490.0,2028-01-21,490,call,306.765,0.261219,-0.440937
505.0,2028-01-21,490,call,293.605,0.259761,-0.410784
510.0,2028-01-21,490,call,289.14,0.257887,-0.400932
525.0,2028-01-21,490,call,270.69,0.134267,-0.371944
530.0,2028-01-21,490,call,266.485,0.166624,-0.362466
535.0,2028-01-21,490,call,262.055,0.172282,-0.353076
540.0,2028-01-21,490,call,257.65,0.176689,-0.343774
545.0,2028-01-21,490,call,253.21,0.178921,-0.334557
550.0,2028-01-21,490,call,249.05,0.185788,-0.325424
555.0,2028-01-21,490,call,244.635,0.186624,-0.316375
560.0,2028-01-21,490,call,240.485,0.190974,-0.307406
565.0,2028-01-21,490,call,236.06,0.19062,-0.298517
570.0,2028-01-21,490,call,231.67,0.190468,-0.289706
575.0,2028-01-21,490,call,227.59,0.193647,-0.280973
580.0,2028-01-21,490,call,223.17,0.192485,-0.272315
585.0,2028-01-21,490,call,219.05,0.194207,-0.263731
590.0,2028-01-21,490,call,215.18,0.197733,-0.25522
595.0,2028-01-21,490,call,211.095,0.198725,-0.246781
600.0,2028-01-21,490,call,207.12,0.200235,-0.238413
605.0,2028-01-21,490,call,202.695,0.197927,-0.230114
610.0,2028-01-21,490,call,198.095,0.194243,-0.221884
615.0,2028-01-21,490,call,194.055,0.194628,-0.21372
620.0,2028-01-21,490,call,190.02,0.19477,-0.205623
625.0,2028-01-21,490,call,185.725,0.192962,-0.197591
630.0,2028-01-21,490,call,181.66,0.192511,-0.189623
635.0,2028-01-21,490,call,177.62,0.192016,-0.181718
640.0,2028-01-21,490,call,173.64,0.191678,-0.173874
645.0,2028-01-21,490,call,174.595,0.216977,-0.166092
650.0,2028-01-21,490,call,165.63,0.190144,-0.15837
655.0,2028-01-21,490,call,161.675,0.189387,-0.150707
660.0,2028-01-21,490,call,157.695,0.188337,-0.143103
665.0,2028-01-21,490,call,153.74,0.187259,-0.135556
670.0,2028-01-21,490,call,150.015,0.187123,-0.128065
675.0,2028-01-21,490,call,146.1,0.185911,-0.12063
680.0,2028-01-21,490,call,142.21,0.18467,-0.11325
685.0,2028-01-21,490,call,138.265,0.183051,-0.105924
690.0,2028-01-21,490,call,134.645,0.182686,-0.098651
695.0,2028-01-21,490,call,131.035,0.182175,-0.091431
700.0,2028-01-21,490,call,126.19,0.17652,-0.084262
705.0,2028-01-21,490,call,123.585,0.179733,-0.077145
710.0,2028-01-21,490,call,119.735,0.177823,-0.070078
715.0,2028-01-21,490,call,116.16,0.176826,-0.06306
720.0,2028-01-21,490,call,112.645,0.175894,-0.056091
725.0,2028-01-21,490,call,109.105,0.174714,-0.049171
730.0,2028-01-21,490,call,105.595,0.173492,-0.042298
735.0,2028-01-21,490,call,102.105,0.17219,-0.035472
740.0,2028-01-21,490,call,98.65,0.170861,-0.028692
745.0,2028-01-21,490,call,95.175,0.169321,-0.021958
750.0,2028-01-21,490,call,92.0,0.168615,-0.015269
755.0,2028-01-21,490,call,88.59,0.166989,-0.008625
760.0,2028-01-21,490,call,85.185,0.165237,-0.002024
765.0,2028-01-21,490,call,82.02,0.16409,0.004533
770.0,2028-01-21,490,call,78.745,0.162448,0.011048
775.0,2028-01-21,490,call,75.68,0.161293,0.01752
780.0,2028-01-21,490,call,72.555,0.159796,0.023951
785.0,2028-01-21,490,call,69.535,0.158453,0.030341
790.0,2028-01-21,490,call,66.645,0.15733,0.03669
795.0,2028-01-21,490,call,63.72,0.155937,0.042999
800.0,2028-01-21,490,call,60.88,0.154624,0.049269
805.0,2028-01-21,490,call,58.12,0.15337,0.0555
810.0,2028-01-21,490,call,55.41,0.152087,0.061692
815.0,2028-01-21,490,call,52.745,0.150757,0.067845
820.0,2028-01-21,490,call,50.165,0.149491,0.073962
825.0,2028-01-21,490,call,47.645,0.148214,0.080041
830.0,2028-01-21,490,call,45.24,0.147081,0.086083
835.0,2028-01-21,490,call,42.875,0.145875,0.092089
840.0,2028-01-21,490,call,40.605,0.144752,0.098059
845.0,2028-01-21,490,call,38.38,0.143566,0.103994
850.0,2028-01-21,490,call,36.27,0.142516,0.109894
855.0,2028-01-21,490,call,34.245,0.141518,0.115759
860.0,2028-01-21,490,call,32.28,0.140499,0.12159
865.0,2028-01-21,490,call,30.405,0.139546,0.127387
870.0,2028-01-21,490,call,28.605,0.138616,0.133151
875.0,2028-01-21,490,call,26.89,0.137741,0.138881
880.0,2028-01-21,490,call,25.245,0.136879,0.144579
885.0,2028-01-21,490,call,23.7,0.136126,0.150245
890.0,2028-01-21,490,call,22.195,0.135296,0.155879
895.0,2028-01-21,490,call,20.795,0.134601,0.161481
900.0,2028-01-21,490,call,19.475,0.133968,0.167052
905.0,2028-01-21,490,call,18.215,0.133337,0.172592
910.0,2028-01-21,490,call,17.035,0.132782,0.178102
915.0,2028-01-21,490,call,15.965,0.132419,0.183581
920.0,2028-01-21,490,call,14.905,0.131903,0.189031
925.0,2028-01-21,490,call,13.92,0.13147,0.194451
930.0,2028-01-21,490,call,12.985,0.131037,0.199842
935.0,2028-01-21,490,call,12.11,0.130651,0.205204
940.0,2028-01-21,490,call,11.29,0.1303,0.210537
945.0,2028-01-21,490,call,10.53,0.130017,0.215842
950.0,2028-01-21,490,call,9.8,0.129682,0.221119
955.0,2028-01-21,490,call,9.135,0.129459,0.226369
960.0,2028-01-21,490,call,8.5,0.1292,0.231591
965.0,2028-01-21,490,call,7.905,0.128958,0.236785
970.0,2028-01-21,490,call,7.35,0.128743,0.241953
975.0,2028-01-21,490,call,6.845,0.12862,0.247095
980.0,2028-01-21,490,call,6.37,0.128497,0.25221
985.0,2028-01-21,490,call,5.92,0.128354,0.257299
990.0,2028-01-21,490,call,5.51,0.128286,0.262362
995.0,2028-01-21,490,call,5.155,0.128409,0.2674
1000.0,2028-01-21,490,call,4.795,0.128356,0.272413
1005.0,2028-01-21,490,call,4.465,0.128356,0.2774
1010.0,2028-01-21,490,call,4.14,0.128243,0.282363
1015.0,2028-01-21,490,call,3.865,0.128351,0.287301
1020.0,2028-01-21,490,call,3.595,0.128362,0.292215
1025.0,2028-01-21,490,call,3.35,0.128438,0.297105
1030.0,2028-01-21,490,call,3.105,0.128376,0.301971
1035.0,2028-01-21,490,call,2.905,0.128581,0.306814
1040.0,2028-01-21,490,call,2.705,0.128664,0.311633
1045.0,2028-01-21,490,call,2.53,0.128869,0.316429
1050.0,2028-01-21,490,call,2.355,0.128957,0.321203
1055.0,2028-01-21,490,call,2.21,0.129251,0.325953
1060.0,2028-01-21,490,call,2.065,0.12944,0.330682
1065.0,2028-01-21,490,call,1.925,0.129576,0.335387
1070.0,2028-01-21,490,call,1.805,0.129852,0.340071
1075.0,2028-01-21,490,call,1.675,0.129889,0.344733
1080.0,2028-01-21,490,call,1.57,0.130159,0.349374
1085.0,2028-01-21,490,call,1.48,0.130552,0.353993
1090.0,2028-01-21,490,call,1.39,0.13086,0.35859
1095.0,2028-01-21,490,call,1.3,0.131076,0.363167
1100.0,2028-01-21,490,call,1.225,0.13145,0.367723
1105.0,2028-01-21,490,call,1.16,0.131921,0.372258
1110.0,2028-01-21,490,call,1.095,0.13232,0.376773
1115.0,2028-01-21,490,call,1.035,0.13274,0.381267
1120.0,2028-01-21,490,call,0.96,0.132777,0.385741
1125.0,2028-01-21,490,call,0.93,0.133676,0.390196
1130.0,2028-01-21,490,call,0.88,0.134099,0.39463
1135.0,2028-01-21,490,call,0.84,0.134685,0.399045
1140.0,2028-01-21,490,call,0.795,0.135098,0.403441
1150.0,2028-01-21,490,call,0.725,0.136245,0.412175
1160.0,2028-01-21,490,call,0.665,0.137464,0.420833
1170.0,2028-01-21,490,call,0.61,0.138649,0.429416
1180.0,2028-01-21,490,call,0.565,0.139975,0.437927
1190.0,2028-01-21,490,call,0.605,0.143946,0.446366
1200.0,2028-01-21,490,call,0.49,0.142711,0.454734
1210.0,2028-01-21,490,call,0.455,0.143972,0.463033
1220.0,2028-01-21,490,call,0.6,0.151726,0.471263
1230.0,2028-01-21,490,call,0.45,0.14884,0.479427
1240.0,2028-01-21,490,call,0.44,0.150918,0.487524
1250.0,2028-01-21,490,call,0.36,0.149769,0.495556
1260.0,2028-01-21,490,call,0.335,0.150901,0.503524
1270.0,2028-01-21,490,call,0.32,0.152455,0.51143
1280.0,2028-01-21,490,call,0.3,0.153654,0.519273
1290.0,2028-01-21,490,call,0.285,0.155052,0.527055
1300.0,2028-01-21,490,call,0.27,0.156372,0.534777
1310.0,2028-01-21,490,call,0.255,0.157612,0.54244
1320.0,2028-01-21,490,call,0.24,0.158766,0.550044
1330.0,2028-01-21,490,call,0.23,0.160198,0.557592
1340.0,2028-01-21,490,call,0.21,0.160793,0.565082
1350.0,2028-01-21,490,call,0.23,0.16443,0.572517
1360.0,2028-01-21,490,call,0.21,0.164955,0.579897
1380.0,2028-01-21,490,call,0.175,0.165963,0.594496
1390.0,2028-01-21,490,call,0.17,0.167469,0.601716
1400.0,2028-01-21,490,call,0.16,0.168431,0.608885
1410.0,2028-01-21,490,call,0.145,0.168758,0.616002
1420.0,2028-01-21,490,call,0.14,0.170095,0.623069
1430.0,2028-01-21,490,call,0.135,0.171391,0.630087
1440.0,2028-01-21,490,call,0.13,0.172643,0.637056
1450.0,2028-01-21,490,call,0.12,0.173195,0.643976
1460.0,2028-01-21,490,call,0.115,0.174331,0.650849
1470.0,2028-01-21,490,call,0.11,0.175417,0.657675
1480.0,2028-01-21,490,call,0.105,0.176452,0.664455
55.0,2028-01-21,490,put,0.05,0.760865,-2.628009
60.0,2028-01-21,490,put,0.065,0.752093,-2.540998
75.0,2028-01-21,490,put,0.065,0.685615,-2.317855
80.0,2028-01-21,490,put,0.195,0.739391,-2.253316
85.0,2028-01-21,490,put,0.09,0.667775,-2.192691
90.0,2028-01-21,490,put,0.1,0.656821,-2.135533
95.0,2028-01-21,490,put,0.115,0.648776,-2.081466
100.0,2028-01-21,490,put,0.14,0.645016,-2.030172
105.0,2028-01-21,490,put,0.26,0.670673,-1.981382
110.0,2028-01-21,490,put,0.16,0.623394,-1.934862
125.0,2028-01-21,490,put,0.4,0.642894,-1.807029
130.0,2028-01-21,490,put,0.24,0.595104,-1.767808
135.0,2028-01-21,490,put,0.26,0.587806,-1.730068
140.0,2028-01-21,490,put,0.29,0.582716,-1.6937
145.0,2028-01-21,490,put,0.315,0.576317,-1.658609
150.0,2028-01-21,490,put,0.345,0.570775,-1.624707
155.0,2028-01-21,490,put,0.375,0.565065,-1.591918
160.0,2028-01-21,490,put,0.405,0.559238,-1.560169
165.0,2028-01-21,490,put,0.44,0.554067,-1.529397
170.0,2028-01-21,490,put,0.475,0.548751,-1.499544
175.0,2028-01-21,490,put,0.51,0.543328,-1.470557
180.0,2028-01-21,490,put,0.545,0.537831,-1.442386
190.0,2028-01-21,490,put,0.625,0.52776,-1.388319
195.0,2028-01-21,490,put,0.665,0.522606,-1.362343
200.0,2028-01-21,490,put,0.705,0.517401,-1.337025
210.0,2028-01-21,490,put,1.28,0.541776,-1.288235
215.0,2028-01-21,490,put,0.835,0.50243,-1.264705
220.0,2028-01-21,490,put,0.885,0.497876,-1.241715
225.0,2028-01-21,490,put,0.93,0.492903,-1.219242
230.0,2028-01-21,490,put,1.165,0.500055,-1.197263
235.0,2028-01-21,490,put,1.03,0.48357,-1.175757
240.0,2028-01-21,490,put,1.08,0.478858,-1.154704
245.0,2028-01-21,490,put,1.13,0.474128,-1.134084
250.0,2028-01-21,490,put,1.18,0.469387,-1.113882
255.0,2028-01-21,490,put,1.465,0.476595,-1.094079
260.0,2028-01-21,490,put,1.29,0.460412,-1.074661
265.0,2028-01-21,490,put,1.35,0.456145,-1.055613
270.0,2028-01-21,490,put,1.41,0.451848,-1.036921
275.0,2028-01-21,490,put,1.47,0.447529,-1.018572
280.0,2028-01-21,490,put,1.535,0.44341,-1.000553
285.0,2028-01-21,490,put,1.6,0.439262,-0.982853
290.0,2028-01-21,490,put,1.67,0.435292,-0.965462
295.0,2028-01-21,490,put,1.725,0.430712,-0.948367
300.0,2028-01-21,490,put,1.805,0.427075,-0.93156
305.0,2028-01-21,490,put,1.88,0.423209,-0.915031
310.0,2028-01-21,490,put,1.95,0.419142,-0.89877
315.0,2028-01-21,490,put,2.015,0.414896,-0.88277
320.0,2028-01-21,490,put,2.105,0.41145,-0.867022
325.0,2028-01-21,490,put,2.185,0.407646,-0.851517
330.0,2028-01-21,490,put,2.27,0.403966,-0.83625
335.0,2028-01-21,490,put,2.35,0.400113,-0.821212
340.0,2028-01-21,490,put,2.44,0.396521,-0.806397
345.0,2028-01-21,490,put,2.525,0.392765,-0.791798
350.0,2028-01-21,490,put,2.625,0.389376,-0.77741
355.0,2028-01-21,490,put,2.71,0.385574,-0.763225
360.0,2028-01-21,490,put,2.81,0.382122,-0.749239
365.0,2028-01-21,490,put,4.095,0.403411,-0.735445
370.0,2028-01-21,490,put,3.005,0.375012,-0.72184
375.0,2028-01-21,490,put,3.125,0.371912,-0.708417
380.0,2028-01-21,490,put,3.23,0.368447,-0.695171
385.0,2028-01-21,490,put,3.35,0.365262,-0.682099
390.0,2028-01-21,490,put,3.46,0.361841,-0.669196
395.0,2028-01-21,490,put,3.575,0.358489,-0.656457
400.0,2028-01-21,490,put,3.7,0.355294,-0.643878
405.0,2028-01-21,490,put,3.82,0.351975,-0.631456
410.0,2028-01-21,490,put,3.945,0.348714,-0.619186
415.0,2028-01-21,490,put,6.54,0.381629,-0.607064
420.0,2028-01-21,490,put,4.235,0.342758,-0.595088
425.0,2028-01-21,490,put,4.36,0.339399,-0.583254
430.0,2028-01-21,490,put,4.525,0.33663,-0.571557
435.0,2028-01-21,490,put,4.685,0.333732,-0.559997
440.0,2028-01-21,490,put,4.82,0.33043,-0.548568
445.0,2028-01-21,490,put,5.005,0.327802,-0.537268
450.0,2028-01-21,490,put,5.16,0.324709,-0.526095
455.0,2028-01-21,490,put,5.335,0.321846,-0.515045
460.0,2028-01-21,490,put,5.52,0.319066,-0.504116
465.0,2028-01-21,490,put,5.705,0.316237,-0.493305
470.0,2028-01-21,490,put,5.915,0.313662,-0.48261
475.0,2028-01-21,490,put,6.105,0.310796,-0.472028
480.0,2028-01-21,490,put,6.325,0.308226,-0.461557
485.0,2028-01-21,490,put,6.55,0.305653,-0.451194
490.0,2028-01-21,490,put,6.77,0.302969,-0.440937
495.0,2028-01-21,490,put,7.0,0.300338,-0.430785
500.0,2028-01-21,490,put,7.26,0.297954,-0.420735
505.0,2028-01-21,490,put,7.525,0.295552,-0.410784
510.0,2028-01-21,490,put,7.78,0.292991,-0.400932
515.0,2028-01-21,490,put,8.045,0.290466,-0.391176
520.0,2028-01-21,490,put,8.31,0.287884,-0.381514
525.0,2028-01-21,490,put,8.605,0.285507,-0.371944
530.0,2028-01-21,490,put,8.93,0.283318,-0.362466
535.0,2028-01-21,490,put,9.225,0.280809,-0.353076
540.0,2028-01-21,490,put,9.58,0.278719,-0.343774
545.0,2028-01-21,490,put,9.92,0.276434,-0.334557
550.0,2028-01-21,490,put,10.285,0.274268,-0.325424
555.0,2028-01-21,490,put,10.625,0.271844,-0.316375
560.0,2028-01-21,490,put,11.015,0.269714,-0.307406
565.0,2028-01-21,490,put,11.425,0.267645,-0.298517
570.0,2028-01-21,490,put,11.825,0.265429,-0.289706
575.0,2028-01-21,490,put,12.26,0.26337,-0.280973
580.0,2028-01-21,490,put,12.68,0.261135,-0.272315
585.0,2028-01-21,490,put,13.145,0.259109,-0.263731
590.0,2028-01-21,490,put,13.62,0.257061,-0.25522
595.0,2028-01-21,490,put,14.12,0.255079,-0.246781
600.0,2028-01-21,490,put,14.635,0.253099,-0.238413
605.0,2028-01-21,490,put,15.16,0.25109,-0.230114
610.0,2028-01-21,490,put,15.715,0.249161,-0.221884
615.0,2028-01-21,490,put,16.29,0.247252,-0.21372
620.0,2028-01-21,490,put,16.87,0.245279,-0.205623
625.0,2028-01-21,490,put,17.535,0.243653,-0.197591
630.0,2028-01-21,490,put,18.145,0.241651,-0.189623
635.0,2028-01-21,490,put,18.8,0.239781,-0.181718
640.0,2028-01-21,490,put,19.47,0.23789,-0.173874
645.0,2028-01-21,490,put,20.19,0.236139,-0.166092
650.0,2028-01-21,490,put,20.93,0.23438,-0.15837
655.0,2028-01-21,490,put,21.72,0.232744,-0.150707
660.0,2028-01-21,490,put,22.495,0.230939,-0.143103
665.0,2028-01-21,490,put,23.315,0.229228,-0.135556
670.0,2028-01-21,490,put,24.165,0.227539,-0.128065
675.0,2028-01-21,490,put,25.05,0.22589,-0.12063
680.0,2028-01-21,490,put,25.965,0.224254,-0.11325
685.0,2028-01-21,490,put,26.93,0.222707,-0.105924
690.0,2028-01-21,490,put,27.885,0.221012,-0.098651
695.0,2028-01-21,490,put,28.93,0.219549,-0.091431
700.0,2028-01-21,490,put,29.96,0.217916,-0.084262
705.0,2028-01-21,490,put,31.05,0.216391,-0.077145
710.0,2028-01-21,490,put,32.205,0.214984,-0.070078
715.0,2028-01-21,490,put,33.355,0.213441,-0.06306
720.0,2028-01-21,490,put,34.6,0.212111,-0.056091
725.0,2028-01-21,490,put,35.835,0.210624,-0.049171
730.0,2028-01-21,490,put,37.175,0.20937,-0.042298
735.0,2028-01-21,490,put,38.51,0.207974,-0.035472
740.0,2028-01-21,490,put,39.895,0.206618,-0.028692
745.0,2028-01-21,490,put,41.37,0.205427,-0.021958
750.0,2028-01-21,490,put,42.885,0.204233,-0.015269
755.0,2028-01-21,490,put,44.505,0.203237,-0.008625
760.0,2028-01-21,490,put,46.15,0.202184,-0.002024
765.0,2028-01-21,490,put,47.875,0.201241,0.004533
770.0,2028-01-21,490,put,49.675,0.200389,0.011048
775.0,2028-01-21,490,put,51.5,0.199474,0.01752
780.0,2028-01-21,490,put,53.43,0.198733,0.023951
785.0,2028-01-21,490,put,55.475,0.198191,0.030341
790.0,2028-01-21,490,put,57.625,0.197813,0.03669
795.0,2028-01-21,490,put,59.745,0.197203,0.042999
800.0,2028-01-21,490,put,62.09,0.197104,0.049269
805.0,2028-01-21,490,put,64.435,0.196858,0.0555
810.0,2028-01-21,490,put,66.955,0.196971,0.061692
815.0,2028-01-21,490,put,69.64,0.197411,0.067845
820.0,2028-01-21,490,put,72.325,0.197708,0.073962
825.0,2028-01-21,490,put,75.245,0.198531,0.080041
830.0,2028-01-21,490,put,78.23,0.199399,0.086083
835.0,2028-01-21,490,put,81.36,0.200543,0.092089
840.0,2028-01-21,490,put,84.58,0.201808,0.098059
845.0,2028-01-21,490,put,88.06,0.203682,0.103994
850.0,2028-01-21,490,put,91.875,0.206385,0.109894
855.0,2028-01-21,490,put,95.54,0.208543,0.115759
860.0,2028-01-21,490,put,99.555,0.211585,0.12159
865.0,2028-01-21,490,put,103.9,0.215466,0.127387
435.0,2028-06-16,637,call,364.535,0.248662,-0.559997
460.0,2028-06-16,637,call,342.59,0.248378,-0.504116
480.0,2028-06-16,637,call,325.37,0.248992,-0.461557
515.0,2028-06-16,637,call,290.31,0.168083,-0.391176
520.0,2028-06-16,637,call,290.985,0.241593,-0.381514
525.0,2028-06-16,637,call,282.525,0.191893,-0.371944
530.0,2028-06-16,637,call,282.525,0.239736,-0.362466
535.0,2028-06-16,637,call,273.625,0.189119,-0.353076
540.0,2028-06-16,637,call,270.03,0.19869,-0.343774
545.0,2028-06-16,637,call,265.14,0.191366,-0.334557
550.0,2028-06-16,637,call,261.11,0.194347,-0.325424
555.0,2028-06-16,637,call,256.765,0.193362,-0.316375
560.0,2028-06-16,637,call,252.72,0.195262,-0.307406
565.0,2028-06-16,637,call,248.64,0.196381,-0.298517
570.0,2028-06-16,637,call,244.6,0.197503,-0.289706
575.0,2028-06-16,637,call,240.265,0.195867,-0.280973
580.0,2028-06-16,637,call,236.57,0.199173,-0.272315
585.0,2028-06-16,637,call,232.515,0.199292,-0.263731
590.0,2028-06-16,637,call,228.42,0.198921,-0.25522
595.0,2028-06-16,637,call,224.46,0.199283,-0.246781
600.0,2028-06-16,637,call,220.38,0.198656,-0.238413
605.0,2028-06-16,637,call,216.43,0.198683,-0.230114
610.0,2028-06-16,637,call,212.42,0.198165,-0.221884
615.0,2028-06-16,637,call,208.435,0.197642,-0.21372
620.0,2028-06-16,637,call,204.52,0.197355,-0.205623
625.0,2028-06-16,637,call,200.585,0.196802,-0.197591
630.0,2028-06-16,637,call,196.615,0.195928,-0.189623
635.0,2028-06-16,637,call,192.7,0.195206,-0.181718
640.0,2028-06-16,637,call,188.89,0.194859,-0.173874
645.0,2028-06-16,637,call,184.455,0.191439,-0.166092
650.0,2028-06-16,637,call,180.295,0.189285,-0.15837
655.0,2028-06-16,637,call,176.78,0.189956,-0.150707
660.0,2028-06-16,637,call,172.975,0.189167,-0.143103
665.0,2028-06-16,637,call,169.24,0.188548,-0.135556
670.0,2028-06-16,637,call,165.435,0.187512,-0.128065
675.0,2028-06-16,637,call,161.76,0.186883,-0.12063
680.0,2028-06-16,637,call,157.915,0.185465,-0.11325
685.0,2028-06-16,637,call,154.295,0.184808,-0.105924
690.0,2028-06-16,637,call,150.495,0.183358,-0.098651
695.0,2028-06-16,637,call,147.005,0.182936,-0.091431
700.0,2028-06-16,637,call,143.43,0.182077,-0.084262
705.0,2028-06-16,637,call,139.795,0.180894,-0.077145
710.0,2028-06-16,637,call,136.165,0.179623,-0.070078
715.0,2028-06-16,637,call,132.775,0.179047,-0.06306
720.0,2028-06-16,637,call,129.755,0.179541,-0.056091
725.0,2028-06-16,637,call,125.81,0.176925,-0.049171
730.0,2028-06-16,637,call,122.385,0.175879,-0.042298
735.0,2028-06-16,637,call,118.87,0.174446,-0.035472
740.0,2028-06-16,637,call,115.6,0.173654,-0.028692
745.0,2028-06-16,637,call,112.785,0.174092,-0.021958
750.0,2028-06-16,637,call,108.925,0.171318,-0.015269
755.0,2028-06-16,637,call,106.4,0.172325,-0.008625
760.0,2028-06-16,637,call,102.455,0.169131,-0.002024
765.0,2028-06-16,637,call,99.795,0.169479,0.004533
770.0,2028-06-16,637,call,96.765,0.168654,0.011048
775.0,2028-06-16,637,call,93.69,0.167585,0.01752
780.0,2028-06-16,637,call,90.39,0.165794,0.023951
785.0,2028-06-16,637,call,87.395,0.164717,0.030341
790.0,2028-06-16,637,call,84.645,0.16417,0.03669
795.0,2028-06-16,637,call,81.885,0.163469,0.042999
800.0,2028-06-16,637,call,78.965,0.162228,0.049269
805.0,2028-06-16,637,call,76.18,0.161218,0.0555
810.0,2028-06-16,637,call,73.385,0.160061,0.061692
815.0,2028-06-16,637,call,70.62,0.15886,0.067845
820.0,2028-06-16,637,call,67.975,0.157841,0.073962
825.0,2028-06-16,637,call,65.315,0.15666,0.080041
830.0,2028-06-16,637,call,62.76,0.155617,0.086083
835.0,2028-06-16,637,call,60.215,0.154474,0.092089
840.0,2028-06-16,637,call,57.775,0.153464,0.098059
845.0,2028-06-16,637,call,55.365,0.152401,0.103994
850.0,2028-06-16,637,call,53.01,0.151343,0.109894
855.0,2028-06-16,637,call,50.7,0.150266,0.115759
860.0,2028-06-16,637,call,48.46,0.149231,0.12159
865.0,2028-06-16,637,call,46.29,0.148236,0.127387
870.0,2028-06-16,637,call,44.21,0.147331,0.133151
875.0,2028-06-16,637,call,42.15,0.14634,0.138881
880.0,2028-06-16,637,call,40.185,0.145451,0.144579
885.0,2028-06-16,637,call,38.26,0.144526,0.150245
890.0,2028-06-16,637,call,36.4,0.143627,0.155879
895.0,2028-06-16,637,call,34.64,0.142847,0.161481
900.0,2028-06-16,637,call,32.93,0.142057,0.167052
905.0,2028-06-16,637,call,31.255,0.141219,0.172592
910.0,2028-06-16,637,call,29.685,0.140518,0.178102
915.0,2028-06-16,637,call,28.16,0.139798,0.183581
920.0,2028-06-16,637,call,26.7,0.139115,0.189031
925.0,2028-06-16,637,call,25.3,0.138457,0.194451
930.0,2028-06-16,637,call,23.96,0.137828,0.199842
935.0,2028-06-16,637,call,22.675,0.137215,0.205204
940.0,2028-06-16,637,call,21.47,0.136696,0.210537
945.0,2028-06-16,637,call,20.33,0.136234,0.215842
950.0,2028-06-16,637,call,19.215,0.135711,0.221119
955.0,2028-06-16,637,call,18.17,0.135268,0.226369
960.0,2028-06-16,637,call,17.18,0.134865,0.231591
965.0,2028-06-16,637,call,16.22,0.134424,0.236785
970.0,2028-06-16,637,call,15.335,0.1341,0.241953
975.0,2028-06-16,637,call,14.48,0.133748,0.247095
980.0,2028-06-16,637,call,13.675,0.133441,0.25221
985.0,2028-06-16,637,call,12.92,0.133186,0.257299
990.0,2028-06-16,637,call,12.195,0.132916,0.262362
995.0,2028-06-16,637,call,11.505,0.132654,0.2674
1000.0,2028-06-16,637,call,10.85,0.132404,0.272413
1005.0,2028-06-16,637,call,10.245,0.132234,0.2774
1010.0,2028-06-16,637,call,9.665,0.132049,0.282363
1015.0,2028-06-16,637,call,9.12,0.131895,0.287301
1020.0,2028-06-16,637,call,8.6,0.131736,0.292215
1025.0,2028-06-16,637,call,8.12,0.131645,0.297105
1030.0,2028-06-16,637,call,7.655,0.131513,0.301971
1035.0,2028-06-16,637,call,7.225,0.131441,0.306814
1040.0,2028-06-16,637,call,6.81,0.131336,0.311633
1045.0,2028-06-16,637,call,6.43,0.131306,0.316429
1050.0,2028-06-16,637,call,6.065,0.131253,0.321203
1055.0,2028-06-16,637,call,6.78,0.13704,0.325953
1060.0,2028-06-16,637,call,5.405,0.131237,0.330682
1065.0,2028-06-16,637,call,5.105,0.131259,0.335387
1070.0,2028-06-16,637,call,4.81,0.131215,0.340071
1075.0,2028-06-16,637,call,4.56,0.131366,0.344733
1080.0,2028-06-16,637,call,4.78,0.134569,0.349374
1085.0,2028-06-16,637,call,4.06,0.131404,0.353993
1090.0,2028-06-16,637,call,3.845,0.131538,0.35859
1100.0,2028-06-16,637,call,3.43,0.131665,0.367723
1105.0,2028-06-16,637,call,3.245,0.131781,0.372258
1110.0,2028-06-16,637,call,3.075,0.131942,0.376773
1115.0,2028-06-16,637,call,3.88,0.140053,0.381267
1120.0,2028-06-16,637,call,2.78,0.132441,0.385741
1125.0,2028-06-16,637,call,2.64,0.132656,0.390196
1130.0,2028-06-16,637,call,2.49,0.132701,0.39463
1135.0,2028-06-16,637,call,2.375,0.133024,0.399045
1140.0,2028-06-16,637,call,2.255,0.133233,0.403441
1150.0,2028-06-16,637,call,2.045,0.133788,0.412175
1160.0,2028-06-16,637,call,1.855,0.134336,0.420833
1170.0,2028-06-16,637,call,1.69,0.134969,0.429416
1180.0,2028-06-16,637,call,1.545,0.135663,0.437927
1190.0,2028-06-16,637,call,1.41,0.1363,0.446366
1200.0,2028-06-16,637,call,1.29,0.136974,0.454734
1210.0,2028-06-16,637,call,1.185,0.137713,0.463033
1220.0,2028-06-16,637,call,1.09,0.13846,0.471263
1230.0,2028-06-16,637,call,1.015,0.139432,0.479427
1240.0,2028-06-16,637,call,0.94,0.140269,0.487524
1250.0,2028-06-16,637,call,0.875,0.141183,0.495556
1260.0,2028-06-16,637,call,0.825,0.142322,0.503524
1270.0,2028-06-16,637,call,0.775,0.14336,0.51143
1280.0,2028-06-16,637,call,0.725,0.144293,0.519273
1290.0,2028-06-16,637,call,0.685,0.14539,0.527055
1300.0,2028-06-16,637,call,0.65,0.146542,0.534777
1310.0,2028-06-16,637,call,0.615,0.147613,0.54244
1320.0,2028-06-16,637,call,0.585,0.148759,0.550044
1330.0,2028-06-16,637,call,0.555,0.14983,0.557592
1340.0,2028-06-16,637,call,0.53,0.150998,0.565082
1350.0,2028-06-16,637,call,0.505,0.152101,0.572517
1360.0,2028-06-16,637,call,0.48,0.153136,0.579897
1370.0,2028-06-16,637,call,0.46,0.154298,0.587223
1380.0,2028-06-16,637,call,0.44,0.155403,0.594496
1390.0,2028-06-16,637,call,0.42,0.156448,0.601716
1400.0,2028-06-16,637,call,0.405,0.157655,0.608885
1410.0,2028-06-16,637,call,0.385,0.158584,0.616002
1420.0,2028-06-16,637,call,0.415,0.161771,0.623069
1430.0,2028-06-16,637,call,0.355,0.160744,0.630087
1440.0,2028-06-16,637,call,0.345,0.162007,0.637056
1450.0,2028-06-16,637,call,0.325,0.162699,0.643976
1460.0,2028-06-16,637,call,0.315,0.163876,0.650849
1470.0,2028-06-16,637,call,0.305,0.165016,0.657675
1480.0,2028-06-16,637,call,0.29,0.165819,0.664455
50.0,2028-06-16,637,put,0.045,0.691099,-2.72332
70.0,2028-06-16,637,put,0.09,0.642935,-2.386847
75.0,2028-06-16,637,put,0.11,0.636131,-2.317855
80.0,2028-06-16,637,put,0.145,0.635142,-2.253316
90.0,2028-06-16,637,put,0.22,0.628206,-2.135533
95.0,2028-06-16,637,put,0.215,0.611085,-2.081466
100.0,2028-06-16,637,put,0.195,0.590369,-2.030172
105.0,2028-06-16,637,put,0.275,0.597688,-1.981382
115.0,2028-06-16,637,put,0.27,0.569901,-1.890411
120.0,2028-06-16,637,put,0.425,0.586434,-1.847851
125.0,2028-06-16,637,put,0.335,0.558662,-1.807029
130.0,2028-06-16,637,put,0.37,0.553156,-1.767808
135.0,2028-06-16,637,put,0.61,0.574825,-1.730068
140.0,2028-06-16,637,put,0.44,0.541669,-1.6937
145.0,2028-06-16,637,put,0.48,0.536458,-1.658609
150.0,2028-06-16,637,put,0.525,0.531725,-1.624707
155.0,2028-06-16,637,put,0.565,0.526251,-1.591918
160.0,2028-06-16,637,put,0.61,0.521255,-1.560169
165.0,2028-06-16,637,put,0.66,0.516656,-1.529397
170.0,2028-06-16,637,put,0.705,0.51147,-1.499544
175.0,2028-06-16,637,put,0.755,0.506679,-1.470557
180.0,2028-06-16,637,put,0.805,0.501817,-1.442386
185.0,2028-06-16,637,put,0.855,0.496907,-1.414987
190.0,2028-06-16,637,put,0.91,0.492326,-1.388319
195.0,2028-06-16,637,put,0.965,0.487689,-1.362343
200.0,2028-06-16,637,put,1.02,0.483012,-1.337025
205.0,2028-06-16,637,put,1.075,0.47831,-1.312333
210.0,2028-06-16,637,put,2.53,0.535187,-1.288235
215.0,2028-06-16,637,put,1.195,0.469422,-1.264705
220.0,2028-06-16,637,put,1.27,0.465726,-1.241715
225.0,2028-06-16,637,put,1.315,0.46044,-1.219242
230.0,2028-06-16,637,put,1.97,0.481359,-1.197263
235.0,2028-06-16,637,put,1.45,0.452118,-1.175757
240.0,2028-06-16,637,put,1.515,0.447808,-1.154704
245.0,2028-06-16,637,put,1.585,0.443701,-1.134084
250.0,2028-06-16,637,put,1.655,0.439574,-1.113882
255.0,2028-06-16,637,put,1.73,0.435628,-1.094079
260.0,2028-06-16,637,put,1.805,0.431659,-1.074661
265.0,2028-06-16,637,put,1.885,0.42785,-1.055613
270.0,2028-06-16,637,put,1.965,0.424015,-1.036921
275.0,2028-06-16,637,put,2.045,0.420161,-1.018572
280.0,2028-06-16,637,put,2.125,0.416292,-1.000553
285.0,2028-06-16,637,put,2.215,0.412716,-0.982853
290.0,2028-06-16,637,put,2.3,0.408966,-0.965462
295.0,2028-06-16,637,put,2.39,0.405343,-0.948367
300.0,2028-06-16,637,put,2.485,0.401836,-0.93156
305.0,2028-06-16,637,put,2.575,0.398174,-0.915031
310.0,2028-06-16,637,put,2.675,0.394753,-0.89877
315.0,2028-06-16,637,put,2.775,0.391307,-0.88277
320.0,2028-06-16,637,put,3.355,0.398613,-0.867022
325.0,2028-06-16,637,put,2.985,0.384582,-0.851517
330.0,2028-06-16,637,put,3.095,0.381295,-0.83625
335.0,2028-06-16,637,put,3.205,0.377982,-0.821212
340.0,2028-06-16,637,put,3.32,0.374751,-0.806397
345.0,2028-06-16,637,put,7.095,0.429771,-0.791798
350.0,2028-06-16,637,put,3.56,0.368408,-0.77741
355.0,2028-06-16,637,put,5.365,0.39321,-0.763225
360.0,2028-06-16,637,put,3.8,0.361969,-0.749239
365.0,2028-06-16,637,put,3.935,0.358981,-0.735445
370.0,2028-06-16,637,put,4.07,0.355963,-0.72184
375.0,2028-06-16,637,put,4.2,0.352834,-0.708417
380.0,2028-06-16,637,put,4.345,0.349923,-0.695171
385.0,2028-06-16,637,put,4.49,0.34698,-0.682099
390.0,2028-06-16,637,put,4.645,0.344158,-0.669196
395.0,2028-06-16,637,put,4.8,0.341302,-0.656457
400.0,2028-06-16,637,put,4.96,0.338484,-0.643878
405.0,2028-06-16,637,put,5.945,0.346416,-0.631456
410.0,2028-06-16,637,put,5.295,0.332953,-0.619186
420.0,2028-06-16,637,put,5.64,0.327418,-0.595088
425.0,2028-06-16,637,put,5.83,0.324815,-0.583254
430.0,2028-06-16,637,put,6.025,0.322232,-0.571557
435.0,2028-06-16,637,put,6.22,0.31961,-0.559997
440.0,2028-06-16,637,put,6.425,0.317062,-0.548568
445.0,2028-06-16,637,put,6.64,0.314582,-0.537268
450.0,2028-06-16,637,put,6.85,0.312007,-0.526095
455.0,2028-06-16,637,put,7.075,0.309547,-0.515045
460.0,2028-06-16,637,put,7.315,0.307194,-0.504116
465.0,2028-06-16,637,put,7.565,0.30489,-0.493305
470.0,2028-06-16,637,put,7.815,0.302537,-0.48261
475.0,2028-06-16,637,put,8.075,0.300228,-0.472028
480.0,2028-06-16,637,put,8.345,0.29796,-0.461557
485.0,2028-06-16,637,put,8.62,0.295686,-0.451194
490.0,2028-06-16,637,put,8.91,0.29349,-0.440937
495.0,2028-06-16,637,put,9.21,0.291322,-0.430785
500.0,2028-06-16,637,put,9.525,0.289221,-0.420735
505.0,2028-06-16,637,put,9.855,0.28718,-0.410784
510.0,2028-06-16,637,put,10.18,0.285042,-0.400932
515.0,2028-06-16,637,put,10.52,0.282961,-0.391176
520.0,2028-06-16,637,put,10.88,0.280968,-0.381514
525.0,2028-06-16,637,put,11.25,0.278984,-0.371944
530.0,2028-06-16,637,put,11.625,0.276974,-0.362466
535.0,2028-06-16,637,put,12.015,0.275005,-0.353076
540.0,2028-06-16,637,put,12.425,0.273105,-0.343774
545.0,2028-06-16,637,put,12.835,0.271142,-0.334557
550.0,2028-06-16,637,put,13.26,0.269212,-0.325424
555.0,2028-06-16,637,put,13.72,0.267429,-0.316375
560.0,2028-06-16,637,put,14.18,0.265579,-0.307406
565.0,2028-06-16,637,put,14.65,0.263722,-0.298517
570.0,2028-06-16,637,put,15.14,0.261912,-0.289706
575.0,2028-06-16,637,put,15.66,0.260199,-0.280973
580.0,2028-06-16,637,put,16.175,0.258389,-0.272315
585.0,2028-06-16,637,put,16.725,0.256694,-0.263731
590.0,2028-06-16,637,put,17.285,0.25498,-0.25522
595.0,2028-06-16,637,put,17.855,0.253246,-0.246781
600.0,2028-06-16,637,put,18.435,0.251491,-0.238413
605.0,2028-06-16,637,put,19.07,0.249928,-0.230114
610.0,2028-06-16,637,put,19.695,0.248243,-0.221884
615.0,2028-06-16,637,put,20.36,0.246668,-0.21372
620.0,2028-06-16,637,put,21.025,0.245019,-0.205623
625.0,2028-06-16,637,put,21.735,0.243491,-0.197591
630.0,2028-06-16,637,put,22.46,0.24195,-0.189623
635.0,2028-06-16,637,put,23.215,0.240457,-0.181718
640.0,2028-06-16,637,put,23.97,0.238885,-0.173874
645.0,2028-06-16,637,put,24.735,0.237278,-0.166092
650.0,2028-06-16,637,put,25.585,0.235929,-0.15837
655.0,2028-06-16,637,put,26.425,0.234457,-0.150707
660.0,2028-06-16,637,put,27.31,0.233074,-0.143103
665.0,2028-06-16,637,put,28.195,0.231609,-0.135556
670.0,2028-06-16,637,put,29.135,0.230263,-0.128065
675.0,2028-06-16,637,put,30.08,0.22885,-0.12063
680.0,2028-06-16,637,put,31.045,0.227426,-0.11325
685.0,2028-06-16,637,put,32.09,0.226193,-0.105924
690.0,2028-06-16,637,put,33.13,0.224855,-0.098651
695.0,2028-06-16,637,put,34.205,0.223548,-0.091431
700.0,2028-06-16,637,put,35.33,0.222319,-0.084262
705.0,2028-06-16,637,put,36.51,0.221176,-0.077145
710.0,2028-06-16,637,put,37.73,0.220069,-0.070078
715.0,2028-06-16,637,put,38.99,0.218993,-0.06306
720.0,2028-06-16,637,put,40.265,0.21787,-0.056091
725.0,2028-06-16,637,put,41.565,0.21673,-0.049171
730.0,2028-06-16,637,put,42.9,0.215603,-0.042298
735.0,2028-06-16,637,put,44.32,0.214634,-0.035472
740.0,2028-06-16,637,put,45.745,0.213582,-0.028692
745.0,2028-06-16,637,put,47.285,0.212766,-0.021958
750.0,2028-06-16,637,put,48.795,0.211766,-0.015269
755.0,2028-06-16,637,put,50.445,0.211061,-0.008625
760.0,2028-06-16,637,put,52.055,0.210144,-0.002024
765.0,2028-06-16,637,put,53.8,0.2095,0.004533
770.0,2028-06-16,637,put,55.54,0.208739,0.011048
775.0,2028-06-16,637,put,57.43,0.208282,0.01752
780.0,2028-06-16,637,put,59.44,0.208039,0.023951
785.0,2028-06-16,637,put,61.295,0.207279,0.030341
790.0,2028-06-16,637,put,63.385,0.207036,0.03669
795.0,2028-06-16,637,put,65.495,0.206738,0.042999
800.0,2028-06-16,637,put,67.685,0.206543,0.049269
805.0,2028-06-16,637,put,69.97,0.206487,0.0555
810.0,2028-06-16,637,put,72.395,0.206683,0.061692
815.0,2028-06-16,637,put,74.885,0.206937,0.067845
820.0,2028-06-16,637,put,77.435,0.207238,0.073962
825.0,2028-06-16,637,put,80.115,0.207761,0.080041
830.0,2028-06-16,637,put,82.9,0.208445,0.086083
835.0,2028-06-16,637,put,85.76,0.209213,0.092089
840.0,2028-06-16,637,put,88.76,0.210229,0.098059
845.0,2028-06-16,637,put,91.91,0.21152,0.103994
850.0,2028-06-16,637,put,95.235,0.213149,0.109894
855.0,2028-06-16,637,put,98.605,0.214793,0.115759
860.0,2028-06-16,637,put,102.335,0.21724,0.12159
870.0,2028-06-16,637,put,109.585,0.221341,0.133151
875.0,2028-06-16,637,put,113.865,0.224896,0.138881
880.0,2028-06-16,637,put,118.515,0.229293,0.144579
900.0,2028-06-16,637,put,138.465,0.249533,0.167052
510.0,2028-12-15,819,call,306.25,0.152925,-0.400932
515.0,2028-12-15,819,call,302.06,0.158751,-0.391176
520.0,2028-12-15,819,call,298.175,0.168966,-0.381514
525.0,2028-12-15,819,call,294.17,0.174057,-0.371944
530.0,2028-12-15,819,call,290.145,0.177601,-0.362466
535.0,2028-12-15,819,call,286.25,0.181904,-0.353076
540.0,2028-12-15,819,call,282.065,0.182082,-0.343774
545.0,2028-12-15,819,call,278.14,0.184748,-0.334557
550.0,2028-12-15,819,call,274.15,0.186242,-0.325424
555.0,2028-12-15,819,call,270.19,0.187634,-0.316375
560.0,2028-12-15,819,call,266.165,0.188147,-0.307406
565.0,2028-12-15,819,call,262.21,0.188977,-0.298517
570.0,2028-12-15,819,call,258.25,0.18951,-0.289706
575.0,2028-12-15,819,call,254.315,0.189995,-0.280973
580.0,2028-12-15,819,call,250.37,0.190199,-0.272315
585.0,2028-12-15,819,call,246.65,0.191649,-0.263731
590.0,2028-12-15,819,call,242.745,0.191687,-0.25522
595.0,2028-12-15,819,call,238.795,0.1913,-0.246781
600.0,2028-12-15,819,call,235.13,0.192375,-0.238413
605.0,2028-12-15,819,call,231.225,0.191927,-0.230114
610.0,2028-12-15,819,call,227.345,0.191488,-0.221884
615.0,2028-12-15,819,call,223.74,0.192297,-0.21372
620.0,2028-12-15,819,call,219.88,0.191679,-0.205623
625.0,2028-12-15,819,call,216.24,0.191976,-0.197591
630.0,2028-12-15,819,call,212.43,0.191347,-0.189623
635.0,2028-12-15,819,call,208.815,0.191463,-0.181718
640.0,2028-12-15,819,call,204.985,0.190525,-0.173874
645.0,2028-12-15,819,call,201.44,0.190672,-0.166092
650.0,2028-12-15,819,call,197.91,0.190734,-0.15837
655.0,2028-12-15,819,call,194.1,0.189573,-0.150707
660.0,2028-12-15,819,call,190.565,0.189379,-0.143103
665.0,2028-12-15,819,call,187.025,0.189046,-0.135556
670.0,2028-12-15,819,call,183.49,0.188617,-0.128065
675.0,2028-12-15,819,call,179.92,0.187959,-0.12063
680.0,2028-12-15,819,call,176.33,0.187136,-0.11325
685.0,2028-12-15,819,call,172.885,0.186712,-0.105924
690.0,2028-12-15,819,call,169.4,0.186051,-0.098651
695.0,2028-12-15,819,call,165.93,0.185344,-0.091431
700.0,2028-12-15,819,call,162.48,0.184608,-0.084262
705.0,2028-12-15,819,call,159.025,0.183766,-0.077145
710.0,2028-12-15,819,call,155.625,0.183005,-0.070078
715.0,2028-12-15,819,call,152.02,0.181544,-0.06306
720.0,2028-12-15,819,call,148.885,0.181393,-0.056091
725.0,2028-12-15,819,call,145.61,0.180731,-0.049171
730.0,2028-12-15,819,call,142.26,0.179764,-0.042298
735.0,2028-12-15,819,call,139.035,0.179063,-0.035472
740.0,2028-12-15,819,call,135.785,0.178204,-0.028692
745.0,2028-12-15,819,call,132.535,0.177259,-0.021958
750.0,2028-12-15,819,call,129.375,0.17647,-0.015269
755.0,2028-12-15,819,call,125.635,0.174076,-0.008625
760.0,2028-12-15,819,call,122.525,0.173265,-0.002024
765.0,2028-12-15,819,call,119.8,0.173348,0.004533
770.0,2028-12-15,819,call,116.265,0.171282,0.011048
775.0,2028-12-15,819,call,113.215,0.170366,0.01752
780.0,2028-12-15,819,call,110.185,0.169413,0.023951
785.0,2028-12-15,819,call,107.2,0.168485,0.030341
790.0,2028-12-15,819,call,104.23,0.167507,0.03669
795.0,2028-12-15,819,call,101.27,0.166468,0.042999
800.0,2028-12-15,819,call,98.53,0.165864,0.049269
805.0,2028-12-15,819,call,96.16,0.166032,0.0555
810.0,2028-12-15,819,call,93.3,0.164958,0.061692
815.0,2028-12-15,819,call,90.655,0.164294,0.067845
820.0,2028-12-15,819,call,87.325,0.161974,0.073962
825.0,2028-12-15,819,call,84.75,0.161298,0.080041
830.0,2028-12-15,819,call,82.0,0.160134,0.086083
835.0,2028-12-15,819,call,79.395,0.159209,0.092089
840.0,2028-12-15,819,call,77.53,0.159846,0.098059
845.0,2028-12-15,819,call,74.98,0.158855,0.103994
850.0,2028-12-15,819,call,72.535,0.158007,0.109894
855.0,2028-12-15,819,call,70.065,0.157011,0.115759
860.0,2028-12-15,819,call,67.7,0.156156,0.12159
865.0,2028-12-15,819,call,65.36,0.155262,0.127387
870.0,2028-12-15,819,call,63.06,0.154363,0.133151
875.0,2028-12-15,819,call,60.8,0.153457,0.138881
880.0,2028-12-15,819,call,58.61,0.152611,0.144579
885.0,2028-12-15,819,call,56.45,0.151735,0.150245
890.0,2028-12-15,819,call,54.345,0.150883,0.155879
895.0,2028-12-15,819,call,52.295,0.150057,0.161481
900.0,2028-12-15,819,call,50.22,0.149077,0.167052
905.0,2028-12-15,819,call,48.34,0.148432,0.172592
910.0,2028-12-15,819,call,46.435,0.147634,0.178102
915.0,2028-12-15,819,call,44.575,0.146837,0.183581
920.0,2028-12-15,819,call,42.82,0.146178,0.189031
925.0,2028-12-15,819,call,41.035,0.145351,0.194451
930.0,2028-12-15,819,call,39.38,0.144721,0.199842
935.0,2028-12-15,819,call,37.735,0.144015,0.205204
940.0,2028-12-15,819,call,36.14,0.143324,0.210537
945.0,2028-12-15,819,call,34.63,0.142732,0.215842
950.0,2028-12-15,819,call,33.2,0.142231,0.221119
955.0,2028-12-15,819,call,31.745,0.141571,0.226369
960.0,2028-12-15,819,call,30.385,0.141041,0.231591
965.0,2028-12-15,819,call,29.13,0.14067,0.236785
970.0,2028-12-15,819,call,27.8,0.140016,0.241953
975.0,2028-12-15,819,call,26.58,0.139539,0.247095
980.0,2028-12-15,819,call,25.43,0.139143,0.25221
985.0,2028-12-15,819,call,24.305,0.138717,0.257299
990.0,2028-12-15,819,call,23.225,0.138313,0.262362
995.0,2028-12-15,819,call,22.2,0.137961,0.2674
1000.0,2028-12-15,819,call,21.215,0.137625,0.272413
1005.0,2028-12-15,819,call,20.275,0.137321,0.2774
1010.0,2028-12-15,819,call,19.36,0.136997,0.282363
1015.0,2028-12-15,819,call,18.51,0.136768,0.287301
1020.0,2028-12-15,819,call,17.685,0.136524,0.292215
1025.0,2028-12-15,819,call,16.86,0.13619,0.297105
1030.0,2028-12-15,819,call,16.115,0.136012,0.301971
1035.0,2028-12-15,819,call,15.4,0.135842,0.306814
1040.0,2028-12-15,819,call,14.71,0.135667,0.311633
1045.0,2028-12-15,819,call,14.04,0.135473,0.316429
1050.0,2028-12-15,819,call,13.415,0.135346,0.321203
1055.0,2028-12-15,819,call,12.815,0.135224,0.325953
1060.0,2028-12-15,819,call,12.245,0.135126,0.330682
1065.0,2028-12-15,819,call,11.695,0.135021,0.335387
1070.0,2028-12-15,819,call,11.17,0.134929,0.340071
1075.0,2028-12-15,819,call,10.67,0.134854,0.344733
1080.0,2028-12-15,819,call,10.19,0.13478,0.349374
1085.0,2028-12-15,819,call,9.745,0.13477,0.353993
1090.0,2028-12-15,819,call,9.315,0.13475,0.35859
1095.0,2028-12-15,819,call,8.895,0.134699,0.363167
1100.0,2028-12-15,819,call,8.5,0.134683,0.367723
1105.0,2028-12-15,819,call,8.13,0.134707,0.372258
1110.0,2028-12-15,819,call,7.78,0.134754,0.376773
1115.0,2028-12-15,819,call,7.42,0.134688,0.381267
1120.0,2028-12-15,819,call,7.105,0.134767,0.385741
1125.0,2028-12-15,819,call,6.795,0.134807,0.390196
1130.0,2028-12-15,819,call,6.505,0.134885,0.39463
1135.0,2028-12-15,819,call,6.225,0.134953,0.399045
1140.0,2028-12-15,819,call,5.955,0.135013,0.403441
1150.0,2028-12-15,819,call,5.46,0.1352,0.412175
1160.0,2028-12-15,819,call,5.015,0.135448,0.420833
1170.0,2028-12-15,819,call,4.605,0.135691,0.429416
1180.0,2028-12-15,819,call,4.23,0.135946,0.437927
1190.0,2028-12-15,819,call,3.9,0.136305,0.446366
1200.0,2028-12-15,819,call,3.585,0.136579,0.454734
1210.0,2028-12-15,819,call,3.305,0.136928,0.463033
1220.0,2028-12-15,819,call,3.065,0.137425,0.471263
1230.0,2028-12-15,819,call,2.845,0.137934,0.479427
1240.0,2028-12-15,819,call,2.625,0.138281,0.487524
1250.0,2028-12-15,819,call,2.445,0.138853,0.495556
1260.0,2028-12-15,819,call,2.275,0.139385,0.503524
1270.0,2028-12-15,819,call,2.11,0.139828,0.51143
1280.0,2028-12-15,819,call,1.97,0.140413,0.519273
1290.0,2028-12-15,819,call,1.85,0.141116,0.527055
1300.0,2028-12-15,819,call,1.725,0.141641,0.534777
1310.0,2028-12-15,819,call,1.615,0.142243,0.54244
1320.0,2028-12-15,819,call,1.52,0.142945,0.550044
1330.0,2028-12-15,819,call,1.425,0.143544,0.557592
1340.0,2028-12-15,819,call,1.345,0.144272,0.565082
1350.0,2028-12-15,819,call,1.27,0.144991,0.572517
1360.0,2028-12-15,819,call,1.2,0.145706,0.579897
1370.0,2028-12-15,819,call,1.14,0.146516,0.587223
1380.0,2028-12-15,819,call,1.09,0.14744,0.594496
1390.0,2028-12-15,819,call,1.04,0.1483,0.601716
1400.0,2028-12-15,819,call,0.995,0.149197,0.608885
1410.0,2028-12-15,819,call,0.96,0.150245,0.616002
1420.0,2028-12-15,819,call,0.925,0.151246,0.623069
1430.0,2028-12-15,819,call,0.89,0.152199,0.630087
1440.0,2028-12-15,819,call,0.86,0.153219,0.637056
1450.0,2028-12-15,819,call,0.83,0.154196,0.643976
1460.0,2028-12-15,819,call,0.805,0.155252,0.650849
1470.0,2028-12-15,819,call,0.78,0.156272,0.657675
1480.0,2028-12-15,819,call,0.735,0.156724,0.664455
50.0,2028-12-15,819,put,0.07,0.639172,-2.72332
60.0,2028-12-15,819,put,0.095,0.612865,-2.540998
70.0,2028-12-15,819,put,0.125,0.590887,-2.386847
80.0,2028-12-15,819,put,0.165,0.573598,-2.253316
90.0,2028-12-15,819,put,0.215,0.559071,-2.135533
100.0,2028-12-15,819,put,0.275,0.546285,-2.030172
110.0,2028-12-15,819,put,0.35,0.535543,-1.934862
120.0,2028-12-15,819,put,0.435,0.525346,-1.847851
130.0,2028-12-15,819,put,0.525,0.515018,-1.767808
140.0,2028-12-15,819,put,0.625,0.505266,-1.6937
150.0,2028-12-15,819,put,0.735,0.495985,-1.624707
160.0,2028-12-15,819,put,0.85,0.486727,-1.560169
170.0,2028-12-15,819,put,0.975,0.477902,-1.499544
180.0,2028-12-15,819,put,1.1,0.468856,-1.442386
190.0,2028-12-15,819,put,1.415,0.469328,-1.388319
200.0,2028-12-15,819,put,1.375,0.451784,-1.337025
210.0,2028-12-15,819,put,1.525,0.443681,-1.288235
220.0,2028-12-15,819,put,1.715,0.43706,-1.241715
230.0,2028-12-15,819,put,1.845,0.428017,-1.197263
240.0,2028-12-15,819,put,2.025,0.42077,-1.154704
250.0,2028-12-15,819,put,2.205,0.413427,-1.113882
260.0,2028-12-15,819,put,2.395,0.406316,-1.074661
270.0,2028-12-15,819,put,2.6,0.399538,-1.036921
280.0,2028-12-15,819,put,2.81,0.392804,-1.000553
290.0,2028-12-15,819,put,3.035,0.386345,-0.965462
300.0,2028-12-15,819,put,3.265,0.379913,-0.93156
310.0,2028-12-15,819,put,3.51,0.373712,-0.89877
320.0,2028-12-15,819,put,3.77,0.36771,-0.867022
325.0,2028-12-15,819,put,3.905,0.364764,-0.851517
330.0,2028-12-15,819,put,4.04,0.361795,-0.83625
335.0,2028-12-15,819,put,4.175,0.358807,-0.821212
340.0,2028-12-15,819,put,4.325,0.35604,-0.806397
345.0,2028-12-15,819,put,4.475,0.353245,-0.791798
350.0,2028-12-15,819,put,4.62,0.35035,-0.77741
355.0,2028-12-15,819,put,4.775,0.347583,-0.763225
360.0,2028-12-15,819,put,4.935,0.344862,-0.749239
365.0,2028-12-15,819,put,5.095,0.342116,-0.735445
370.0,2028-12-15,819,put,5.265,0.33948,-0.72184
375.0,2028-12-15,819,put,5.435,0.336817,-0.708417
380.0,2028-12-15,819,put,5.62,0.334316,-0.695171
385.0,2028-12-15,819,put,5.8,0.331722,-0.682099
390.0,2028-12-15,819,put,5.99,0.32922,-0.669196
395.0,2028-12-15,819,put,6.19,0.326802,-0.656457
400.0,2028-12-15,819,put,6.385,0.324295,-0.643878
405.0,2028-12-15,819,put,6.59,0.321868,-0.631456
410.0,2028-12-15,819,put,6.8,0.319462,-0.619186
415.0,2028-12-15,819,put,7.015,0.317077,-0.607064
420.0,2028-12-15,819,put,7.255,0.314907,-0.595088
425.0,2028-12-15,819,put,7.48,0.312552,-0.583254
430.0,2028-12-15,819,put,7.725,0.310352,-0.571557
435.0,2028-12-15,819,put,7.975,0.30816,-0.559997
440.0,2028-12-15,819,put,8.23,0.305974,-0.548568
445.0,2028-12-15,819,put,8.5,0.30388,-0.537268
450.0,2028-12-15,819,put,8.78,0.301828,-0.526095
455.0,2028-12-15,819,put,9.06,0.299733,-0.515045
460.0,2028-12-15,819,put,9.36,0.297758,-0.504116
465.0,2028-12-15,819,put,9.665,0.295776,-0.493305
470.0,2028-12-15,819,put,9.98,0.293825,-0.48261
475.0,2028-12-15,819,put,10.305,0.291902,-0.472028
480.0,2028-12-15,819,put,10.635,0.289969,-0.461557
485.0,2028-12-15,819,put,10.985,0.288132,-0.451194
490.0,2028-12-15,819,put,11.325,0.286176,-0.440937
495.0,2028-12-15,819,put,11.71,0.284478,-0.430785
500.0,2028-12-15,819,put,12.09,0.282692,-0.420735
505.0,2028-12-15,819,put,12.485,0.280951,-0.410784
510.0,2028-12-15,819,put,12.88,0.279159,-0.400932
515.0,2028-12-15,819,put,13.295,0.277439,-0.391176
520.0,2028-12-15,819,put,13.715,0.275697,-0.381514
525.0,2028-12-15,819,put,14.15,0.273991,-0.371944
530.0,2028-12-15,819,put,14.62,0.27243,-0.362466
535.0,2028-12-15,819,put,15.095,0.270839,-0.353076
540.0,2028-12-15,819,put,15.57,0.269192,-0.343774
545.0,2028-12-15,819,put,16.07,0.267624,-0.334557
550.0,2028-12-15,819,put,16.57,0.266,-0.325424
555.0,2028-12-15,819,put,17.105,0.264498,-0.316375
560.0,2028-12-15,819,put,17.635,0.262914,-0.307406
565.0,2028-12-15,819,put,18.205,0.261466,-0.298517
570.0,2028-12-15,819,put,18.765,0.259913,-0.289706
575.0,2028-12-15,819,put,19.355,0.258443,-0.280973
580.0,2028-12-15,819,put,19.965,0.257004,-0.272315
585.0,2028-12-15,819,put,20.615,0.255681,-0.263731
590.0,2028-12-15,819,put,21.255,0.254253,-0.25522
595.0,2028-12-15,819,put,21.905,0.252808,-0.246781
600.0,2028-12-15,819,put,22.575,0.251388,-0.238413
605.0,2028-12-15,819,put,23.275,0.25003,-0.230114
610.0,2028-12-15,819,put,24.015,0.24877,-0.221884
615.0,2028-12-15,819,put,24.735,0.247369,-0.21372
620.0,2028-12-15,819,put,25.54,0.246232,-0.205623
625.0,2028-12-15,819,put,26.31,0.244897,-0.197591
630.0,2028-12-15,819,put,27.095,0.243556,-0.189623
635.0,2028-12-15,819,put,27.935,0.242352,-0.181718
640.0,2028-12-15,819,put,28.78,0.241102,-0.173874
645.0,2028-12-15,819,put,29.67,0.239944,-0.166092
650.0,2028-12-15,819,put,30.565,0.238738,-0.15837
655.0,2028-12-15,819,put,31.495,0.237584,-0.150707
660.0,2028-12-15,819,put,32.41,0.236315,-0.143103
665.0,2028-12-15,819,put,33.395,0.235212,-0.135556
670.0,2028-12-15,819,put,34.42,0.234168,-0.128065
675.0,2028-12-15,819,put,35.44,0.23304,-0.12063
680.0,2028-12-15,819,put,36.485,0.231923,-0.11325
685.0,2028-12-15,819,put,37.59,0.230922,-0.105924
690.0,2028-12-15,819,put,38.715,0.229912,-0.098651
695.0,2028-12-15,819,put,39.84,0.228832,-0.091431
700.0,2028-12-15,819,put,41.075,0.228006,-0.084262
705.0,2028-12-15,819,put,42.255,0.226948,-0.077145
710.0,2028-12-15,819,put,43.485,0.225963,-0.070078
715.0,2028-12-15,819,put,44.84,0.225259,-0.06306
720.0,2028-12-15,819,put,46.165,0.224395,-0.056091
725.0,2028-12-15,819,put,47.51,0.223514,-0.049171
730.0,2028-12-15,819,put,48.88,0.222629,-0.042298
735.0,2028-12-15,819,put,50.345,0.221924,-0.035472
740.0,2028-12-15,819,put,51.835,0.221211,-0.028692
745.0,2028-12-15,819,put,53.33,0.220435,-0.021958
750.0,2028-12-15,819,put,54.93,0.219856,-0.015269
755.0,2028-12-15,819,put,56.525,0.219188,-0.008625
760.0,2028-12-15,819,put,58.205,0.218658,-0.002024
765.0,2028-12-15,819,put,59.925,0.218151,0.004533
770.0,2028-12-15,819,put,61.69,0.217678,0.011048
775.0,2028-12-15,819,put,63.495,0.217226,0.01752
780.0,2028-12-15,819,put,65.355,0.216829,0.023951
785.0,2028-12-15,819,put,67.29,0.216536,0.030341
790.0,2028-12-15,819,put,69.345,0.216449,0.03669
795.0,2028-12-15,819,put,71.415,0.216317,0.042999
800.0,2028-12-15,819,put,73.485,0.216106,0.049269
805.0,2028-12-15,819,put,75.705,0.216167,0.0555
810.0,2028-12-15,819,put,78.0,0.216321,0.061692
815.0,2028-12-15,819,put,80.43,0.216705,0.067845
820.0,2028-12-15,819,put,82.875,0.217043,0.073962
825.0,2028-12-15,819,put,85.385,0.217449,0.080041
830.0,2028-12-15,819,put,88.0,0.218014,0.086083
835.0,2028-12-15,819,put,90.78,0.218871,0.092089
840.0,2028-12-15,819,put,93.61,0.219761,0.098059
845.0,2028-12-15,819,put,96.465,0.220629,0.103994
850.0,2028-12-15,819,put,99.515,0.221856,0.109894
855.0,2028-12-15,819,put,102.69,0.223284,0.115759
860.0,2028-12-15,819,put,105.905,0.224725,0.12159
865.0,2028-12-15,819,put,109.365,0.226635,0.127387
870.0,2028-12-15,819,put,112.885,0.228605,0.133151
875.0,2028-12-15,819,put,116.52,0.230757,0.138881
880.0,2028-12-15,819,put,120.385,0.233347,0.144579
885.0,2028-12-15,819,put,124.465,0.236343,0.150245
890.0,2028-12-15,819,put,129.065,0.240417,0.155879
895.0,2028-12-15,819,put,133.465,0.243986,0.161481
900.0,2028-12-15,819,put,138.48,0.248847,0.167052
910.0,2028-12-15,819,put,148.465,0.258292,0.178102
915.0,2028-12-15,819,put,153.465,0.262949,0.183581
925.0,2028-12-15,819,put,163.465,0.272107,0.194451
940.0,2028-12-15,819,put,178.465,0.285488,0.210537
950.0,2028-12-15,819,put,188.465,0.294192,0.221119
980.0,2028-12-15,819,put,218.465,0.319381,0.25221
